SampleID,Time,Place,Reads_fraction,Species,Genus,Family,Phylum
april_BC01,april,BC01,0.1,706,386,186,27
april_BC01,april,BC01,0.1,693,379,173,24
april_BC01,april,BC01,0.1,707,390,184,26
april_BC01,april,BC01,0.1,699,380,171,22
april_BC01,april,BC01,0.1,709,404,195,22
april_BC01,april,BC01,0.1,704,384,182,23
april_BC01,april,BC01,0.1,729,396,190,23
april_BC01,april,BC01,0.1,692,383,192,30
april_BC01,april,BC01,0.1,691,385,180,26
april_BC01,april,BC01,0.1,714,397,188,24
april_BC01,april,BC01,0.2,1004,518,229,31
april_BC01,april,BC01,0.2,1010,514,230,33
april_BC01,april,BC01,0.2,1023,530,236,33
april_BC01,april,BC01,0.2,1012,518,237,32
april_BC01,april,BC01,0.2,980,515,220,30
april_BC01,april,BC01,0.2,1015,510,225,33
april_BC01,april,BC01,0.2,1028,530,227,30
april_BC01,april,BC01,0.2,974,517,233,31
april_BC01,april,BC01,0.2,1027,528,227,31
april_BC01,april,BC01,0.2,1011,535,240,32
april_BC01,april,BC01,0.3,1201,605,250,35
april_BC01,april,BC01,0.3,1245,613,250,36
april_BC01,april,BC01,0.3,1247,603,253,34
april_BC01,april,BC01,0.3,1216,616,255,34
april_BC01,april,BC01,0.3,1206,583,246,32
april_BC01,april,BC01,0.3,1211,621,255,35
april_BC01,april,BC01,0.3,1229,605,246,32
april_BC01,april,BC01,0.3,1247,605,253,35
april_BC01,april,BC01,0.3,1250,599,249,34
april_BC01,april,BC01,0.3,1221,626,258,32
april_BC01,april,BC01,0.4,1379,663,264,35
april_BC01,april,BC01,0.4,1391,668,266,35
april_BC01,april,BC01,0.4,1368,661,273,35
april_BC01,april,BC01,0.4,1373,655,263,34
april_BC01,april,BC01,0.4,1393,673,272,37
april_BC01,april,BC01,0.4,1386,682,271,35
april_BC01,april,BC01,0.4,1365,657,266,35
april_BC01,april,BC01,0.4,1372,662,271,35
april_BC01,april,BC01,0.4,1379,660,265,33
april_BC01,april,BC01,0.4,1396,678,271,36
april_BC01,april,BC01,0.5,1501,710,277,38
april_BC01,april,BC01,0.5,1518,706,279,36
april_BC01,april,BC01,0.5,1497,708,273,36
april_BC01,april,BC01,0.5,1498,707,272,35
april_BC01,april,BC01,0.5,1488,711,285,37
april_BC01,april,BC01,0.5,1483,711,275,37
april_BC01,april,BC01,0.5,1511,705,272,34
april_BC01,april,BC01,0.5,1545,716,282,35
april_BC01,april,BC01,0.5,1508,721,278,37
april_BC01,april,BC01,0.5,1483,708,271,36
april_BC01,april,BC01,0.6,1599,740,279,37
april_BC01,april,BC01,0.6,1615,747,293,37
april_BC01,april,BC01,0.6,1584,737,282,37
april_BC01,april,BC01,0.6,1561,736,288,37
april_BC01,april,BC01,0.6,1600,725,282,36
april_BC01,april,BC01,0.6,1596,743,281,38
april_BC01,april,BC01,0.6,1618,743,283,37
april_BC01,april,BC01,0.6,1631,748,281,37
april_BC01,april,BC01,0.6,1617,742,283,38
april_BC01,april,BC01,0.6,1600,738,280,35
april_BC01,april,BC01,0.7,1685,766,293,37
april_BC01,april,BC01,0.7,1678,767,290,37
april_BC01,april,BC01,0.7,1675,760,291,37
april_BC01,april,BC01,0.7,1668,757,285,35
april_BC01,april,BC01,0.7,1674,758,285,37
april_BC01,april,BC01,0.7,1704,769,288,37
april_BC01,april,BC01,0.7,1694,771,292,38
april_BC01,april,BC01,0.7,1659,750,287,37
april_BC01,april,BC01,0.7,1658,760,287,36
april_BC01,april,BC01,0.7,1687,771,291,38
april_BC01,april,BC01,0.8,1756,785,293,38
april_BC01,april,BC01,0.8,1755,793,299,38
april_BC01,april,BC01,0.8,1758,788,297,38
april_BC01,april,BC01,0.8,1770,788,297,38
april_BC01,april,BC01,0.8,1736,777,292,38
april_BC01,april,BC01,0.8,1746,783,296,38
april_BC01,april,BC01,0.8,1746,781,294,37
april_BC01,april,BC01,0.8,1737,787,297,38
april_BC01,april,BC01,0.8,1753,775,294,38
april_BC01,april,BC01,0.8,1764,777,295,37
april_BC01,april,BC01,0.9,1795,804,297,38
april_BC01,april,BC01,0.9,1815,802,297,38
april_BC01,april,BC01,0.9,1810,800,296,38
april_BC01,april,BC01,0.9,1811,804,295,38
april_BC01,april,BC01,0.9,1814,803,300,38
april_BC01,april,BC01,0.9,1784,801,297,37
april_BC01,april,BC01,0.9,1804,804,299,38
april_BC01,april,BC01,0.9,1801,806,299,38
april_BC01,april,BC01,0.9,1796,802,297,37
april_BC01,april,BC01,0.9,1813,802,295,38
april_BC01,april,BC01,1,1861,815,300,38
april_BC01,april,BC01,1,1861,815,300,38
april_BC01,april,BC01,1,1861,815,300,38
april_BC01,april,BC01,1,1861,815,300,38
april_BC01,april,BC01,1,1861,815,300,38
april_BC01,april,BC01,1,1861,815,300,38
april_BC01,april,BC01,1,1861,815,300,38
april_BC01,april,BC01,1,1861,815,300,38
april_BC01,april,BC01,1,1861,815,300,38
april_BC01,april,BC01,1,1861,815,300,38
april_BC02,april,BC02,0.1,657,367,182,26
april_BC02,april,BC02,0.1,638,349,168,21
april_BC02,april,BC02,0.1,603,336,165,27
april_BC02,april,BC02,0.1,657,359,179,22
april_BC02,april,BC02,0.1,660,341,175,23
april_BC02,april,BC02,0.1,607,356,169,23
april_BC02,april,BC02,0.1,677,367,174,21
april_BC02,april,BC02,0.1,672,367,176,26
april_BC02,april,BC02,0.1,614,346,174,24
april_BC02,april,BC02,0.1,617,339,169,22
april_BC02,april,BC02,0.2,934,502,228,31
april_BC02,april,BC02,0.2,965,481,220,27
april_BC02,april,BC02,0.2,884,449,212,27
april_BC02,april,BC02,0.2,900,475,228,31
april_BC02,april,BC02,0.2,925,458,207,32
april_BC02,april,BC02,0.2,885,442,203,26
april_BC02,april,BC02,0.2,929,467,211,31
april_BC02,april,BC02,0.2,895,461,218,33
april_BC02,april,BC02,0.2,918,467,224,31
april_BC02,april,BC02,0.2,954,506,215,31
april_BC02,april,BC02,0.3,1090,537,234,29
april_BC02,april,BC02,0.3,1068,540,238,33
april_BC02,april,BC02,0.3,1108,540,237,31
april_BC02,april,BC02,0.3,1086,554,235,33
april_BC02,april,BC02,0.3,1083,534,233,33
april_BC02,april,BC02,0.3,1106,566,251,31
april_BC02,april,BC02,0.3,1138,567,245,35
april_BC02,april,BC02,0.3,1112,560,245,30
april_BC02,april,BC02,0.3,1098,558,239,33
april_BC02,april,BC02,0.3,1070,541,231,32
april_BC02,april,BC02,0.4,1239,629,266,34
april_BC02,april,BC02,0.4,1235,624,258,31
april_BC02,april,BC02,0.4,1204,615,253,32
april_BC02,april,BC02,0.4,1293,619,261,34
april_BC02,april,BC02,0.4,1241,617,257,32
april_BC02,april,BC02,0.4,1247,616,251,35
april_BC02,april,BC02,0.4,1251,605,259,31
april_BC02,april,BC02,0.4,1247,623,259,35
april_BC02,april,BC02,0.4,1299,624,254,34
april_BC02,april,BC02,0.4,1266,607,263,33
april_BC02,april,BC02,0.5,1355,641,265,35
april_BC02,april,BC02,0.5,1416,660,276,35
april_BC02,april,BC02,0.5,1343,644,267,35
april_BC02,april,BC02,0.5,1355,643,267,35
april_BC02,april,BC02,0.5,1362,653,270,35
april_BC02,april,BC02,0.5,1375,661,266,36
april_BC02,april,BC02,0.5,1387,651,268,35
april_BC02,april,BC02,0.5,1368,676,276,35
april_BC02,april,BC02,0.5,1358,642,269,35
april_BC02,april,BC02,0.5,1371,649,264,36
april_BC02,april,BC02,0.6,1474,686,279,35
april_BC02,april,BC02,0.6,1475,697,280,35
april_BC02,april,BC02,0.6,1482,699,274,36
april_BC02,april,BC02,0.6,1486,684,270,36
april_BC02,april,BC02,0.6,1482,685,272,36
april_BC02,april,BC02,0.6,1462,686,279,36
april_BC02,april,BC02,0.6,1520,697,276,36
april_BC02,april,BC02,0.6,1477,693,274,36
april_BC02,april,BC02,0.6,1473,689,283,36
april_BC02,april,BC02,0.6,1489,689,280,36
april_BC02,april,BC02,0.7,1556,714,284,36
april_BC02,april,BC02,0.7,1542,717,285,36
april_BC02,april,BC02,0.7,1581,719,284,36
april_BC02,april,BC02,0.7,1558,718,282,36
april_BC02,april,BC02,0.7,1566,709,281,34
april_BC02,april,BC02,0.7,1548,724,281,36
april_BC02,april,BC02,0.7,1553,716,280,36
april_BC02,april,BC02,0.7,1556,721,285,36
april_BC02,april,BC02,0.7,1560,712,277,36
april_BC02,april,BC02,0.7,1579,721,279,36
april_BC02,april,BC02,0.8,1638,741,288,36
april_BC02,april,BC02,0.8,1657,742,286,36
april_BC02,april,BC02,0.8,1643,734,288,35
april_BC02,april,BC02,0.8,1621,741,286,36
april_BC02,april,BC02,0.8,1654,741,286,36
april_BC02,april,BC02,0.8,1605,733,287,36
april_BC02,april,BC02,0.8,1654,745,291,35
april_BC02,april,BC02,0.8,1591,731,283,36
april_BC02,april,BC02,0.8,1630,739,282,36
april_BC02,april,BC02,0.8,1651,742,283,36
april_BC02,april,BC02,0.9,1689,762,292,36
april_BC02,april,BC02,0.9,1702,758,288,36
april_BC02,april,BC02,0.9,1703,769,293,36
april_BC02,april,BC02,0.9,1701,761,291,36
april_BC02,april,BC02,0.9,1712,768,290,36
april_BC02,april,BC02,0.9,1711,765,290,36
april_BC02,april,BC02,0.9,1710,764,292,36
april_BC02,april,BC02,0.9,1708,770,293,36
april_BC02,april,BC02,0.9,1690,764,292,36
april_BC02,april,BC02,0.9,1714,762,286,36
april_BC02,april,BC02,1,1761,779,294,36
april_BC02,april,BC02,1,1761,779,294,36
april_BC02,april,BC02,1,1761,779,294,36
april_BC02,april,BC02,1,1761,779,294,36
april_BC02,april,BC02,1,1761,779,294,36
april_BC02,april,BC02,1,1761,779,294,36
april_BC02,april,BC02,1,1761,779,294,36
april_BC02,april,BC02,1,1761,779,294,36
april_BC02,april,BC02,1,1761,779,294,36
april_BC02,april,BC02,1,1761,779,294,36
april_BC03,april,BC03,0.1,2106,896,319,38
april_BC03,april,BC03,0.1,2093,889,313,37
april_BC03,april,BC03,0.1,2085,888,317,39
april_BC03,april,BC03,0.1,2120,893,318,38
april_BC03,april,BC03,0.1,2061,883,313,37
april_BC03,april,BC03,0.1,2095,886,318,39
april_BC03,april,BC03,0.1,2116,884,312,37
april_BC03,april,BC03,0.1,2082,891,315,38
april_BC03,april,BC03,0.1,2069,890,316,38
april_BC03,april,BC03,0.1,2083,882,314,37
april_BC03,april,BC03,0.2,2358,945,329,38
april_BC03,april,BC03,0.2,2376,943,324,38
april_BC03,april,BC03,0.2,2387,943,326,39
april_BC03,april,BC03,0.2,2372,944,326,39
april_BC03,april,BC03,0.2,2331,944,323,39
april_BC03,april,BC03,0.2,2333,940,323,38
april_BC03,april,BC03,0.2,2361,932,322,40
april_BC03,april,BC03,0.2,2334,942,327,38
april_BC03,april,BC03,0.2,2370,952,327,39
april_BC03,april,BC03,0.2,2371,955,329,38
april_BC03,april,BC03,0.3,2497,955,324,38
april_BC03,april,BC03,0.3,2473,954,329,38
april_BC03,april,BC03,0.3,2490,965,330,40
april_BC03,april,BC03,0.3,2487,953,329,39
april_BC03,april,BC03,0.3,2484,954,326,38
april_BC03,april,BC03,0.3,2506,964,329,38
april_BC03,april,BC03,0.3,2525,960,327,39
april_BC03,april,BC03,0.3,2527,957,326,38
april_BC03,april,BC03,0.3,2490,966,332,38
april_BC03,april,BC03,0.3,2499,961,330,39
april_BC03,april,BC03,0.4,2601,980,333,40
april_BC03,april,BC03,0.4,2553,973,334,40
april_BC03,april,BC03,0.4,2560,965,329,38
april_BC03,april,BC03,0.4,2570,968,331,38
april_BC03,april,BC03,0.4,2591,971,333,38
april_BC03,april,BC03,0.4,2572,974,332,39
april_BC03,april,BC03,0.4,2593,973,330,39
april_BC03,april,BC03,0.4,2590,978,333,40
april_BC03,april,BC03,0.4,2579,976,328,39
april_BC03,april,BC03,0.4,2581,961,328,38
april_BC03,april,BC03,0.5,2642,984,336,39
april_BC03,april,BC03,0.5,2631,983,333,40
april_BC03,april,BC03,0.5,2652,981,335,39
april_BC03,april,BC03,0.5,2644,982,337,39
april_BC03,april,BC03,0.5,2628,981,336,39
april_BC03,april,BC03,0.5,2664,973,332,39
april_BC03,april,BC03,0.5,2661,980,330,39
april_BC03,april,BC03,0.5,2662,986,336,40
april_BC03,april,BC03,0.5,2631,979,337,38
april_BC03,april,BC03,0.5,2642,978,332,39
april_BC03,april,BC03,0.6,2694,989,335,40
april_BC03,april,BC03,0.6,2702,994,336,40
april_BC03,april,BC03,0.6,2687,988,336,40
april_BC03,april,BC03,0.6,2686,983,336,39
april_BC03,april,BC03,0.6,2698,983,338,39
april_BC03,april,BC03,0.6,2664,986,336,39
april_BC03,april,BC03,0.6,2690,986,335,39
april_BC03,april,BC03,0.6,2669,989,338,39
april_BC03,april,BC03,0.6,2699,993,337,40
april_BC03,april,BC03,0.6,2667,987,337,40
april_BC03,april,BC03,0.7,2729,983,336,39
april_BC03,april,BC03,0.7,2705,990,337,39
april_BC03,april,BC03,0.7,2729,994,337,40
april_BC03,april,BC03,0.7,2708,990,335,40
april_BC03,april,BC03,0.7,2740,993,337,40
april_BC03,april,BC03,0.7,2742,994,339,40
april_BC03,april,BC03,0.7,2725,987,335,40
april_BC03,april,BC03,0.7,2718,985,336,39
april_BC03,april,BC03,0.7,2705,986,338,40
april_BC03,april,BC03,0.7,2729,989,338,39
april_BC03,april,BC03,0.8,2740,991,339,39
april_BC03,april,BC03,0.8,2746,994,336,40
april_BC03,april,BC03,0.8,2741,995,340,40
april_BC03,april,BC03,0.8,2756,999,339,40
april_BC03,april,BC03,0.8,2744,992,337,39
april_BC03,april,BC03,0.8,2759,996,337,40
april_BC03,april,BC03,0.8,2744,991,337,39
april_BC03,april,BC03,0.8,2762,995,339,39
april_BC03,april,BC03,0.8,2755,999,340,40
april_BC03,april,BC03,0.8,2758,996,338,40
april_BC03,april,BC03,0.9,2786,998,337,40
april_BC03,april,BC03,0.9,2785,1002,340,40
april_BC03,april,BC03,0.9,2778,997,340,39
april_BC03,april,BC03,0.9,2783,1001,339,39
april_BC03,april,BC03,0.9,2778,998,336,40
april_BC03,april,BC03,0.9,2774,999,339,40
april_BC03,april,BC03,0.9,2792,998,338,40
april_BC03,april,BC03,0.9,2774,997,339,39
april_BC03,april,BC03,0.9,2781,1003,340,40
april_BC03,april,BC03,0.9,2775,998,339,40
april_BC03,april,BC03,1,2801,1003,340,40
april_BC03,april,BC03,1,2801,1003,340,40
april_BC03,april,BC03,1,2801,1003,340,40
april_BC03,april,BC03,1,2801,1003,340,40
april_BC03,april,BC03,1,2801,1003,340,40
april_BC03,april,BC03,1,2801,1003,340,40
april_BC03,april,BC03,1,2801,1003,340,40
april_BC03,april,BC03,1,2801,1003,340,40
april_BC03,april,BC03,1,2801,1003,340,40
april_BC03,april,BC03,1,2801,1003,340,40
april_BC04,april,BC04,0.1,2266,916,321,38
april_BC04,april,BC04,0.1,2257,903,311,37
april_BC04,april,BC04,0.1,2224,899,314,38
april_BC04,april,BC04,0.1,2278,917,318,39
april_BC04,april,BC04,0.1,2273,919,322,40
april_BC04,april,BC04,0.1,2261,916,320,38
april_BC04,april,BC04,0.1,2228,897,313,37
april_BC04,april,BC04,0.1,2247,909,321,39
april_BC04,april,BC04,0.1,2251,922,318,38
april_BC04,april,BC04,0.1,2251,919,323,38
april_BC04,april,BC04,0.2,2452,943,325,39
april_BC04,april,BC04,0.2,2449,936,324,39
april_BC04,april,BC04,0.2,2455,943,327,38
april_BC04,april,BC04,0.2,2482,950,327,39
april_BC04,april,BC04,0.2,2450,950,328,38
april_BC04,april,BC04,0.2,2455,951,328,39
april_BC04,april,BC04,0.2,2452,939,327,39
april_BC04,april,BC04,0.2,2450,950,326,39
april_BC04,april,BC04,0.2,2487,949,332,39
april_BC04,april,BC04,0.2,2478,939,324,38
april_BC04,april,BC04,0.3,2592,969,330,39
april_BC04,april,BC04,0.3,2582,966,330,39
april_BC04,april,BC04,0.3,2576,964,334,39
april_BC04,april,BC04,0.3,2588,962,330,39
april_BC04,april,BC04,0.3,2579,962,335,39
april_BC04,april,BC04,0.3,2582,957,332,38
april_BC04,april,BC04,0.3,2585,960,333,40
april_BC04,april,BC04,0.3,2547,955,329,39
april_BC04,april,BC04,0.3,2590,961,333,39
april_BC04,april,BC04,0.3,2550,957,333,38
april_BC04,april,BC04,0.4,2614,963,332,39
april_BC04,april,BC04,0.4,2646,965,334,39
april_BC04,april,BC04,0.4,2646,973,337,40
april_BC04,april,BC04,0.4,2631,965,333,39
april_BC04,april,BC04,0.4,2650,975,338,39
april_BC04,april,BC04,0.4,2660,975,340,39
april_BC04,april,BC04,0.4,2627,967,335,39
april_BC04,april,BC04,0.4,2630,973,338,39
april_BC04,april,BC04,0.4,2645,965,337,40
april_BC04,april,BC04,0.4,2645,973,336,39
april_BC04,april,BC04,0.5,2654,968,330,40
april_BC04,april,BC04,0.5,2674,977,334,40
april_BC04,april,BC04,0.5,2684,980,336,39
april_BC04,april,BC04,0.5,2696,983,336,40
april_BC04,april,BC04,0.5,2683,974,335,39
april_BC04,april,BC04,0.5,2688,975,337,39
april_BC04,april,BC04,0.5,2684,981,333,40
april_BC04,april,BC04,0.5,2684,978,339,40
april_BC04,april,BC04,0.5,2664,973,336,39
april_BC04,april,BC04,0.5,2686,979,338,39
april_BC04,april,BC04,0.6,2711,982,340,38
april_BC04,april,BC04,0.6,2732,980,336,40
april_BC04,april,BC04,0.6,2716,982,339,39
april_BC04,april,BC04,0.6,2712,981,339,39
april_BC04,april,BC04,0.6,2743,982,336,39
april_BC04,april,BC04,0.6,2713,986,339,40
april_BC04,april,BC04,0.6,2733,980,341,39
april_BC04,april,BC04,0.6,2703,977,336,40
april_BC04,april,BC04,0.6,2738,990,340,40
april_BC04,april,BC04,0.6,2725,976,336,40
april_BC04,april,BC04,0.7,2761,987,341,40
april_BC04,april,BC04,0.7,2741,988,338,39
april_BC04,april,BC04,0.7,2755,988,338,40
april_BC04,april,BC04,0.7,2758,987,340,40
april_BC04,april,BC04,0.7,2767,988,341,40
april_BC04,april,BC04,0.7,2754,985,341,39
april_BC04,april,BC04,0.7,2756,985,340,40
april_BC04,april,BC04,0.7,2759,985,341,40
april_BC04,april,BC04,0.7,2758,981,341,39
april_BC04,april,BC04,0.7,2748,984,339,39
april_BC04,april,BC04,0.8,2774,995,342,40
april_BC04,april,BC04,0.8,2783,993,341,39
april_BC04,april,BC04,0.8,2780,994,342,40
april_BC04,april,BC04,0.8,2793,992,342,40
april_BC04,april,BC04,0.8,2782,989,340,39
april_BC04,april,BC04,0.8,2764,986,341,40
april_BC04,april,BC04,0.8,2791,995,343,40
april_BC04,april,BC04,0.8,2787,993,341,40
april_BC04,april,BC04,0.8,2784,995,342,40
april_BC04,april,BC04,0.8,2772,991,343,40
april_BC04,april,BC04,0.9,2804,996,342,40
april_BC04,april,BC04,0.9,2787,988,341,40
april_BC04,april,BC04,0.9,2796,991,343,40
april_BC04,april,BC04,0.9,2811,997,342,40
april_BC04,april,BC04,0.9,2805,996,343,40
april_BC04,april,BC04,0.9,2803,992,341,40
april_BC04,april,BC04,0.9,2807,996,343,40
april_BC04,april,BC04,0.9,2799,992,341,40
april_BC04,april,BC04,0.9,2803,993,342,40
april_BC04,april,BC04,0.9,2805,995,342,40
april_BC04,april,BC04,1,2822,997,343,40
april_BC04,april,BC04,1,2822,997,343,40
april_BC04,april,BC04,1,2822,997,343,40
april_BC04,april,BC04,1,2822,997,343,40
april_BC04,april,BC04,1,2822,997,343,40
april_BC04,april,BC04,1,2822,997,343,40
april_BC04,april,BC04,1,2822,997,343,40
april_BC04,april,BC04,1,2822,997,343,40
april_BC04,april,BC04,1,2822,997,343,40
april_BC04,april,BC04,1,2822,997,343,40
april_BC05,april,BC05,0.1,233,146,102,15
april_BC05,april,BC05,0.1,240,138,82,11
april_BC05,april,BC05,0.1,238,143,93,12
april_BC05,april,BC05,0.1,256,166,102,18
april_BC05,april,BC05,0.1,239,170,107,16
april_BC05,april,BC05,0.1,202,142,85,14
april_BC05,april,BC05,0.1,235,152,99,12
april_BC05,april,BC05,0.1,208,128,77,10
april_BC05,april,BC05,0.1,215,142,79,14
april_BC05,april,BC05,0.1,225,144,94,13
april_BC05,april,BC05,0.2,336,212,121,17
april_BC05,april,BC05,0.2,367,229,125,16
april_BC05,april,BC05,0.2,382,216,127,18
april_BC05,april,BC05,0.2,377,212,127,16
april_BC05,april,BC05,0.2,369,224,133,18
april_BC05,april,BC05,0.2,343,216,127,15
april_BC05,april,BC05,0.2,370,216,130,20
april_BC05,april,BC05,0.2,371,235,129,16
april_BC05,april,BC05,0.2,384,246,131,17
april_BC05,april,BC05,0.2,375,231,127,21
april_BC05,april,BC05,0.3,482,291,154,23
april_BC05,april,BC05,0.3,489,283,149,22
april_BC05,april,BC05,0.3,452,263,152,23
april_BC05,april,BC05,0.3,491,292,157,19
april_BC05,april,BC05,0.3,501,302,167,25
april_BC05,april,BC05,0.3,465,278,148,20
april_BC05,april,BC05,0.3,453,279,153,21
april_BC05,april,BC05,0.3,496,290,152,24
april_BC05,april,BC05,0.3,468,281,154,23
april_BC05,april,BC05,0.3,519,312,160,20
april_BC05,april,BC05,0.4,583,336,165,24
april_BC05,april,BC05,0.4,585,349,177,24
april_BC05,april,BC05,0.4,595,344,174,24
april_BC05,april,BC05,0.4,546,309,163,22
april_BC05,april,BC05,0.4,590,334,173,25
april_BC05,april,BC05,0.4,600,354,183,25
april_BC05,april,BC05,0.4,592,350,180,22
april_BC05,april,BC05,0.4,579,341,185,25
april_BC05,april,BC05,0.4,594,345,171,25
april_BC05,april,BC05,0.4,579,330,169,22
april_BC05,april,BC05,0.5,659,383,183,23
april_BC05,april,BC05,0.5,657,386,192,27
april_BC05,april,BC05,0.5,668,382,199,28
april_BC05,april,BC05,0.5,702,392,195,24
april_BC05,april,BC05,0.5,642,363,190,25
april_BC05,april,BC05,0.5,674,372,191,24
april_BC05,april,BC05,0.5,697,392,194,24
april_BC05,april,BC05,0.5,676,403,197,24
april_BC05,april,BC05,0.5,661,384,187,25
april_BC05,april,BC05,0.5,673,373,188,26
april_BC05,april,BC05,0.6,733,389,188,24
april_BC05,april,BC05,0.6,776,421,206,28
april_BC05,april,BC05,0.6,753,418,205,24
april_BC05,april,BC05,0.6,736,415,201,30
april_BC05,april,BC05,0.6,736,417,202,27
april_BC05,april,BC05,0.6,726,421,201,26
april_BC05,april,BC05,0.6,761,427,204,29
april_BC05,april,BC05,0.6,755,434,198,27
april_BC05,april,BC05,0.6,744,414,205,26
april_BC05,april,BC05,0.6,776,431,214,25
april_BC05,april,BC05,0.7,834,448,212,27
april_BC05,april,BC05,0.7,794,455,218,29
april_BC05,april,BC05,0.7,840,465,214,27
april_BC05,april,BC05,0.7,820,455,218,31
april_BC05,april,BC05,0.7,803,440,210,29
april_BC05,april,BC05,0.7,811,438,207,26
april_BC05,april,BC05,0.7,825,450,211,28
april_BC05,april,BC05,0.7,809,455,212,28
april_BC05,april,BC05,0.7,831,455,211,28
april_BC05,april,BC05,0.7,838,461,217,28
april_BC05,april,BC05,0.8,865,478,223,30
april_BC05,april,BC05,0.8,897,482,216,28
april_BC05,april,BC05,0.8,859,464,212,29
april_BC05,april,BC05,0.8,880,488,229,30
april_BC05,april,BC05,0.8,892,486,221,30
april_BC05,april,BC05,0.8,890,489,223,30
april_BC05,april,BC05,0.8,880,485,221,29
april_BC05,april,BC05,0.8,888,490,226,31
april_BC05,april,BC05,0.8,876,485,223,30
april_BC05,april,BC05,0.8,873,485,220,31
april_BC05,april,BC05,0.9,944,514,230,31
april_BC05,april,BC05,0.9,950,507,231,30
april_BC05,april,BC05,0.9,948,506,230,30
april_BC05,april,BC05,0.9,933,510,228,29
april_BC05,april,BC05,0.9,918,496,227,31
april_BC05,april,BC05,0.9,938,503,228,30
april_BC05,april,BC05,0.9,918,502,225,31
april_BC05,april,BC05,0.9,940,516,233,31
april_BC05,april,BC05,0.9,939,512,231,30
april_BC05,april,BC05,0.9,938,506,232,31
april_BC05,april,BC05,1,997,534,236,31
april_BC05,april,BC05,1,997,534,236,31
april_BC05,april,BC05,1,997,534,236,31
april_BC05,april,BC05,1,997,534,236,31
april_BC05,april,BC05,1,997,534,236,31
april_BC05,april,BC05,1,997,534,236,31
april_BC05,april,BC05,1,997,534,236,31
april_BC05,april,BC05,1,997,534,236,31
april_BC05,april,BC05,1,997,534,236,31
april_BC05,april,BC05,1,997,534,236,31
april_BC06,april,BC06,0.1,1843,830,307,39
april_BC06,april,BC06,0.1,1844,818,306,39
april_BC06,april,BC06,0.1,1867,826,304,38
april_BC06,april,BC06,0.1,1863,831,307,39
april_BC06,april,BC06,0.1,1863,826,307,39
april_BC06,april,BC06,0.1,1893,818,305,38
april_BC06,april,BC06,0.1,1870,819,310,39
april_BC06,april,BC06,0.1,1872,812,301,39
april_BC06,april,BC06,0.1,1845,819,304,38
april_BC06,april,BC06,0.1,1863,822,306,38
april_BC06,april,BC06,0.2,2157,902,320,40
april_BC06,april,BC06,0.2,2148,893,322,40
april_BC06,april,BC06,0.2,2154,900,324,40
april_BC06,april,BC06,0.2,2143,890,319,39
april_BC06,april,BC06,0.2,2196,899,319,41
april_BC06,april,BC06,0.2,2142,903,318,39
april_BC06,april,BC06,0.2,2187,895,315,40
april_BC06,april,BC06,0.2,2166,885,319,39
april_BC06,april,BC06,0.2,2154,891,315,40
april_BC06,april,BC06,0.2,2139,898,317,39
april_BC06,april,BC06,0.3,2338,935,328,41
april_BC06,april,BC06,0.3,2319,935,326,39
april_BC06,april,BC06,0.3,2322,924,325,39
april_BC06,april,BC06,0.3,2290,912,322,39
april_BC06,april,BC06,0.3,2280,925,327,40
april_BC06,april,BC06,0.3,2313,926,324,39
april_BC06,april,BC06,0.3,2295,926,323,40
april_BC06,april,BC06,0.3,2270,926,324,40
april_BC06,april,BC06,0.3,2286,933,324,39
april_BC06,april,BC06,0.3,2320,930,325,40
april_BC06,april,BC06,0.4,2371,951,324,39
april_BC06,april,BC06,0.4,2415,953,329,39
april_BC06,april,BC06,0.4,2425,951,328,40
april_BC06,april,BC06,0.4,2419,951,330,39
april_BC06,april,BC06,0.4,2402,944,330,40
april_BC06,april,BC06,0.4,2391,945,325,40
april_BC06,april,BC06,0.4,2413,950,333,39
april_BC06,april,BC06,0.4,2384,952,329,40
april_BC06,april,BC06,0.4,2409,944,328,40
april_BC06,april,BC06,0.4,2394,942,326,40
april_BC06,april,BC06,0.5,2470,958,335,39
april_BC06,april,BC06,0.5,2480,957,333,39
april_BC06,april,BC06,0.5,2453,957,331,40
april_BC06,april,BC06,0.5,2467,956,329,40
april_BC06,april,BC06,0.5,2446,948,330,39
april_BC06,april,BC06,0.5,2460,951,330,39
april_BC06,april,BC06,0.5,2444,962,332,40
april_BC06,april,BC06,0.5,2438,959,332,41
april_BC06,april,BC06,0.5,2463,958,331,40
april_BC06,april,BC06,0.5,2454,960,332,41
april_BC06,april,BC06,0.6,2520,972,333,41
april_BC06,april,BC06,0.6,2533,979,336,40
april_BC06,april,BC06,0.6,2512,967,333,40
april_BC06,april,BC06,0.6,2526,970,335,40
april_BC06,april,BC06,0.6,2519,966,329,39
april_BC06,april,BC06,0.6,2526,968,336,39
april_BC06,april,BC06,0.6,2523,979,331,41
april_BC06,april,BC06,0.6,2534,964,329,41
april_BC06,april,BC06,0.6,2497,971,335,40
april_BC06,april,BC06,0.6,2521,975,334,41
april_BC06,april,BC06,0.7,2551,973,333,40
april_BC06,april,BC06,0.7,2559,975,334,40
april_BC06,april,BC06,0.7,2564,978,336,40
april_BC06,april,BC06,0.7,2584,972,335,41
april_BC06,april,BC06,0.7,2579,978,335,41
april_BC06,april,BC06,0.7,2559,978,335,40
april_BC06,april,BC06,0.7,2582,982,337,41
april_BC06,april,BC06,0.7,2559,980,335,41
april_BC06,april,BC06,0.7,2558,977,334,41
april_BC06,april,BC06,0.7,2596,986,337,41
april_BC06,april,BC06,0.8,2600,988,338,40
april_BC06,april,BC06,0.8,2601,980,338,41
april_BC06,april,BC06,0.8,2593,983,337,41
april_BC06,april,BC06,0.8,2609,993,339,41
april_BC06,april,BC06,0.8,2616,985,339,40
april_BC06,april,BC06,0.8,2610,988,336,41
april_BC06,april,BC06,0.8,2614,991,337,41
april_BC06,april,BC06,0.8,2606,983,336,40
april_BC06,april,BC06,0.8,2603,978,338,41
april_BC06,april,BC06,0.8,2604,989,337,41
april_BC06,april,BC06,0.9,2644,995,338,41
april_BC06,april,BC06,0.9,2644,994,337,41
april_BC06,april,BC06,0.9,2635,994,338,41
april_BC06,april,BC06,0.9,2640,995,338,41
april_BC06,april,BC06,0.9,2629,991,337,41
april_BC06,april,BC06,0.9,2642,995,338,41
april_BC06,april,BC06,0.9,2644,995,339,41
april_BC06,april,BC06,0.9,2646,986,338,39
april_BC06,april,BC06,0.9,2634,992,338,41
april_BC06,april,BC06,0.9,2648,994,338,41
april_BC06,april,BC06,1,2669,998,339,41
april_BC06,april,BC06,1,2669,998,339,41
april_BC06,april,BC06,1,2669,998,339,41
april_BC06,april,BC06,1,2669,998,339,41
april_BC06,april,BC06,1,2669,998,339,41
april_BC06,april,BC06,1,2669,998,339,41
april_BC06,april,BC06,1,2669,998,339,41
april_BC06,april,BC06,1,2669,998,339,41
april_BC06,april,BC06,1,2669,998,339,41
april_BC06,april,BC06,1,2669,998,339,41
april_BC07,april,BC07,0.1,1914,848,306,38
april_BC07,april,BC07,0.1,1889,844,300,36
april_BC07,april,BC07,0.1,1991,848,308,38
april_BC07,april,BC07,0.1,1923,839,306,37
april_BC07,april,BC07,0.1,1979,854,310,39
april_BC07,april,BC07,0.1,1919,848,306,38
april_BC07,april,BC07,0.1,1935,846,311,37
april_BC07,april,BC07,0.1,1894,832,302,40
april_BC07,april,BC07,0.1,1956,854,310,40
april_BC07,april,BC07,0.1,1916,838,303,39
april_BC07,april,BC07,0.2,2229,912,318,39
april_BC07,april,BC07,0.2,2216,914,323,40
april_BC07,april,BC07,0.2,2215,915,321,39
april_BC07,april,BC07,0.2,2253,920,320,39
april_BC07,april,BC07,0.2,2247,926,318,39
april_BC07,april,BC07,0.2,2219,924,324,38
april_BC07,april,BC07,0.2,2189,896,318,37
april_BC07,april,BC07,0.2,2213,925,324,38
april_BC07,april,BC07,0.2,2234,918,317,39
april_BC07,april,BC07,0.2,2230,921,324,39
april_BC07,april,BC07,0.3,2367,945,332,39
april_BC07,april,BC07,0.3,2397,944,327,39
april_BC07,april,BC07,0.3,2380,947,330,40
april_BC07,april,BC07,0.3,2374,946,329,39
april_BC07,april,BC07,0.3,2344,951,331,40
april_BC07,april,BC07,0.3,2398,951,327,39
april_BC07,april,BC07,0.3,2379,948,335,39
april_BC07,april,BC07,0.3,2345,938,323,39
april_BC07,april,BC07,0.3,2378,936,327,40
april_BC07,april,BC07,0.3,2393,934,325,39
april_BC07,april,BC07,0.4,2482,952,325,39
april_BC07,april,BC07,0.4,2464,976,334,40
april_BC07,april,BC07,0.4,2459,959,328,40
april_BC07,april,BC07,0.4,2513,959,329,39
april_BC07,april,BC07,0.4,2460,958,332,40
april_BC07,april,BC07,0.4,2500,966,334,40
april_BC07,april,BC07,0.4,2495,968,335,40
april_BC07,april,BC07,0.4,2470,961,335,40
april_BC07,april,BC07,0.4,2491,955,330,39
april_BC07,april,BC07,0.4,2481,960,335,39
april_BC07,april,BC07,0.5,2550,962,334,39
april_BC07,april,BC07,0.5,2544,969,333,40
april_BC07,april,BC07,0.5,2566,974,341,39
april_BC07,april,BC07,0.5,2546,973,334,40
april_BC07,april,BC07,0.5,2572,978,336,40
april_BC07,april,BC07,0.5,2532,972,334,40
april_BC07,april,BC07,0.5,2582,975,335,40
april_BC07,april,BC07,0.5,2541,973,332,39
april_BC07,april,BC07,0.5,2542,978,336,40
april_BC07,april,BC07,0.5,2546,984,337,40
april_BC07,april,BC07,0.6,2622,984,337,39
april_BC07,april,BC07,0.6,2619,986,338,40
april_BC07,april,BC07,0.6,2630,983,339,40
april_BC07,april,BC07,0.6,2613,984,339,40
april_BC07,april,BC07,0.6,2606,977,335,39
april_BC07,april,BC07,0.6,2628,987,336,40
april_BC07,april,BC07,0.6,2612,985,337,40
april_BC07,april,BC07,0.6,2592,984,341,40
april_BC07,april,BC07,0.6,2629,985,339,40
april_BC07,april,BC07,0.6,2615,978,333,40
april_BC07,april,BC07,0.7,2659,991,340,40
april_BC07,april,BC07,0.7,2669,988,338,40
april_BC07,april,BC07,0.7,2656,993,339,40
april_BC07,april,BC07,0.7,2669,986,340,40
april_BC07,april,BC07,0.7,2659,988,337,40
april_BC07,april,BC07,0.7,2673,986,340,40
april_BC07,april,BC07,0.7,2645,982,334,40
april_BC07,april,BC07,0.7,2658,988,339,40
april_BC07,april,BC07,0.7,2661,988,339,40
april_BC07,april,BC07,0.7,2650,985,336,40
april_BC07,april,BC07,0.8,2699,992,339,40
april_BC07,april,BC07,0.8,2692,995,339,40
april_BC07,april,BC07,0.8,2701,991,338,40
april_BC07,april,BC07,0.8,2697,994,340,40
april_BC07,april,BC07,0.8,2705,993,340,40
april_BC07,april,BC07,0.8,2690,989,340,40
april_BC07,april,BC07,0.8,2688,988,339,40
april_BC07,april,BC07,0.8,2699,991,339,40
april_BC07,april,BC07,0.8,2694,988,338,40
april_BC07,april,BC07,0.8,2688,995,340,40
april_BC07,april,BC07,0.9,2726,996,341,40
april_BC07,april,BC07,0.9,2723,996,341,40
april_BC07,april,BC07,0.9,2724,995,341,40
april_BC07,april,BC07,0.9,2725,997,339,40
april_BC07,april,BC07,0.9,2730,995,341,40
april_BC07,april,BC07,0.9,2722,996,341,40
april_BC07,april,BC07,0.9,2717,996,341,40
april_BC07,april,BC07,0.9,2726,993,340,39
april_BC07,april,BC07,0.9,2728,995,341,40
april_BC07,april,BC07,0.9,2736,995,341,40
april_BC07,april,BC07,1,2753,998,341,40
april_BC07,april,BC07,1,2753,998,341,40
april_BC07,april,BC07,1,2753,998,341,40
april_BC07,april,BC07,1,2753,998,341,40
april_BC07,april,BC07,1,2753,998,341,40
april_BC07,april,BC07,1,2753,998,341,40
april_BC07,april,BC07,1,2753,998,341,40
april_BC07,april,BC07,1,2753,998,341,40
april_BC07,april,BC07,1,2753,998,341,40
april_BC07,april,BC07,1,2753,998,341,40
april_BC08,april,BC08,0.1,1651,685,263,37
april_BC08,april,BC08,0.1,1692,694,274,34
april_BC08,april,BC08,0.1,1719,707,265,36
april_BC08,april,BC08,0.1,1689,720,274,35
april_BC08,april,BC08,0.1,1660,704,274,37
april_BC08,april,BC08,0.1,1687,709,270,35
april_BC08,april,BC08,0.1,1656,693,268,38
april_BC08,april,BC08,0.1,1684,700,267,34
april_BC08,april,BC08,0.1,1667,690,269,34
april_BC08,april,BC08,0.1,1723,723,279,35
april_BC08,april,BC08,0.2,1958,800,293,37
april_BC08,april,BC08,0.2,1946,792,289,37
april_BC08,april,BC08,0.2,1952,796,285,37
april_BC08,april,BC08,0.2,1902,778,294,36
april_BC08,april,BC08,0.2,1964,798,288,37
april_BC08,april,BC08,0.2,1946,785,285,37
april_BC08,april,BC08,0.2,1954,789,292,37
april_BC08,april,BC08,0.2,1940,780,293,38
april_BC08,april,BC08,0.2,1944,795,290,38
april_BC08,april,BC08,0.2,1939,777,285,35
april_BC08,april,BC08,0.3,2071,835,304,37
april_BC08,april,BC08,0.3,2123,845,301,38
april_BC08,april,BC08,0.3,2105,841,297,37
april_BC08,april,BC08,0.3,2109,838,297,38
april_BC08,april,BC08,0.3,2101,837,297,36
april_BC08,april,BC08,0.3,2112,842,300,37
april_BC08,april,BC08,0.3,2118,830,299,38
april_BC08,april,BC08,0.3,2128,847,303,38
april_BC08,april,BC08,0.3,2091,827,292,38
april_BC08,april,BC08,0.3,2089,845,304,38
april_BC08,april,BC08,0.4,2203,872,308,40
april_BC08,april,BC08,0.4,2207,867,308,38
april_BC08,april,BC08,0.4,2180,870,308,38
april_BC08,april,BC08,0.4,2206,857,303,38
april_BC08,april,BC08,0.4,2184,864,306,38
april_BC08,april,BC08,0.4,2174,854,306,37
april_BC08,april,BC08,0.4,2229,870,308,39
april_BC08,april,BC08,0.4,2200,856,304,40
april_BC08,april,BC08,0.4,2225,872,310,39
april_BC08,april,BC08,0.4,2195,864,309,38
april_BC08,april,BC08,0.5,2275,895,314,40
april_BC08,april,BC08,0.5,2272,889,310,37
april_BC08,april,BC08,0.5,2265,882,309,36
april_BC08,april,BC08,0.5,2281,875,307,38
april_BC08,april,BC08,0.5,2271,876,309,38
april_BC08,april,BC08,0.5,2270,885,314,38
april_BC08,april,BC08,0.5,2278,892,313,39
april_BC08,april,BC08,0.5,2271,883,309,38
april_BC08,april,BC08,0.5,2265,891,312,37
april_BC08,april,BC08,0.5,2281,882,308,38
april_BC08,april,BC08,0.6,2334,906,312,38
april_BC08,april,BC08,0.6,2338,907,317,40
april_BC08,april,BC08,0.6,2348,902,314,37
april_BC08,april,BC08,0.6,2339,901,316,40
april_BC08,april,BC08,0.6,2313,891,310,38
april_BC08,april,BC08,0.6,2348,903,312,37
april_BC08,april,BC08,0.6,2334,906,315,38
april_BC08,april,BC08,0.6,2339,901,317,39
april_BC08,april,BC08,0.6,2350,896,314,39
april_BC08,april,BC08,0.6,2308,891,312,37
april_BC08,april,BC08,0.7,2388,910,314,39
april_BC08,april,BC08,0.7,2368,911,314,40
april_BC08,april,BC08,0.7,2374,906,315,39
april_BC08,april,BC08,0.7,2380,908,319,39
april_BC08,april,BC08,0.7,2399,919,317,40
april_BC08,april,BC08,0.7,2382,915,317,40
april_BC08,april,BC08,0.7,2349,908,314,40
april_BC08,april,BC08,0.7,2365,906,314,40
april_BC08,april,BC08,0.7,2383,908,314,39
april_BC08,april,BC08,0.7,2369,908,314,38
april_BC08,april,BC08,0.8,2413,918,318,39
april_BC08,april,BC08,0.8,2415,917,317,39
april_BC08,april,BC08,0.8,2424,916,318,40
april_BC08,april,BC08,0.8,2419,906,317,40
april_BC08,april,BC08,0.8,2425,922,318,40
april_BC08,april,BC08,0.8,2428,921,318,39
april_BC08,april,BC08,0.8,2427,916,317,39
april_BC08,april,BC08,0.8,2424,920,317,40
april_BC08,april,BC08,0.8,2424,916,319,40
april_BC08,april,BC08,0.8,2422,920,316,39
april_BC08,april,BC08,0.9,2448,922,320,40
april_BC08,april,BC08,0.9,2461,928,320,40
april_BC08,april,BC08,0.9,2454,920,318,39
april_BC08,april,BC08,0.9,2452,924,318,40
april_BC08,april,BC08,0.9,2444,923,319,40
april_BC08,april,BC08,0.9,2468,927,319,40
april_BC08,april,BC08,0.9,2451,926,319,39
april_BC08,april,BC08,0.9,2446,924,318,40
april_BC08,april,BC08,0.9,2454,924,318,40
april_BC08,april,BC08,0.9,2452,926,320,40
april_BC08,april,BC08,1,2485,931,320,40
april_BC08,april,BC08,1,2485,931,320,40
april_BC08,april,BC08,1,2485,931,320,40
april_BC08,april,BC08,1,2485,931,320,40
april_BC08,april,BC08,1,2485,931,320,40
april_BC08,april,BC08,1,2485,931,320,40
april_BC08,april,BC08,1,2485,931,320,40
april_BC08,april,BC08,1,2485,931,320,40
april_BC08,april,BC08,1,2485,931,320,40
april_BC08,april,BC08,1,2485,931,320,40
april_BC09,april,BC09,0.1,1821,800,301,39
april_BC09,april,BC09,0.1,1776,804,303,38
april_BC09,april,BC09,0.1,1801,823,304,38
april_BC09,april,BC09,0.1,1828,813,303,38
april_BC09,april,BC09,0.1,1783,808,298,40
april_BC09,april,BC09,0.1,1805,809,304,38
april_BC09,april,BC09,0.1,1798,812,303,38
april_BC09,april,BC09,0.1,1794,804,296,37
april_BC09,april,BC09,0.1,1770,788,301,36
april_BC09,april,BC09,0.1,1810,816,304,37
april_BC09,april,BC09,0.2,2105,884,323,39
april_BC09,april,BC09,0.2,2144,892,324,38
april_BC09,april,BC09,0.2,2126,880,319,37
april_BC09,april,BC09,0.2,2117,890,316,39
april_BC09,april,BC09,0.2,2063,881,312,39
april_BC09,april,BC09,0.2,2103,887,316,40
april_BC09,april,BC09,0.2,2141,893,324,39
april_BC09,april,BC09,0.2,2099,891,323,40
april_BC09,april,BC09,0.2,2129,891,316,40
april_BC09,april,BC09,0.2,2083,897,320,39
april_BC09,april,BC09,0.3,2256,918,322,40
april_BC09,april,BC09,0.3,2257,914,319,39
april_BC09,april,BC09,0.3,2220,910,321,40
april_BC09,april,BC09,0.3,2253,934,334,39
april_BC09,april,BC09,0.3,2256,928,329,39
april_BC09,april,BC09,0.3,2241,928,325,39
april_BC09,april,BC09,0.3,2239,912,320,39
april_BC09,april,BC09,0.3,2261,926,327,40
april_BC09,april,BC09,0.3,2224,916,323,39
april_BC09,april,BC09,0.3,2244,927,330,39
april_BC09,april,BC09,0.4,2377,953,334,40
april_BC09,april,BC09,0.4,2359,945,325,40
april_BC09,april,BC09,0.4,2358,932,328,40
april_BC09,april,BC09,0.4,2364,946,326,40
april_BC09,april,BC09,0.4,2365,941,330,40
april_BC09,april,BC09,0.4,2387,953,333,40
april_BC09,april,BC09,0.4,2356,938,327,39
april_BC09,april,BC09,0.4,2343,950,334,40
april_BC09,april,BC09,0.4,2358,942,325,40
april_BC09,april,BC09,0.4,2358,951,330,40
april_BC09,april,BC09,0.5,2414,963,337,40
april_BC09,april,BC09,0.5,2454,967,331,40
april_BC09,april,BC09,0.5,2452,959,335,40
april_BC09,april,BC09,0.5,2394,956,333,40
april_BC09,april,BC09,0.5,2430,961,333,40
april_BC09,april,BC09,0.5,2431,958,332,40
april_BC09,april,BC09,0.5,2442,961,327,40
april_BC09,april,BC09,0.5,2418,957,330,40
april_BC09,april,BC09,0.5,2408,955,331,40
april_BC09,april,BC09,0.5,2430,967,326,40
april_BC09,april,BC09,0.6,2457,971,336,40
april_BC09,april,BC09,0.6,2490,963,333,40
april_BC09,april,BC09,0.6,2485,972,338,40
april_BC09,april,BC09,0.6,2493,975,338,40
april_BC09,april,BC09,0.6,2504,971,335,40
april_BC09,april,BC09,0.6,2475,963,335,40
april_BC09,april,BC09,0.6,2476,972,334,40
april_BC09,april,BC09,0.6,2489,971,338,40
april_BC09,april,BC09,0.6,2484,968,337,40
april_BC09,april,BC09,0.6,2472,963,336,39
april_BC09,april,BC09,0.7,2530,971,336,40
april_BC09,april,BC09,0.7,2536,980,336,40
april_BC09,april,BC09,0.7,2546,980,339,40
april_BC09,april,BC09,0.7,2500,966,335,39
april_BC09,april,BC09,0.7,2528,980,340,40
april_BC09,april,BC09,0.7,2513,970,337,40
april_BC09,april,BC09,0.7,2518,981,340,40
april_BC09,april,BC09,0.7,2530,975,337,39
april_BC09,april,BC09,0.7,2527,984,342,40
april_BC09,april,BC09,0.7,2527,977,338,40
april_BC09,april,BC09,0.8,2580,990,342,40
april_BC09,april,BC09,0.8,2565,990,341,40
april_BC09,april,BC09,0.8,2563,987,340,40
april_BC09,april,BC09,0.8,2557,982,341,40
april_BC09,april,BC09,0.8,2577,990,342,40
april_BC09,april,BC09,0.8,2566,988,342,40
april_BC09,april,BC09,0.8,2559,985,339,40
april_BC09,april,BC09,0.8,2568,991,342,40
april_BC09,april,BC09,0.8,2571,985,340,40
april_BC09,april,BC09,0.8,2568,986,340,40
april_BC09,april,BC09,0.9,2618,995,342,40
april_BC09,april,BC09,0.9,2597,987,340,40
april_BC09,april,BC09,0.9,2600,991,340,40
april_BC09,april,BC09,0.9,2592,993,338,40
april_BC09,april,BC09,0.9,2601,992,342,40
april_BC09,april,BC09,0.9,2608,995,342,40
april_BC09,april,BC09,0.9,2596,991,342,40
april_BC09,april,BC09,0.9,2605,994,342,40
april_BC09,april,BC09,0.9,2592,990,341,40
april_BC09,april,BC09,0.9,2603,990,341,40
april_BC09,april,BC09,1,2629,995,342,40
april_BC09,april,BC09,1,2629,995,342,40
april_BC09,april,BC09,1,2629,995,342,40
april_BC09,april,BC09,1,2629,995,342,40
april_BC09,april,BC09,1,2629,995,342,40
april_BC09,april,BC09,1,2629,995,342,40
april_BC09,april,BC09,1,2629,995,342,40
april_BC09,april,BC09,1,2629,995,342,40
april_BC09,april,BC09,1,2629,995,342,40
april_BC09,april,BC09,1,2629,995,342,40
april_BC10,april,BC10,0.1,2159,899,317,37
april_BC10,april,BC10,0.1,2164,891,314,37
april_BC10,april,BC10,0.1,2130,889,312,38
april_BC10,april,BC10,0.1,2164,909,321,38
april_BC10,april,BC10,0.1,2160,890,311,37
april_BC10,april,BC10,0.1,2116,894,309,38
april_BC10,april,BC10,0.1,2166,901,319,37
april_BC10,april,BC10,0.1,2160,903,317,38
april_BC10,april,BC10,0.1,2144,903,315,36
april_BC10,april,BC10,0.1,2111,902,323,37
april_BC10,april,BC10,0.2,2406,950,323,39
april_BC10,april,BC10,0.2,2421,947,326,37
april_BC10,april,BC10,0.2,2452,949,331,39
april_BC10,april,BC10,0.2,2446,947,328,37
april_BC10,april,BC10,0.2,2420,956,329,39
april_BC10,april,BC10,0.2,2433,949,326,38
april_BC10,april,BC10,0.2,2400,946,326,38
april_BC10,april,BC10,0.2,2418,937,322,39
april_BC10,april,BC10,0.2,2421,949,327,37
april_BC10,april,BC10,0.2,2382,933,323,38
april_BC10,april,BC10,0.3,2519,965,331,39
april_BC10,april,BC10,0.3,2557,964,330,39
april_BC10,april,BC10,0.3,2553,969,332,38
april_BC10,april,BC10,0.3,2548,966,333,38
april_BC10,april,BC10,0.3,2548,968,332,39
april_BC10,april,BC10,0.3,2577,968,335,38
april_BC10,april,BC10,0.3,2550,970,330,38
april_BC10,april,BC10,0.3,2567,965,329,39
april_BC10,april,BC10,0.3,2572,972,334,39
april_BC10,april,BC10,0.3,2548,971,333,39
april_BC10,april,BC10,0.4,2663,975,334,39
april_BC10,april,BC10,0.4,2647,976,333,38
april_BC10,april,BC10,0.4,2653,977,334,39
april_BC10,april,BC10,0.4,2613,974,330,39
april_BC10,april,BC10,0.4,2639,980,332,39
april_BC10,april,BC10,0.4,2663,971,334,38
april_BC10,april,BC10,0.4,2647,967,332,39
april_BC10,april,BC10,0.4,2652,969,331,39
april_BC10,april,BC10,0.4,2639,980,335,39
april_BC10,april,BC10,0.4,2646,981,331,39
april_BC10,april,BC10,0.5,2722,980,334,39
april_BC10,april,BC10,0.5,2706,988,336,39
april_BC10,april,BC10,0.5,2737,989,335,39
april_BC10,april,BC10,0.5,2718,977,333,39
april_BC10,april,BC10,0.5,2694,984,333,39
april_BC10,april,BC10,0.5,2708,981,330,38
april_BC10,april,BC10,0.5,2706,982,332,39
april_BC10,april,BC10,0.5,2698,982,333,39
april_BC10,april,BC10,0.5,2697,979,335,39
april_BC10,april,BC10,0.5,2691,982,336,39
april_BC10,april,BC10,0.6,2729,989,333,39
april_BC10,april,BC10,0.6,2759,990,335,39
april_BC10,april,BC10,0.6,2767,990,336,39
april_BC10,april,BC10,0.6,2746,991,337,39
april_BC10,april,BC10,0.6,2760,990,336,39
april_BC10,april,BC10,0.6,2762,988,335,39
april_BC10,april,BC10,0.6,2736,990,334,39
april_BC10,april,BC10,0.6,2739,986,334,39
april_BC10,april,BC10,0.6,2730,990,336,39
april_BC10,april,BC10,0.6,2746,991,336,39
april_BC10,april,BC10,0.7,2794,995,335,39
april_BC10,april,BC10,0.7,2803,992,337,39
april_BC10,april,BC10,0.7,2800,996,336,39
april_BC10,april,BC10,0.7,2788,992,337,39
april_BC10,april,BC10,0.7,2785,992,336,39
april_BC10,april,BC10,0.7,2807,989,334,38
april_BC10,april,BC10,0.7,2783,993,337,39
april_BC10,april,BC10,0.7,2798,991,336,39
april_BC10,april,BC10,0.7,2785,988,336,39
april_BC10,april,BC10,0.7,2785,994,335,39
april_BC10,april,BC10,0.8,2805,995,336,39
april_BC10,april,BC10,0.8,2837,997,336,39
april_BC10,april,BC10,0.8,2827,996,337,39
april_BC10,april,BC10,0.8,2826,996,336,39
april_BC10,april,BC10,0.8,2828,996,336,39
april_BC10,april,BC10,0.8,2822,993,337,39
april_BC10,april,BC10,0.8,2802,997,337,39
april_BC10,april,BC10,0.8,2816,993,336,39
april_BC10,april,BC10,0.8,2829,993,337,39
april_BC10,april,BC10,0.8,2829,995,337,39
april_BC10,april,BC10,0.9,2839,997,337,39
april_BC10,april,BC10,0.9,2836,997,335,39
april_BC10,april,BC10,0.9,2845,993,336,39
april_BC10,april,BC10,0.9,2854,998,337,39
april_BC10,april,BC10,0.9,2857,997,336,39
april_BC10,april,BC10,0.9,2848,998,337,39
april_BC10,april,BC10,0.9,2849,997,336,39
april_BC10,april,BC10,0.9,2852,998,336,39
april_BC10,april,BC10,0.9,2844,996,337,39
april_BC10,april,BC10,0.9,2847,999,337,39
april_BC10,april,BC10,1,2874,999,337,39
april_BC10,april,BC10,1,2874,999,337,39
april_BC10,april,BC10,1,2874,999,337,39
april_BC10,april,BC10,1,2874,999,337,39
april_BC10,april,BC10,1,2874,999,337,39
april_BC10,april,BC10,1,2874,999,337,39
april_BC10,april,BC10,1,2874,999,337,39
april_BC10,april,BC10,1,2874,999,337,39
april_BC10,april,BC10,1,2874,999,337,39
april_BC10,april,BC10,1,2874,999,337,39
april_BC11,april,BC11,0.1,1857,814,303,38
april_BC11,april,BC11,0.1,1845,801,303,37
april_BC11,april,BC11,0.1,1845,814,303,37
april_BC11,april,BC11,0.1,1830,804,304,39
april_BC11,april,BC11,0.1,1846,821,304,37
april_BC11,april,BC11,0.1,1828,810,305,37
april_BC11,april,BC11,0.1,1878,811,302,38
april_BC11,april,BC11,0.1,1849,800,299,38
april_BC11,april,BC11,0.1,1830,790,297,38
april_BC11,april,BC11,0.1,1832,819,303,38
april_BC11,april,BC11,0.2,2154,893,316,39
april_BC11,april,BC11,0.2,2208,910,318,39
april_BC11,april,BC11,0.2,2157,889,315,39
april_BC11,april,BC11,0.2,2156,894,321,39
april_BC11,april,BC11,0.2,2132,876,309,38
april_BC11,april,BC11,0.2,2136,898,320,38
april_BC11,april,BC11,0.2,2169,900,313,39
april_BC11,april,BC11,0.2,2160,891,319,38
april_BC11,april,BC11,0.2,2163,883,315,38
april_BC11,april,BC11,0.2,2144,900,314,38
april_BC11,april,BC11,0.3,2276,917,319,39
april_BC11,april,BC11,0.3,2313,928,320,38
april_BC11,april,BC11,0.3,2288,917,317,39
april_BC11,april,BC11,0.3,2308,923,321,39
april_BC11,april,BC11,0.3,2336,917,319,39
april_BC11,april,BC11,0.3,2272,914,326,39
april_BC11,april,BC11,0.3,2312,919,322,38
april_BC11,april,BC11,0.3,2273,920,321,38
april_BC11,april,BC11,0.3,2312,922,325,39
april_BC11,april,BC11,0.3,2313,928,322,38
april_BC11,april,BC11,0.4,2398,941,326,39
april_BC11,april,BC11,0.4,2371,934,328,38
april_BC11,april,BC11,0.4,2417,954,334,38
april_BC11,april,BC11,0.4,2393,948,328,39
april_BC11,april,BC11,0.4,2395,933,324,39
april_BC11,april,BC11,0.4,2388,937,326,38
april_BC11,april,BC11,0.4,2408,950,327,39
april_BC11,april,BC11,0.4,2398,945,330,39
april_BC11,april,BC11,0.4,2393,944,327,39
april_BC11,april,BC11,0.4,2382,942,322,38
april_BC11,april,BC11,0.5,2491,957,331,39
april_BC11,april,BC11,0.5,2466,955,329,39
april_BC11,april,BC11,0.5,2465,957,330,38
april_BC11,april,BC11,0.5,2475,946,325,39
april_BC11,april,BC11,0.5,2480,958,332,39
april_BC11,april,BC11,0.5,2440,951,330,39
april_BC11,april,BC11,0.5,2460,953,330,39
april_BC11,april,BC11,0.5,2484,952,330,39
april_BC11,april,BC11,0.5,2471,958,334,39
april_BC11,april,BC11,0.5,2433,944,326,39
april_BC11,april,BC11,0.6,2496,956,330,39
april_BC11,april,BC11,0.6,2506,955,333,39
april_BC11,april,BC11,0.6,2518,970,335,39
april_BC11,april,BC11,0.6,2503,957,331,39
april_BC11,april,BC11,0.6,2539,965,334,39
april_BC11,april,BC11,0.6,2496,962,334,39
april_BC11,april,BC11,0.6,2502,950,331,39
april_BC11,april,BC11,0.6,2504,965,332,39
april_BC11,april,BC11,0.6,2508,970,330,39
april_BC11,april,BC11,0.6,2493,966,330,39
april_BC11,april,BC11,0.7,2552,975,333,39
april_BC11,april,BC11,0.7,2543,974,332,39
april_BC11,april,BC11,0.7,2545,984,338,39
april_BC11,april,BC11,0.7,2546,969,334,39
april_BC11,april,BC11,0.7,2549,966,332,38
april_BC11,april,BC11,0.7,2540,971,333,39
april_BC11,april,BC11,0.7,2556,978,334,39
april_BC11,april,BC11,0.7,2551,968,334,39
april_BC11,april,BC11,0.7,2540,968,334,39
april_BC11,april,BC11,0.7,2556,967,334,39
april_BC11,april,BC11,0.8,2584,981,332,39
april_BC11,april,BC11,0.8,2584,973,337,39
april_BC11,april,BC11,0.8,2580,980,334,39
april_BC11,april,BC11,0.8,2592,978,335,39
april_BC11,april,BC11,0.8,2589,975,332,39
april_BC11,april,BC11,0.8,2580,976,333,39
april_BC11,april,BC11,0.8,2583,969,332,39
april_BC11,april,BC11,0.8,2598,976,334,39
april_BC11,april,BC11,0.8,2589,982,336,39
april_BC11,april,BC11,0.8,2592,976,336,39
april_BC11,april,BC11,0.9,2608,983,338,39
april_BC11,april,BC11,0.9,2625,988,336,39
april_BC11,april,BC11,0.9,2621,986,337,39
april_BC11,april,BC11,0.9,2621,984,334,39
april_BC11,april,BC11,0.9,2612,982,337,39
april_BC11,april,BC11,0.9,2619,983,336,39
april_BC11,april,BC11,0.9,2613,984,337,39
april_BC11,april,BC11,0.9,2617,985,337,39
april_BC11,april,BC11,0.9,2614,981,337,39
april_BC11,april,BC11,0.9,2614,984,337,39
april_BC11,april,BC11,1,2643,988,338,39
april_BC11,april,BC11,1,2643,988,338,39
april_BC11,april,BC11,1,2643,988,338,39
april_BC11,april,BC11,1,2643,988,338,39
april_BC11,april,BC11,1,2643,988,338,39
april_BC11,april,BC11,1,2643,988,338,39
april_BC11,april,BC11,1,2643,988,338,39
april_BC11,april,BC11,1,2643,988,338,39
april_BC11,april,BC11,1,2643,988,338,39
april_BC11,april,BC11,1,2643,988,338,39
april_BC12,april,BC12,0.1,76,51,39,6
april_BC12,april,BC12,0.1,67,43,27,7
april_BC12,april,BC12,0.1,68,46,32,8
april_BC12,april,BC12,0.1,62,37,30,5
april_BC12,april,BC12,0.1,68,43,32,7
april_BC12,april,BC12,0.1,57,42,31,7
april_BC12,april,BC12,0.1,63,44,34,8
april_BC12,april,BC12,0.1,55,42,32,8
april_BC12,april,BC12,0.1,51,38,28,9
april_BC12,april,BC12,0.1,62,43,38,8
april_BC12,april,BC12,0.2,116,83,54,11
april_BC12,april,BC12,0.2,130,81,59,13
april_BC12,april,BC12,0.2,108,67,44,12
april_BC12,april,BC12,0.2,121,79,57,7
april_BC12,april,BC12,0.2,95,69,49,12
april_BC12,april,BC12,0.2,113,75,54,9
april_BC12,april,BC12,0.2,117,84,56,11
april_BC12,april,BC12,0.2,122,86,62,9
april_BC12,april,BC12,0.2,105,75,49,11
april_BC12,april,BC12,0.2,119,76,57,12
april_BC12,april,BC12,0.3,153,107,72,15
april_BC12,april,BC12,0.3,171,113,72,12
april_BC12,april,BC12,0.3,163,108,72,12
april_BC12,april,BC12,0.3,157,102,71,12
april_BC12,april,BC12,0.3,151,100,59,14
april_BC12,april,BC12,0.3,149,99,71,11
april_BC12,april,BC12,0.3,146,100,70,14
april_BC12,april,BC12,0.3,183,116,76,17
april_BC12,april,BC12,0.3,155,91,63,11
april_BC12,april,BC12,0.3,143,96,60,9
april_BC12,april,BC12,0.4,181,121,76,18
april_BC12,april,BC12,0.4,207,135,84,16
april_BC12,april,BC12,0.4,197,127,84,16
april_BC12,april,BC12,0.4,187,129,78,13
april_BC12,april,BC12,0.4,194,125,77,14
april_BC12,april,BC12,0.4,210,135,91,17
april_BC12,april,BC12,0.4,209,131,82,14
april_BC12,april,BC12,0.4,203,129,85,16
april_BC12,april,BC12,0.4,186,124,84,19
april_BC12,april,BC12,0.4,191,124,77,14
april_BC12,april,BC12,0.5,227,149,92,15
april_BC12,april,BC12,0.5,234,148,89,15
april_BC12,april,BC12,0.5,227,151,95,16
april_BC12,april,BC12,0.5,238,140,87,13
april_BC12,april,BC12,0.5,227,145,92,17
april_BC12,april,BC12,0.5,226,148,79,15
april_BC12,april,BC12,0.5,219,140,83,15
april_BC12,april,BC12,0.5,241,149,87,17
april_BC12,april,BC12,0.5,246,152,90,19
april_BC12,april,BC12,0.5,235,153,95,16
april_BC12,april,BC12,0.6,277,171,104,19
april_BC12,april,BC12,0.6,273,168,99,16
april_BC12,april,BC12,0.6,251,149,86,17
april_BC12,april,BC12,0.6,276,167,102,19
april_BC12,april,BC12,0.6,281,171,102,20
april_BC12,april,BC12,0.6,273,165,103,20
april_BC12,april,BC12,0.6,257,153,94,17
april_BC12,april,BC12,0.6,260,161,95,18
april_BC12,april,BC12,0.6,261,156,94,20
april_BC12,april,BC12,0.6,267,160,99,16
april_BC12,april,BC12,0.7,309,186,113,19
april_BC12,april,BC12,0.7,304,180,107,21
april_BC12,april,BC12,0.7,314,188,112,20
april_BC12,april,BC12,0.7,305,187,110,21
april_BC12,april,BC12,0.7,287,172,103,20
april_BC12,april,BC12,0.7,300,181,104,18
april_BC12,april,BC12,0.7,296,183,107,19
april_BC12,april,BC12,0.7,310,183,111,21
april_BC12,april,BC12,0.7,308,182,107,19
april_BC12,april,BC12,0.7,309,182,106,19
april_BC12,april,BC12,0.8,328,194,116,20
april_BC12,april,BC12,0.8,329,201,118,20
april_BC12,april,BC12,0.8,326,197,114,21
april_BC12,april,BC12,0.8,327,189,116,19
april_BC12,april,BC12,0.8,321,195,117,21
april_BC12,april,BC12,0.8,328,192,112,20
april_BC12,april,BC12,0.8,322,192,113,20
april_BC12,april,BC12,0.8,325,194,114,19
april_BC12,april,BC12,0.8,328,194,119,20
april_BC12,april,BC12,0.8,329,194,115,20
april_BC12,april,BC12,0.9,362,209,121,20
april_BC12,april,BC12,0.9,358,208,124,21
april_BC12,april,BC12,0.9,367,207,120,21
april_BC12,april,BC12,0.9,363,208,122,20
april_BC12,april,BC12,0.9,353,207,118,20
april_BC12,april,BC12,0.9,355,207,120,20
april_BC12,april,BC12,0.9,347,204,120,21
april_BC12,april,BC12,0.9,348,213,121,19
april_BC12,april,BC12,0.9,360,207,122,21
april_BC12,april,BC12,0.9,365,211,122,21
april_BC12,april,BC12,1,383,220,126,21
april_BC12,april,BC12,1,383,220,126,21
april_BC12,april,BC12,1,383,220,126,21
april_BC12,april,BC12,1,383,220,126,21
april_BC12,april,BC12,1,383,220,126,21
april_BC12,april,BC12,1,383,220,126,21
april_BC12,april,BC12,1,383,220,126,21
april_BC12,april,BC12,1,383,220,126,21
april_BC12,april,BC12,1,383,220,126,21
april_BC12,april,BC12,1,383,220,126,21
june_BC01,june,BC01,0.1,1269,653,270,37
june_BC01,june,BC01,0.1,1332,654,279,37
june_BC01,june,BC01,0.1,1279,663,278,36
june_BC01,june,BC01,0.1,1301,668,278,38
june_BC01,june,BC01,0.1,1286,656,286,35
june_BC01,june,BC01,0.1,1301,639,280,38
june_BC01,june,BC01,0.1,1251,642,283,37
june_BC01,june,BC01,0.1,1297,650,289,37
june_BC01,june,BC01,0.1,1308,674,288,38
june_BC01,june,BC01,0.1,1246,641,277,37
june_BC01,june,BC01,0.2,1596,761,301,38
june_BC01,june,BC01,0.2,1604,777,303,38
june_BC01,june,BC01,0.2,1605,768,304,39
june_BC01,june,BC01,0.2,1616,772,300,38
june_BC01,june,BC01,0.2,1605,751,296,37
june_BC01,june,BC01,0.2,1607,760,300,39
june_BC01,june,BC01,0.2,1592,755,299,38
june_BC01,june,BC01,0.2,1591,759,299,37
june_BC01,june,BC01,0.2,1619,764,300,39
june_BC01,june,BC01,0.2,1559,728,294,37
june_BC01,june,BC01,0.3,1743,824,309,39
june_BC01,june,BC01,0.3,1759,809,310,39
june_BC01,june,BC01,0.3,1758,801,301,39
june_BC01,june,BC01,0.3,1789,833,311,39
june_BC01,june,BC01,0.3,1806,811,312,39
june_BC01,june,BC01,0.3,1763,811,306,39
june_BC01,june,BC01,0.3,1782,804,311,39
june_BC01,june,BC01,0.3,1773,816,308,39
june_BC01,june,BC01,0.3,1762,812,306,39
june_BC01,june,BC01,0.3,1727,798,307,39
june_BC01,june,BC01,0.4,1910,856,318,39
june_BC01,june,BC01,0.4,1900,854,314,39
june_BC01,june,BC01,0.4,1897,855,316,39
june_BC01,june,BC01,0.4,1906,856,315,39
june_BC01,june,BC01,0.4,1898,853,323,39
june_BC01,june,BC01,0.4,1909,847,314,39
june_BC01,june,BC01,0.4,1874,841,314,39
june_BC01,june,BC01,0.4,1884,848,316,39
june_BC01,june,BC01,0.4,1893,850,310,39
june_BC01,june,BC01,0.4,1896,854,315,39
june_BC01,june,BC01,0.5,2002,876,317,39
june_BC01,june,BC01,0.5,1969,859,320,39
june_BC01,june,BC01,0.5,1975,866,316,39
june_BC01,june,BC01,0.5,1980,883,324,39
june_BC01,june,BC01,0.5,1949,870,317,39
june_BC01,june,BC01,0.5,1974,879,320,39
june_BC01,june,BC01,0.5,1957,872,325,39
june_BC01,june,BC01,0.5,1993,882,322,39
june_BC01,june,BC01,0.5,1990,875,320,39
june_BC01,june,BC01,0.5,1983,879,323,39
june_BC01,june,BC01,0.6,2058,891,325,39
june_BC01,june,BC01,0.6,2053,892,324,39
june_BC01,june,BC01,0.6,2056,897,325,39
june_BC01,june,BC01,0.6,2056,902,326,39
june_BC01,june,BC01,0.6,2043,886,319,39
june_BC01,june,BC01,0.6,2051,897,327,39
june_BC01,june,BC01,0.6,2066,892,323,39
june_BC01,june,BC01,0.6,2073,896,328,39
june_BC01,june,BC01,0.6,2057,892,324,39
june_BC01,june,BC01,0.6,2076,895,327,39
june_BC01,june,BC01,0.7,2136,909,324,39
june_BC01,june,BC01,0.7,2091,907,327,39
june_BC01,june,BC01,0.7,2121,913,327,39
june_BC01,june,BC01,0.7,2119,911,330,39
june_BC01,june,BC01,0.7,2111,905,325,39
june_BC01,june,BC01,0.7,2118,913,327,39
june_BC01,june,BC01,0.7,2124,910,328,39
june_BC01,june,BC01,0.7,2108,909,326,39
june_BC01,june,BC01,0.7,2104,902,327,39
june_BC01,june,BC01,0.7,2103,897,327,39
june_BC01,june,BC01,0.8,2165,921,326,39
june_BC01,june,BC01,0.8,2160,919,328,39
june_BC01,june,BC01,0.8,2175,922,326,39
june_BC01,june,BC01,0.8,2182,919,326,39
june_BC01,june,BC01,0.8,2166,916,331,39
june_BC01,june,BC01,0.8,2169,924,329,39
june_BC01,june,BC01,0.8,2182,922,328,39
june_BC01,june,BC01,0.8,2169,920,329,39
june_BC01,june,BC01,0.8,2173,919,331,39
june_BC01,june,BC01,0.8,2176,916,330,39
june_BC01,june,BC01,0.9,2216,931,331,39
june_BC01,june,BC01,0.9,2206,932,331,39
june_BC01,june,BC01,0.9,2217,932,332,39
june_BC01,june,BC01,0.9,2220,932,330,39
june_BC01,june,BC01,0.9,2218,936,332,39
june_BC01,june,BC01,0.9,2208,928,330,39
june_BC01,june,BC01,0.9,2198,927,329,39
june_BC01,june,BC01,0.9,2217,929,328,39
june_BC01,june,BC01,0.9,2214,929,330,39
june_BC01,june,BC01,0.9,2208,933,328,39
june_BC01,june,BC01,1,2254,939,332,39
june_BC01,june,BC01,1,2254,939,332,39
june_BC01,june,BC01,1,2254,939,332,39
june_BC01,june,BC01,1,2254,939,332,39
june_BC01,june,BC01,1,2254,939,332,39
june_BC01,june,BC01,1,2254,939,332,39
june_BC01,june,BC01,1,2254,939,332,39
june_BC01,june,BC01,1,2254,939,332,39
june_BC01,june,BC01,1,2254,939,332,39
june_BC01,june,BC01,1,2254,939,332,39
june_BC02,june,BC02,0.1,332,203,122,20
june_BC02,june,BC02,0.1,327,209,129,21
june_BC02,june,BC02,0.1,307,188,131,20
june_BC02,june,BC02,0.1,355,204,138,22
june_BC02,june,BC02,0.1,328,198,123,20
june_BC02,june,BC02,0.1,338,216,137,24
june_BC02,june,BC02,0.1,331,200,126,23
june_BC02,june,BC02,0.1,349,207,124,20
june_BC02,june,BC02,0.1,324,173,120,19
june_BC02,june,BC02,0.1,309,194,125,22
june_BC02,june,BC02,0.2,478,303,180,29
june_BC02,june,BC02,0.2,485,280,167,24
june_BC02,june,BC02,0.2,497,296,165,23
june_BC02,june,BC02,0.2,466,271,163,21
june_BC02,june,BC02,0.2,478,289,176,26
june_BC02,june,BC02,0.2,483,277,164,29
june_BC02,june,BC02,0.2,500,301,168,27
june_BC02,june,BC02,0.2,515,279,171,29
june_BC02,june,BC02,0.2,456,269,162,23
june_BC02,june,BC02,0.2,480,285,171,29
june_BC02,june,BC02,0.3,600,352,188,31
june_BC02,june,BC02,0.3,629,348,195,32
june_BC02,june,BC02,0.3,635,345,189,29
june_BC02,june,BC02,0.3,603,333,192,28
june_BC02,june,BC02,0.3,576,346,203,27
june_BC02,june,BC02,0.3,599,348,197,32
june_BC02,june,BC02,0.3,639,367,188,26
june_BC02,june,BC02,0.3,584,327,182,27
june_BC02,june,BC02,0.3,624,358,199,30
june_BC02,june,BC02,0.3,609,346,201,32
june_BC02,june,BC02,0.4,731,404,219,33
june_BC02,june,BC02,0.4,744,420,218,35
june_BC02,june,BC02,0.4,703,403,217,34
june_BC02,june,BC02,0.4,726,403,210,31
june_BC02,june,BC02,0.4,692,368,203,32
june_BC02,june,BC02,0.4,736,403,208,28
june_BC02,june,BC02,0.4,708,385,205,31
june_BC02,june,BC02,0.4,724,406,211,35
june_BC02,june,BC02,0.4,700,408,207,31
june_BC02,june,BC02,0.4,715,402,208,31
june_BC02,june,BC02,0.5,824,447,225,30
june_BC02,june,BC02,0.5,791,433,228,35
june_BC02,june,BC02,0.5,777,423,222,37
june_BC02,june,BC02,0.5,800,430,226,32
june_BC02,june,BC02,0.5,809,446,226,34
june_BC02,june,BC02,0.5,804,431,228,36
june_BC02,june,BC02,0.5,783,424,228,33
june_BC02,june,BC02,0.5,833,460,226,32
june_BC02,june,BC02,0.5,821,452,228,36
june_BC02,june,BC02,0.5,810,432,220,35
june_BC02,june,BC02,0.6,869,481,233,37
june_BC02,june,BC02,0.6,904,481,240,34
june_BC02,june,BC02,0.6,887,468,236,31
june_BC02,june,BC02,0.6,882,480,235,34
june_BC02,june,BC02,0.6,883,474,234,35
june_BC02,june,BC02,0.6,869,477,235,37
june_BC02,june,BC02,0.6,885,469,231,34
june_BC02,june,BC02,0.6,900,495,237,34
june_BC02,june,BC02,0.6,889,472,235,36
june_BC02,june,BC02,0.6,894,473,236,34
june_BC02,june,BC02,0.7,959,517,250,34
june_BC02,june,BC02,0.7,964,517,241,36
june_BC02,june,BC02,0.7,935,491,233,36
june_BC02,june,BC02,0.7,935,495,238,38
june_BC02,june,BC02,0.7,927,488,243,35
june_BC02,june,BC02,0.7,930,496,239,37
june_BC02,june,BC02,0.7,942,505,242,37
june_BC02,june,BC02,0.7,952,502,247,37
june_BC02,june,BC02,0.7,954,510,243,35
june_BC02,june,BC02,0.7,900,495,237,34
june_BC02,june,BC02,0.8,980,514,250,36
june_BC02,june,BC02,0.8,1013,526,252,36
june_BC02,june,BC02,0.8,1021,536,254,37
june_BC02,june,BC02,0.8,1015,540,247,38
june_BC02,june,BC02,0.8,1040,547,256,38
june_BC02,june,BC02,0.8,1016,538,253,36
june_BC02,june,BC02,0.8,1014,532,247,37
june_BC02,june,BC02,0.8,1011,535,251,37
june_BC02,june,BC02,0.8,989,517,247,37
june_BC02,june,BC02,0.8,1001,530,246,37
june_BC02,june,BC02,0.9,1067,552,259,37
june_BC02,june,BC02,0.9,1060,556,256,38
june_BC02,june,BC02,0.9,1072,559,253,37
june_BC02,june,BC02,0.9,1070,553,255,37
june_BC02,june,BC02,0.9,1062,545,257,37
june_BC02,june,BC02,0.9,1066,552,253,36
june_BC02,june,BC02,0.9,1063,553,259,37
june_BC02,june,BC02,0.9,1064,553,253,37
june_BC02,june,BC02,0.9,1077,553,254,37
june_BC02,june,BC02,0.9,1059,544,253,38
june_BC02,june,BC02,1,1115,574,260,38
june_BC02,june,BC02,1,1115,574,260,38
june_BC02,june,BC02,1,1115,574,260,38
june_BC02,june,BC02,1,1115,574,260,38
june_BC02,june,BC02,1,1115,574,260,38
june_BC02,june,BC02,1,1115,574,260,38
june_BC02,june,BC02,1,1115,574,260,38
june_BC02,june,BC02,1,1115,574,260,38
june_BC02,june,BC02,1,1115,574,260,38
june_BC02,june,BC02,1,1115,574,260,38
june_BC03,june,BC03,0.1,1114,572,260,35
june_BC03,june,BC03,0.1,1076,560,263,36
june_BC03,june,BC03,0.1,1133,588,260,35
june_BC03,june,BC03,0.1,1158,605,271,37
june_BC03,june,BC03,0.1,1125,594,258,35
june_BC03,june,BC03,0.1,1109,571,258,36
june_BC03,june,BC03,0.1,1103,571,254,36
june_BC03,june,BC03,0.1,1119,574,260,33
june_BC03,june,BC03,0.1,1132,587,261,37
june_BC03,june,BC03,0.1,1130,605,263,36
june_BC03,june,BC03,0.2,1378,704,291,38
june_BC03,june,BC03,0.2,1373,684,286,38
june_BC03,june,BC03,0.2,1428,707,289,37
june_BC03,june,BC03,0.2,1384,677,281,37
june_BC03,june,BC03,0.2,1387,694,286,39
june_BC03,june,BC03,0.2,1374,667,286,38
june_BC03,june,BC03,0.2,1389,687,282,37
june_BC03,june,BC03,0.2,1393,693,284,38
june_BC03,june,BC03,0.2,1389,694,290,37
june_BC03,june,BC03,0.2,1393,675,286,38
june_BC03,june,BC03,0.3,1570,763,296,38
june_BC03,june,BC03,0.3,1551,737,297,38
june_BC03,june,BC03,0.3,1562,745,288,38
june_BC03,june,BC03,0.3,1576,744,295,38
june_BC03,june,BC03,0.3,1561,742,298,38
june_BC03,june,BC03,0.3,1576,765,300,39
june_BC03,june,BC03,0.3,1556,746,302,39
june_BC03,june,BC03,0.3,1596,756,294,38
june_BC03,june,BC03,0.3,1574,747,298,39
june_BC03,june,BC03,0.3,1538,732,291,38
june_BC03,june,BC03,0.4,1683,796,309,38
june_BC03,june,BC03,0.4,1682,767,297,38
june_BC03,june,BC03,0.4,1673,779,298,39
june_BC03,june,BC03,0.4,1684,776,300,39
june_BC03,june,BC03,0.4,1702,792,307,39
june_BC03,june,BC03,0.4,1708,789,307,38
june_BC03,june,BC03,0.4,1707,791,303,38
june_BC03,june,BC03,0.4,1704,786,302,39
june_BC03,june,BC03,0.4,1686,796,306,39
june_BC03,june,BC03,0.4,1653,761,303,39
june_BC03,june,BC03,0.5,1777,809,307,39
june_BC03,june,BC03,0.5,1789,812,312,39
june_BC03,june,BC03,0.5,1784,816,312,39
june_BC03,june,BC03,0.5,1796,821,309,39
june_BC03,june,BC03,0.5,1778,814,310,38
june_BC03,june,BC03,0.5,1766,802,309,39
june_BC03,june,BC03,0.5,1778,814,309,39
june_BC03,june,BC03,0.5,1771,806,306,39
june_BC03,june,BC03,0.5,1771,806,311,39
june_BC03,june,BC03,0.5,1786,814,311,39
june_BC03,june,BC03,0.6,1844,838,315,39
june_BC03,june,BC03,0.6,1857,830,313,38
june_BC03,june,BC03,0.6,1883,834,315,39
june_BC03,june,BC03,0.6,1884,841,314,39
june_BC03,june,BC03,0.6,1877,835,315,39
june_BC03,june,BC03,0.6,1875,834,312,39
june_BC03,june,BC03,0.6,1840,829,313,38
june_BC03,june,BC03,0.6,1885,843,314,38
june_BC03,june,BC03,0.6,1875,838,315,39
june_BC03,june,BC03,0.6,1872,837,313,38
june_BC03,june,BC03,0.7,1960,854,321,39
june_BC03,june,BC03,0.7,1969,866,321,39
june_BC03,june,BC03,0.7,1922,845,316,39
june_BC03,june,BC03,0.7,1936,850,315,39
june_BC03,june,BC03,0.7,1942,847,316,38
june_BC03,june,BC03,0.7,1911,847,319,39
june_BC03,june,BC03,0.7,1933,854,317,39
june_BC03,june,BC03,0.7,1957,856,316,39
june_BC03,june,BC03,0.7,1935,857,316,39
june_BC03,june,BC03,0.7,1944,857,314,39
june_BC03,june,BC03,0.8,2009,871,319,39
june_BC03,june,BC03,0.8,1968,866,323,39
june_BC03,june,BC03,0.8,1983,863,322,39
june_BC03,june,BC03,0.8,1993,866,325,39
june_BC03,june,BC03,0.8,1987,866,325,39
june_BC03,june,BC03,0.8,1976,863,322,39
june_BC03,june,BC03,0.8,1988,864,323,39
june_BC03,june,BC03,0.8,2008,866,317,39
june_BC03,june,BC03,0.8,2012,867,319,39
june_BC03,june,BC03,0.8,1998,874,324,39
june_BC03,june,BC03,0.9,2043,883,325,39
june_BC03,june,BC03,0.9,2037,875,324,39
june_BC03,june,BC03,0.9,2050,875,319,39
june_BC03,june,BC03,0.9,2058,882,324,39
june_BC03,june,BC03,0.9,2040,875,321,39
june_BC03,june,BC03,0.9,2049,877,326,39
june_BC03,june,BC03,0.9,2053,878,325,39
june_BC03,june,BC03,0.9,2025,876,324,39
june_BC03,june,BC03,0.9,2035,879,322,39
june_BC03,june,BC03,0.9,2044,882,322,39
june_BC03,june,BC03,1,2087,888,326,39
june_BC03,june,BC03,1,2087,888,326,39
june_BC03,june,BC03,1,2087,888,326,39
june_BC03,june,BC03,1,2087,888,326,39
june_BC03,june,BC03,1,2087,888,326,39
june_BC03,june,BC03,1,2087,888,326,39
june_BC03,june,BC03,1,2087,888,326,39
june_BC03,june,BC03,1,2087,888,326,39
june_BC03,june,BC03,1,2087,888,326,39
june_BC03,june,BC03,1,2087,888,326,39
june_BC04,june,BC04,0.1,8,8,7,4
june_BC04,june,BC04,0.1,9,9,8,4
june_BC04,june,BC04,0.1,14,12,12,5
june_BC04,june,BC04,0.1,9,9,8,4
june_BC04,june,BC04,0.1,9,9,8,2
june_BC04,june,BC04,0.1,12,12,10,3
june_BC04,june,BC04,0.1,13,10,9,5
june_BC04,june,BC04,0.1,11,10,8,4
june_BC04,june,BC04,0.1,12,8,7,3
june_BC04,june,BC04,0.1,11,11,11,6
june_BC04,june,BC04,0.2,12,12,7,2
june_BC04,june,BC04,0.2,17,16,15,5
june_BC04,june,BC04,0.2,29,22,21,6
june_BC04,june,BC04,0.2,24,20,19,6
june_BC04,june,BC04,0.2,28,24,21,7
june_BC04,june,BC04,0.2,31,26,23,7
june_BC04,june,BC04,0.2,26,23,15,7
june_BC04,june,BC04,0.2,18,16,14,6
june_BC04,june,BC04,0.2,22,18,17,6
june_BC04,june,BC04,0.2,24,21,18,8
june_BC04,june,BC04,0.3,42,34,30,8
june_BC04,june,BC04,0.3,41,33,26,7
june_BC04,june,BC04,0.3,36,33,26,7
june_BC04,june,BC04,0.3,35,32,24,5
june_BC04,june,BC04,0.3,42,28,24,6
june_BC04,june,BC04,0.3,40,26,21,5
june_BC04,june,BC04,0.3,40,28,24,9
june_BC04,june,BC04,0.3,23,19,17,5
june_BC04,june,BC04,0.3,43,35,30,7
june_BC04,june,BC04,0.3,42,37,31,7
june_BC04,june,BC04,0.4,54,39,33,10
june_BC04,june,BC04,0.4,57,39,31,8
june_BC04,june,BC04,0.4,41,37,27,7
june_BC04,june,BC04,0.4,49,38,30,7
june_BC04,june,BC04,0.4,52,40,33,10
june_BC04,june,BC04,0.4,48,39,29,8
june_BC04,june,BC04,0.4,43,32,29,9
june_BC04,june,BC04,0.4,54,40,30,6
june_BC04,june,BC04,0.4,44,36,30,8
june_BC04,june,BC04,0.4,50,39,32,9
june_BC04,june,BC04,0.5,59,40,35,8
june_BC04,june,BC04,0.5,60,44,35,8
june_BC04,june,BC04,0.5,61,50,36,10
june_BC04,june,BC04,0.5,58,44,36,10
june_BC04,june,BC04,0.5,57,42,30,7
june_BC04,june,BC04,0.5,65,47,35,8
june_BC04,june,BC04,0.5,58,46,34,8
june_BC04,june,BC04,0.5,50,40,31,7
june_BC04,june,BC04,0.5,58,46,31,8
june_BC04,june,BC04,0.5,68,48,39,10
june_BC04,june,BC04,0.6,70,56,41,9
june_BC04,june,BC04,0.6,71,54,43,10
june_BC04,june,BC04,0.6,66,51,37,7
june_BC04,june,BC04,0.6,70,58,41,9
june_BC04,june,BC04,0.6,65,47,41,9
june_BC04,june,BC04,0.6,73,56,39,9
june_BC04,june,BC04,0.6,70,52,39,11
june_BC04,june,BC04,0.6,70,52,39,11
june_BC04,june,BC04,0.6,63,52,38,8
june_BC04,june,BC04,0.6,70,57,44,9
june_BC04,june,BC04,0.7,83,62,45,10
june_BC04,june,BC04,0.7,81,63,43,8
june_BC04,june,BC04,0.7,82,59,48,10
june_BC04,june,BC04,0.7,80,64,46,8
june_BC04,june,BC04,0.7,82,61,43,9
june_BC04,june,BC04,0.7,82,63,49,11
june_BC04,june,BC04,0.7,81,65,51,11
june_BC04,june,BC04,0.7,88,67,50,11
june_BC04,june,BC04,0.7,87,68,48,11
june_BC04,june,BC04,0.7,81,66,52,10
june_BC04,june,BC04,0.8,94,70,49,10
june_BC04,june,BC04,0.8,89,66,50,10
june_BC04,june,BC04,0.8,96,72,50,9
june_BC04,june,BC04,0.8,93,72,49,9
june_BC04,june,BC04,0.8,88,73,49,11
june_BC04,june,BC04,0.8,86,68,47,8
june_BC04,june,BC04,0.8,91,69,49,8
june_BC04,june,BC04,0.8,88,67,50,10
june_BC04,june,BC04,0.8,93,70,51,10
june_BC04,june,BC04,0.8,90,68,45,9
june_BC04,june,BC04,0.9,101,77,53,10
june_BC04,june,BC04,0.9,102,79,55,11
june_BC04,june,BC04,0.9,103,78,53,10
june_BC04,june,BC04,0.9,108,81,56,11
june_BC04,june,BC04,0.9,94,73,51,11
june_BC04,june,BC04,0.9,100,76,55,11
june_BC04,june,BC04,0.9,102,76,54,11
june_BC04,june,BC04,0.9,101,81,55,11
june_BC04,june,BC04,0.9,106,80,55,11
june_BC04,june,BC04,0.9,105,80,54,11
june_BC04,june,BC04,1,112,85,58,11
june_BC04,june,BC04,1,112,85,58,11
june_BC04,june,BC04,1,112,85,58,11
june_BC04,june,BC04,1,112,85,58,11
june_BC04,june,BC04,1,112,85,58,11
june_BC04,june,BC04,1,112,85,58,11
june_BC04,june,BC04,1,112,85,58,11
june_BC04,june,BC04,1,112,85,58,11
june_BC04,june,BC04,1,112,85,58,11
june_BC04,june,BC04,1,112,85,58,11
june_BC05,june,BC05,0.1,1423,706,281,38
june_BC05,june,BC05,0.1,1410,697,289,37
june_BC05,june,BC05,0.1,1395,674,279,36
june_BC05,june,BC05,0.1,1407,702,277,38
june_BC05,june,BC05,0.1,1386,676,284,36
june_BC05,june,BC05,0.1,1370,678,276,36
june_BC05,june,BC05,0.1,1414,686,276,36
june_BC05,june,BC05,0.1,1383,689,278,34
june_BC05,june,BC05,0.1,1390,680,277,36
june_BC05,june,BC05,0.1,1390,685,292,38
june_BC05,june,BC05,0.2,1700,773,298,37
june_BC05,june,BC05,0.2,1669,771,295,36
june_BC05,june,BC05,0.2,1691,773,302,39
june_BC05,june,BC05,0.2,1709,776,296,37
june_BC05,june,BC05,0.2,1680,780,301,38
june_BC05,june,BC05,0.2,1735,783,299,39
june_BC05,june,BC05,0.2,1683,791,299,39
june_BC05,june,BC05,0.2,1711,793,303,37
june_BC05,june,BC05,0.2,1693,784,303,39
june_BC05,june,BC05,0.2,1720,798,300,37
june_BC05,june,BC05,0.3,1878,837,302,38
june_BC05,june,BC05,0.3,1853,841,308,39
june_BC05,june,BC05,0.3,1868,835,307,38
june_BC05,june,BC05,0.3,1874,837,312,38
june_BC05,june,BC05,0.3,1862,821,302,39
june_BC05,june,BC05,0.3,1853,826,308,38
june_BC05,june,BC05,0.3,1842,830,303,39
june_BC05,june,BC05,0.3,1857,821,306,39
june_BC05,june,BC05,0.3,1864,824,308,38
june_BC05,june,BC05,0.3,1893,827,304,39
june_BC05,june,BC05,0.4,1975,848,308,39
june_BC05,june,BC05,0.4,1959,860,311,39
june_BC05,june,BC05,0.4,1972,851,312,39
june_BC05,june,BC05,0.4,1971,860,315,39
june_BC05,june,BC05,0.4,1985,860,315,39
june_BC05,june,BC05,0.4,1959,848,306,39
june_BC05,june,BC05,0.4,1987,854,313,39
june_BC05,june,BC05,0.4,1980,871,313,39
june_BC05,june,BC05,0.4,1959,852,313,38
june_BC05,june,BC05,0.4,2002,864,315,39
june_BC05,june,BC05,0.5,2056,876,310,39
june_BC05,june,BC05,0.5,2050,871,313,39
june_BC05,june,BC05,0.5,2072,873,315,39
june_BC05,june,BC05,0.5,2060,876,309,39
june_BC05,june,BC05,0.5,2061,873,316,39
june_BC05,june,BC05,0.5,2081,884,316,39
june_BC05,june,BC05,0.5,2063,886,318,39
june_BC05,june,BC05,0.5,2069,878,315,39
june_BC05,june,BC05,0.5,2058,883,315,39
june_BC05,june,BC05,0.5,2044,874,312,38
june_BC05,june,BC05,0.6,2146,894,314,39
june_BC05,june,BC05,0.6,2123,881,313,39
june_BC05,june,BC05,0.6,2132,894,318,39
june_BC05,june,BC05,0.6,2137,889,319,39
june_BC05,june,BC05,0.6,2128,895,317,39
june_BC05,june,BC05,0.6,2127,889,313,39
june_BC05,june,BC05,0.6,2154,905,319,39
june_BC05,june,BC05,0.6,2116,894,317,39
june_BC05,june,BC05,0.6,2122,889,318,39
june_BC05,june,BC05,0.6,2130,896,319,39
june_BC05,june,BC05,0.7,2169,904,319,39
june_BC05,june,BC05,0.7,2198,913,321,39
june_BC05,june,BC05,0.7,2171,900,318,39
june_BC05,june,BC05,0.7,2201,902,321,39
june_BC05,june,BC05,0.7,2184,908,318,39
june_BC05,june,BC05,0.7,2171,900,318,39
june_BC05,june,BC05,0.7,2179,905,316,39
june_BC05,june,BC05,0.7,2188,905,317,39
june_BC05,june,BC05,0.7,2206,905,319,39
june_BC05,june,BC05,0.7,2177,903,319,39
june_BC05,june,BC05,0.8,2244,915,321,39
june_BC05,june,BC05,0.8,2217,915,321,39
june_BC05,june,BC05,0.8,2219,914,320,39
june_BC05,june,BC05,0.8,2239,914,321,39
june_BC05,june,BC05,0.8,2229,913,321,39
june_BC05,june,BC05,0.8,2219,908,320,39
june_BC05,june,BC05,0.8,2246,912,321,39
june_BC05,june,BC05,0.8,2235,913,324,39
june_BC05,june,BC05,0.8,2234,912,319,39
june_BC05,june,BC05,0.8,2239,918,323,39
june_BC05,june,BC05,0.9,2269,925,322,39
june_BC05,june,BC05,0.9,2285,919,321,39
june_BC05,june,BC05,0.9,2282,922,323,39
june_BC05,june,BC05,0.9,2269,923,322,39
june_BC05,june,BC05,0.9,2279,926,324,39
june_BC05,june,BC05,0.9,2281,924,322,39
june_BC05,june,BC05,0.9,2271,922,320,39
june_BC05,june,BC05,0.9,2274,926,323,39
june_BC05,june,BC05,0.9,2276,927,324,39
june_BC05,june,BC05,0.9,2279,925,322,39
june_BC05,june,BC05,1,2316,930,324,39
june_BC05,june,BC05,1,2316,930,324,39
june_BC05,june,BC05,1,2316,930,324,39
june_BC05,june,BC05,1,2316,930,324,39
june_BC05,june,BC05,1,2316,930,324,39
june_BC05,june,BC05,1,2316,930,324,39
june_BC05,june,BC05,1,2316,930,324,39
june_BC05,june,BC05,1,2316,930,324,39
june_BC05,june,BC05,1,2316,930,324,39
june_BC05,june,BC05,1,2316,930,324,39
june_BC06,june,BC06,0.1,9,8,6,3
june_BC06,june,BC06,0.1,16,10,7,5
june_BC06,june,BC06,0.1,19,12,8,4
june_BC06,june,BC06,0.1,14,12,8,4
june_BC06,june,BC06,0.1,18,14,15,6
june_BC06,june,BC06,0.1,13,10,9,5
june_BC06,june,BC06,0.1,10,8,8,4
june_BC06,june,BC06,0.1,19,13,12,6
june_BC06,june,BC06,0.1,12,10,7,2
june_BC06,june,BC06,0.1,13,13,13,7
june_BC06,june,BC06,0.2,25,19,18,9
june_BC06,june,BC06,0.2,27,22,20,7
june_BC06,june,BC06,0.2,28,22,17,7
june_BC06,june,BC06,0.2,21,19,15,6
june_BC06,june,BC06,0.2,32,19,14,5
june_BC06,june,BC06,0.2,23,19,15,7
june_BC06,june,BC06,0.2,26,21,15,6
june_BC06,june,BC06,0.2,22,16,11,4
june_BC06,june,BC06,0.2,18,17,14,5
june_BC06,june,BC06,0.2,20,24,22,7
june_BC06,june,BC06,0.3,33,26,24,7
june_BC06,june,BC06,0.3,34,25,20,6
june_BC06,june,BC06,0.3,43,36,32,8
june_BC06,june,BC06,0.3,38,28,25,6
june_BC06,june,BC06,0.3,31,27,25,8
june_BC06,june,BC06,0.3,38,31,27,6
june_BC06,june,BC06,0.3,31,26,20,5
june_BC06,june,BC06,0.3,38,29,24,7
june_BC06,june,BC06,0.3,28,21,20,6
june_BC06,june,BC06,0.3,31,31,28,7
june_BC06,june,BC06,0.4,41,35,30,9
june_BC06,june,BC06,0.4,43,37,32,9
june_BC06,june,BC06,0.4,55,46,37,9
june_BC06,june,BC06,0.4,54,37,31,8
june_BC06,june,BC06,0.4,48,34,30,6
june_BC06,june,BC06,0.4,42,33,32,6
june_BC06,june,BC06,0.4,44,39,33,6
june_BC06,june,BC06,0.4,49,35,27,8
june_BC06,june,BC06,0.4,36,32,29,5
june_BC06,june,BC06,0.4,52,35,30,7
june_BC06,june,BC06,0.5,46,31,28,6
june_BC06,june,BC06,0.5,58,50,38,9
june_BC06,june,BC06,0.5,66,51,45,11
june_BC06,june,BC06,0.5,55,40,36,7
june_BC06,june,BC06,0.5,62,46,35,8
june_BC06,june,BC06,0.5,62,53,43,9
june_BC06,june,BC06,0.5,60,44,36,7
june_BC06,june,BC06,0.5,59,45,35,8
june_BC06,june,BC06,0.5,67,49,36,7
june_BC06,june,BC06,0.5,55,46,38,9
june_BC06,june,BC06,0.6,65,54,45,10
june_BC06,june,BC06,0.6,64,52,39,7
june_BC06,june,BC06,0.6,64,48,38,7
june_BC06,june,BC06,0.6,60,45,37,7
june_BC06,june,BC06,0.6,70,56,44,11
june_BC06,june,BC06,0.6,80,62,51,10
june_BC06,june,BC06,0.6,67,55,42,8
june_BC06,june,BC06,0.6,73,53,39,9
june_BC06,june,BC06,0.6,70,56,44,10
june_BC06,june,BC06,0.6,64,50,40,10
june_BC06,june,BC06,0.7,85,65,53,10
june_BC06,june,BC06,0.7,79,64,52,10
june_BC06,june,BC06,0.7,87,66,53,10
june_BC06,june,BC06,0.7,77,58,46,9
june_BC06,june,BC06,0.7,66,50,41,9
june_BC06,june,BC06,0.7,85,61,44,11
june_BC06,june,BC06,0.7,72,58,46,9
june_BC06,june,BC06,0.7,79,65,54,10
june_BC06,june,BC06,0.7,85,67,49,10
june_BC06,june,BC06,0.7,89,65,51,10
june_BC06,june,BC06,0.8,84,65,51,9
june_BC06,june,BC06,0.8,90,65,49,9
june_BC06,june,BC06,0.8,94,71,52,10
june_BC06,june,BC06,0.8,96,67,53,11
june_BC06,june,BC06,0.8,86,68,53,11
june_BC06,june,BC06,0.8,85,62,51,11
june_BC06,june,BC06,0.8,91,69,53,11
june_BC06,june,BC06,0.8,91,68,52,9
june_BC06,june,BC06,0.8,85,60,49,10
june_BC06,june,BC06,0.8,92,69,54,11
june_BC06,june,BC06,0.9,100,76,59,11
june_BC06,june,BC06,0.9,98,73,56,11
june_BC06,june,BC06,0.9,100,73,57,11
june_BC06,june,BC06,0.9,98,72,55,11
june_BC06,june,BC06,0.9,101,75,56,11
june_BC06,june,BC06,0.9,98,73,55,9
june_BC06,june,BC06,0.9,100,73,56,11
june_BC06,june,BC06,0.9,97,73,55,10
june_BC06,june,BC06,0.9,94,70,55,11
june_BC06,june,BC06,0.9,102,74,56,11
june_BC06,june,BC06,1,109,80,60,11
june_BC06,june,BC06,1,109,80,60,11
june_BC06,june,BC06,1,109,80,60,11
june_BC06,june,BC06,1,109,80,60,11
june_BC06,june,BC06,1,109,80,60,11
june_BC06,june,BC06,1,109,80,60,11
june_BC06,june,BC06,1,109,80,60,11
june_BC06,june,BC06,1,109,80,60,11
june_BC06,june,BC06,1,109,80,60,11
june_BC06,june,BC06,1,109,80,60,11
june_BC07,june,BC07,0.1,9,5,5,3
june_BC07,june,BC07,0.1,6,6,5,4
june_BC07,june,BC07,0.1,14,10,9,5
june_BC07,june,BC07,0.1,7,5,3,2
june_BC07,june,BC07,0.1,6,6,5,2
june_BC07,june,BC07,0.1,11,11,9,6
june_BC07,june,BC07,0.1,6,6,5,3
june_BC07,june,BC07,0.1,5,5,5,3
june_BC07,june,BC07,0.1,7,7,7,4
june_BC07,june,BC07,0.1,9,9,6,4
june_BC07,june,BC07,0.2,9,9,8,5
june_BC07,june,BC07,0.2,10,8,8,4
june_BC07,june,BC07,0.2,10,10,10,6
june_BC07,june,BC07,0.2,13,11,9,5
june_BC07,june,BC07,0.2,12,9,7,3
june_BC07,june,BC07,0.2,16,15,13,6
june_BC07,june,BC07,0.2,14,14,13,5
june_BC07,june,BC07,0.2,20,18,13,5
june_BC07,june,BC07,0.2,15,15,13,3
june_BC07,june,BC07,0.2,14,12,10,5
june_BC07,june,BC07,0.3,21,19,13,4
june_BC07,june,BC07,0.3,22,17,15,5
june_BC07,june,BC07,0.3,19,17,16,7
june_BC07,june,BC07,0.3,20,20,16,5
june_BC07,june,BC07,0.3,21,21,16,6
june_BC07,june,BC07,0.3,22,21,17,5
june_BC07,june,BC07,0.3,18,18,11,4
june_BC07,june,BC07,0.3,15,12,11,6
june_BC07,june,BC07,0.3,23,21,16,5
june_BC07,june,BC07,0.3,20,17,14,6
june_BC07,june,BC07,0.4,35,28,21,6
june_BC07,june,BC07,0.4,26,23,19,5
june_BC07,june,BC07,0.4,22,22,18,6
june_BC07,june,BC07,0.4,27,24,17,5
june_BC07,june,BC07,0.4,30,25,18,5
june_BC07,june,BC07,0.4,30,26,19,6
june_BC07,june,BC07,0.4,33,25,19,6
june_BC07,june,BC07,0.4,31,29,21,6
june_BC07,june,BC07,0.4,23,23,18,6
june_BC07,june,BC07,0.4,35,30,25,6
june_BC07,june,BC07,0.5,35,30,22,7
june_BC07,june,BC07,0.5,39,31,22,7
june_BC07,june,BC07,0.5,38,32,26,6
june_BC07,june,BC07,0.5,31,29,21,5
june_BC07,june,BC07,0.5,26,23,18,6
june_BC07,june,BC07,0.5,41,38,25,7
june_BC07,june,BC07,0.5,32,26,21,7
june_BC07,june,BC07,0.5,34,31,23,6
june_BC07,june,BC07,0.5,33,28,23,7
june_BC07,june,BC07,0.5,36,34,23,6
june_BC07,june,BC07,0.6,30,24,18,7
june_BC07,june,BC07,0.6,34,32,21,6
june_BC07,june,BC07,0.6,39,33,24,6
june_BC07,june,BC07,0.6,35,32,22,6
june_BC07,june,BC07,0.6,36,32,24,6
june_BC07,june,BC07,0.6,43,41,29,6
june_BC07,june,BC07,0.6,40,34,23,6
june_BC07,june,BC07,0.6,33,28,19,7
june_BC07,june,BC07,0.6,44,38,27,7
june_BC07,june,BC07,0.6,48,42,28,7
june_BC07,june,BC07,0.7,51,46,32,7
june_BC07,june,BC07,0.7,44,38,30,7
june_BC07,june,BC07,0.7,43,37,26,6
june_BC07,june,BC07,0.7,50,46,31,6
june_BC07,june,BC07,0.7,48,41,28,6
june_BC07,june,BC07,0.7,49,44,30,7
june_BC07,june,BC07,0.7,39,32,20,7
june_BC07,june,BC07,0.7,51,42,28,6
june_BC07,june,BC07,0.7,45,39,26,7
june_BC07,june,BC07,0.7,43,34,25,7
june_BC07,june,BC07,0.8,53,45,30,7
june_BC07,june,BC07,0.8,55,48,33,7
june_BC07,june,BC07,0.8,49,40,28,7
june_BC07,june,BC07,0.8,52,48,32,7
june_BC07,june,BC07,0.8,49,43,30,7
june_BC07,june,BC07,0.8,51,41,32,7
june_BC07,june,BC07,0.8,53,46,31,7
june_BC07,june,BC07,0.8,54,48,34,7
june_BC07,june,BC07,0.8,57,49,34,7
june_BC07,june,BC07,0.8,54,44,32,7
june_BC07,june,BC07,0.9,55,49,34,7
june_BC07,june,BC07,0.9,59,49,34,7
june_BC07,june,BC07,0.9,57,48,33,7
june_BC07,june,BC07,0.9,57,47,35,7
june_BC07,june,BC07,0.9,58,51,34,7
june_BC07,june,BC07,0.9,57,48,33,6
june_BC07,june,BC07,0.9,59,50,35,7
june_BC07,june,BC07,0.9,60,51,37,7
june_BC07,june,BC07,0.9,56,49,33,7
june_BC07,june,BC07,0.9,55,48,32,7
june_BC07,june,BC07,1,64,54,37,7
june_BC07,june,BC07,1,64,54,37,7
june_BC07,june,BC07,1,64,54,37,7
june_BC07,june,BC07,1,64,54,37,7
june_BC07,june,BC07,1,64,54,37,7
june_BC07,june,BC07,1,64,54,37,7
june_BC07,june,BC07,1,64,54,37,7
june_BC07,june,BC07,1,64,54,37,7
june_BC07,june,BC07,1,64,54,37,7
june_BC07,june,BC07,1,64,54,37,7
june_BC08,june,BC08,0.1,1149,505,227,30
june_BC08,june,BC08,0.1,1101,474,216,29
june_BC08,june,BC08,0.1,1094,474,211,33
june_BC08,june,BC08,0.1,1121,487,205,28
june_BC08,june,BC08,0.1,1106,478,214,29
june_BC08,june,BC08,0.1,1142,480,204,30
june_BC08,june,BC08,0.1,1119,479,214,31
june_BC08,june,BC08,0.1,1122,493,217,31
june_BC08,june,BC08,0.1,1152,495,212,33
june_BC08,june,BC08,0.1,1136,482,207,31
june_BC08,june,BC08,0.2,1395,597,256,33
june_BC08,june,BC08,0.2,1413,597,244,33
june_BC08,june,BC08,0.2,1430,603,248,35
june_BC08,june,BC08,0.2,1443,601,247,35
june_BC08,june,BC08,0.2,1431,615,253,35
june_BC08,june,BC08,0.2,1430,624,263,34
june_BC08,june,BC08,0.2,1397,585,242,31
june_BC08,june,BC08,0.2,1420,599,243,30
june_BC08,june,BC08,0.2,1337,571,233,31
june_BC08,june,BC08,0.2,1461,627,252,34
june_BC08,june,BC08,0.3,1566,667,270,35
june_BC08,june,BC08,0.3,1579,649,268,35
june_BC08,june,BC08,0.3,1570,662,272,35
june_BC08,june,BC08,0.3,1608,657,261,35
june_BC08,june,BC08,0.3,1565,655,266,33
june_BC08,june,BC08,0.3,1543,653,262,37
june_BC08,june,BC08,0.3,1556,649,258,36
june_BC08,june,BC08,0.3,1583,650,262,35
june_BC08,june,BC08,0.3,1573,650,264,34
june_BC08,june,BC08,0.3,1544,649,265,32
june_BC08,june,BC08,0.4,1643,685,277,35
june_BC08,june,BC08,0.4,1684,691,270,36
june_BC08,june,BC08,0.4,1717,695,281,37
june_BC08,june,BC08,0.4,1679,689,279,35
june_BC08,june,BC08,0.4,1684,701,282,37
june_BC08,june,BC08,0.4,1687,692,275,37
june_BC08,june,BC08,0.4,1690,698,278,36
june_BC08,june,BC08,0.4,1678,693,275,35
june_BC08,june,BC08,0.4,1691,698,280,36
june_BC08,june,BC08,0.4,1681,699,280,37
june_BC08,june,BC08,0.5,1785,732,280,37
june_BC08,june,BC08,0.5,1757,714,280,35
june_BC08,june,BC08,0.5,1791,720,282,37
june_BC08,june,BC08,0.5,1780,728,287,36
june_BC08,june,BC08,0.5,1770,725,285,36
june_BC08,june,BC08,0.5,1774,737,286,35
june_BC08,june,BC08,0.5,1778,731,284,35
june_BC08,june,BC08,0.5,1772,722,292,37
june_BC08,june,BC08,0.5,1783,719,282,38
june_BC08,june,BC08,0.5,1760,721,285,35
june_BC08,june,BC08,0.6,1826,744,288,37
june_BC08,june,BC08,0.6,1845,747,289,37
june_BC08,june,BC08,0.6,1835,740,286,37
june_BC08,june,BC08,0.6,1847,751,292,38
june_BC08,june,BC08,0.6,1846,748,293,38
june_BC08,june,BC08,0.6,1854,748,290,37
june_BC08,june,BC08,0.6,1862,763,295,36
june_BC08,june,BC08,0.6,1867,759,291,37
june_BC08,june,BC08,0.6,1843,751,289,38
june_BC08,june,BC08,0.6,1849,756,284,38
june_BC08,june,BC08,0.7,1887,762,294,38
june_BC08,june,BC08,0.7,1894,762,298,37
june_BC08,june,BC08,0.7,1881,764,294,38
june_BC08,june,BC08,0.7,1908,766,299,35
june_BC08,june,BC08,0.7,1884,764,296,37
june_BC08,june,BC08,0.7,1885,773,300,38
june_BC08,june,BC08,0.7,1880,751,292,37
june_BC08,june,BC08,0.7,1881,763,294,38
june_BC08,june,BC08,0.7,1891,762,294,37
june_BC08,june,BC08,0.7,1909,778,300,37
june_BC08,june,BC08,0.8,1943,776,298,38
june_BC08,june,BC08,0.8,1929,775,297,38
june_BC08,june,BC08,0.8,1932,774,294,38
june_BC08,june,BC08,0.8,1949,784,303,38
june_BC08,june,BC08,0.8,1934,774,298,37
june_BC08,june,BC08,0.8,1943,781,301,38
june_BC08,june,BC08,0.8,1938,778,297,38
june_BC08,june,BC08,0.8,1935,779,294,38
june_BC08,june,BC08,0.8,1960,785,301,37
june_BC08,june,BC08,0.8,1941,765,294,37
june_BC08,june,BC08,0.9,1996,795,302,38
june_BC08,june,BC08,0.9,1983,791,303,38
june_BC08,june,BC08,0.9,1989,794,304,38
june_BC08,june,BC08,0.9,1981,793,304,37
june_BC08,june,BC08,0.9,1995,793,302,38
june_BC08,june,BC08,0.9,1981,789,299,38
june_BC08,june,BC08,0.9,1982,792,302,38
june_BC08,june,BC08,0.9,1984,791,300,38
june_BC08,june,BC08,0.9,1986,789,302,38
june_BC08,june,BC08,0.9,1973,783,300,37
june_BC08,june,BC08,1,2018,801,304,38
june_BC08,june,BC08,1,2018,801,304,38
june_BC08,june,BC08,1,2018,801,304,38
june_BC08,june,BC08,1,2018,801,304,38
june_BC08,june,BC08,1,2018,801,304,38
june_BC08,june,BC08,1,2018,801,304,38
june_BC08,june,BC08,1,2018,801,304,38
june_BC08,june,BC08,1,2018,801,304,38
june_BC08,june,BC08,1,2018,801,304,38
june_BC08,june,BC08,1,2018,801,304,38
june_BC09,june,BC09,0.1,11,11,11,5
june_BC09,june,BC09,0.1,12,7,5,3
june_BC09,june,BC09,0.1,11,9,9,4
june_BC09,june,BC09,0.1,12,6,6,3
june_BC09,june,BC09,0.1,12,9,9,4
june_BC09,june,BC09,0.1,15,9,7,4
june_BC09,june,BC09,0.1,13,11,8,4
june_BC09,june,BC09,0.1,10,6,6,4
june_BC09,june,BC09,0.1,15,13,10,3
june_BC09,june,BC09,0.1,12,8,8,5
june_BC09,june,BC09,0.2,28,21,17,6
june_BC09,june,BC09,0.2,17,15,12,3
june_BC09,june,BC09,0.2,36,23,19,5
june_BC09,june,BC09,0.2,23,17,15,5
june_BC09,june,BC09,0.2,28,15,14,6
june_BC09,june,BC09,0.2,25,15,13,4
june_BC09,june,BC09,0.2,24,15,13,4
june_BC09,june,BC09,0.2,25,20,16,6
june_BC09,june,BC09,0.2,29,17,13,5
june_BC09,june,BC09,0.2,19,16,15,5
june_BC09,june,BC09,0.3,32,21,19,7
june_BC09,june,BC09,0.3,34,24,21,8
june_BC09,june,BC09,0.3,26,21,17,5
june_BC09,june,BC09,0.3,47,33,25,5
june_BC09,june,BC09,0.3,29,23,18,4
june_BC09,june,BC09,0.3,36,26,23,7
june_BC09,june,BC09,0.3,36,21,18,4
june_BC09,june,BC09,0.3,35,23,18,5
june_BC09,june,BC09,0.3,34,22,15,5
june_BC09,june,BC09,0.3,36,22,20,7
june_BC09,june,BC09,0.4,40,27,18,7
june_BC09,june,BC09,0.4,48,35,27,7
june_BC09,june,BC09,0.4,40,30,26,7
june_BC09,june,BC09,0.4,43,27,23,5
june_BC09,june,BC09,0.4,42,27,22,5
june_BC09,june,BC09,0.4,48,31,23,6
june_BC09,june,BC09,0.4,44,32,25,4
june_BC09,june,BC09,0.4,47,33,28,5
june_BC09,june,BC09,0.4,41,29,18,6
june_BC09,june,BC09,0.4,52,38,27,5
june_BC09,june,BC09,0.5,47,37,29,7
june_BC09,june,BC09,0.5,59,43,33,6
june_BC09,june,BC09,0.5,47,33,27,6
june_BC09,june,BC09,0.5,45,32,27,8
june_BC09,june,BC09,0.5,47,34,24,5
june_BC09,june,BC09,0.5,52,42,32,7
june_BC09,june,BC09,0.5,50,39,29,5
june_BC09,june,BC09,0.5,58,38,27,6
june_BC09,june,BC09,0.5,57,39,30,7
june_BC09,june,BC09,0.5,46,31,25,7
june_BC09,june,BC09,0.6,57,39,29,7
june_BC09,june,BC09,0.6,71,42,32,7
june_BC09,june,BC09,0.6,62,44,30,7
june_BC09,june,BC09,0.6,67,43,33,6
june_BC09,june,BC09,0.6,63,40,30,8
june_BC09,june,BC09,0.6,64,49,35,8
june_BC09,june,BC09,0.6,66,41,27,6
june_BC09,june,BC09,0.6,71,45,35,7
june_BC09,june,BC09,0.6,54,40,31,6
june_BC09,june,BC09,0.6,56,44,32,6
june_BC09,june,BC09,0.7,80,50,36,7
june_BC09,june,BC09,0.7,71,48,34,7
june_BC09,june,BC09,0.7,71,42,31,7
june_BC09,june,BC09,0.7,71,42,30,8
june_BC09,june,BC09,0.7,72,44,32,7
june_BC09,june,BC09,0.7,67,50,34,8
june_BC09,june,BC09,0.7,77,49,35,8
june_BC09,june,BC09,0.7,71,48,31,8
june_BC09,june,BC09,0.7,77,51,36,8
june_BC09,june,BC09,0.7,65,50,37,8
june_BC09,june,BC09,0.8,85,55,39,7
june_BC09,june,BC09,0.8,82,52,39,8
june_BC09,june,BC09,0.8,79,52,35,8
june_BC09,june,BC09,0.8,81,53,35,7
june_BC09,june,BC09,0.8,86,52,37,8
june_BC09,june,BC09,0.8,80,56,40,7
june_BC09,june,BC09,0.8,77,50,37,7
june_BC09,june,BC09,0.8,73,54,36,8
june_BC09,june,BC09,0.8,82,56,39,8
june_BC09,june,BC09,0.8,81,55,38,8
june_BC09,june,BC09,0.9,85,59,41,8
june_BC09,june,BC09,0.9,87,51,35,8
june_BC09,june,BC09,0.9,87,57,39,8
june_BC09,june,BC09,0.9,88,56,38,8
june_BC09,june,BC09,0.9,92,59,40,8
june_BC09,june,BC09,0.9,83,55,37,8
june_BC09,june,BC09,0.9,90,57,40,6
june_BC09,june,BC09,0.9,88,56,40,8
june_BC09,june,BC09,0.9,81,56,38,7
june_BC09,june,BC09,0.9,88,55,36,8
june_BC09,june,BC09,1,97,61,42,8
june_BC09,june,BC09,1,97,61,42,8
june_BC09,june,BC09,1,97,61,42,8
june_BC09,june,BC09,1,97,61,42,8
june_BC09,june,BC09,1,97,61,42,8
june_BC09,june,BC09,1,97,61,42,8
june_BC09,june,BC09,1,97,61,42,8
june_BC09,june,BC09,1,97,61,42,8
june_BC09,june,BC09,1,97,61,42,8
june_BC09,june,BC09,1,97,61,42,8
june_BC10,june,BC10,0.1,5,5,5,4
june_BC10,june,BC10,0.1,5,3,3,3
june_BC10,june,BC10,0.1,4,4,4,2
june_BC10,june,BC10,0.1,4,2,2,2
june_BC10,june,BC10,0.1,4,4,4,2
june_BC10,june,BC10,0.1,8,4,4,3
june_BC10,june,BC10,0.1,5,5,5,4
june_BC10,june,BC10,0.1,8,8,5,3
june_BC10,june,BC10,0.1,7,5,3,3
june_BC10,june,BC10,0.1,5,5,3,2
june_BC10,june,BC10,0.2,6,6,4,3
june_BC10,june,BC10,0.2,9,9,9,4
june_BC10,june,BC10,0.2,11,14,15,3
june_BC10,june,BC10,0.2,14,13,7,4
june_BC10,june,BC10,0.2,9,9,9,4
june_BC10,june,BC10,0.2,9,5,5,4
june_BC10,june,BC10,0.2,12,12,12,3
june_BC10,june,BC10,0.2,17,9,6,3
june_BC10,june,BC10,0.2,8,8,8,5
june_BC10,june,BC10,0.2,7,7,5,3
june_BC10,june,BC10,0.3,12,8,7,3
june_BC10,june,BC10,0.3,13,8,8,6
june_BC10,june,BC10,0.3,10,12,12,3
june_BC10,june,BC10,0.3,11,9,9,6
june_BC10,june,BC10,0.3,14,15,15,6
june_BC10,june,BC10,0.3,13,13,13,6
june_BC10,june,BC10,0.3,10,6,6,3
june_BC10,june,BC10,0.3,14,10,10,5
june_BC10,june,BC10,0.3,16,17,13,5
june_BC10,june,BC10,0.3,10,9,7,5
june_BC10,june,BC10,0.4,18,14,14,5
june_BC10,june,BC10,0.4,16,19,16,6
june_BC10,june,BC10,0.4,20,16,15,5
june_BC10,june,BC10,0.4,13,13,13,6
june_BC10,june,BC10,0.4,22,17,15,6
june_BC10,june,BC10,0.4,16,14,13,6
june_BC10,june,BC10,0.4,21,18,15,6
june_BC10,june,BC10,0.4,20,17,15,7
june_BC10,june,BC10,0.4,15,14,11,5
june_BC10,june,BC10,0.4,17,14,15,4
june_BC10,june,BC10,0.5,24,16,13,7
june_BC10,june,BC10,0.5,24,17,17,7
june_BC10,june,BC10,0.5,19,18,14,5
june_BC10,june,BC10,0.5,20,23,18,6
june_BC10,june,BC10,0.5,24,19,16,6
june_BC10,june,BC10,0.5,24,16,13,6
june_BC10,june,BC10,0.5,21,16,15,6
june_BC10,june,BC10,0.5,21,16,12,4
june_BC10,june,BC10,0.5,28,24,17,6
june_BC10,june,BC10,0.5,21,15,12,6
june_BC10,june,BC10,0.6,17,18,18,6
june_BC10,june,BC10,0.6,24,17,15,6
june_BC10,june,BC10,0.6,21,21,18,4
june_BC10,june,BC10,0.6,28,27,21,6
june_BC10,june,BC10,0.6,23,19,15,6
june_BC10,june,BC10,0.6,32,22,17,6
june_BC10,june,BC10,0.6,27,21,17,5
june_BC10,june,BC10,0.6,22,22,21,7
june_BC10,june,BC10,0.6,27,23,18,5
june_BC10,june,BC10,0.6,24,25,22,6
june_BC10,june,BC10,0.7,30,24,21,6
june_BC10,june,BC10,0.7,23,19,16,5
june_BC10,june,BC10,0.7,33,26,20,4
june_BC10,june,BC10,0.7,29,25,19,6
june_BC10,june,BC10,0.7,33,23,18,7
june_BC10,june,BC10,0.7,36,30,23,6
june_BC10,june,BC10,0.7,29,25,19,7
june_BC10,june,BC10,0.7,23,24,19,7
june_BC10,june,BC10,0.7,29,28,22,7
june_BC10,june,BC10,0.7,29,20,17,7
june_BC10,june,BC10,0.8,29,23,19,6
june_BC10,june,BC10,0.8,33,26,23,7
june_BC10,june,BC10,0.8,34,31,25,7
june_BC10,june,BC10,0.8,32,25,19,6
june_BC10,june,BC10,0.8,34,25,19,6
june_BC10,june,BC10,0.8,35,29,23,6
june_BC10,june,BC10,0.8,38,30,24,6
june_BC10,june,BC10,0.8,36,28,22,6
june_BC10,june,BC10,0.8,37,25,21,7
june_BC10,june,BC10,0.8,31,24,21,6
june_BC10,june,BC10,0.9,35,27,21,6
june_BC10,june,BC10,0.9,34,31,24,7
june_BC10,june,BC10,0.9,38,30,24,7
june_BC10,june,BC10,0.9,39,32,25,7
june_BC10,june,BC10,0.9,36,29,23,7
june_BC10,june,BC10,0.9,38,31,24,6
june_BC10,june,BC10,0.9,40,32,25,6
june_BC10,june,BC10,0.9,36,29,25,7
june_BC10,june,BC10,0.9,40,32,25,7
june_BC10,june,BC10,0.9,37,30,23,6
june_BC10,june,BC10,1,41,33,26,7
june_BC10,june,BC10,1,41,33,26,7
june_BC10,june,BC10,1,41,33,26,7
june_BC10,june,BC10,1,41,33,26,7
june_BC10,june,BC10,1,41,33,26,7
june_BC10,june,BC10,1,41,33,26,7
june_BC10,june,BC10,1,41,33,26,7
june_BC10,june,BC10,1,41,33,26,7
june_BC10,june,BC10,1,41,33,26,7
june_BC10,june,BC10,1,41,33,26,7
june_BC11,june,BC11,0.1,1214,611,253,32
june_BC11,june,BC11,0.1,1252,605,249,29
june_BC11,june,BC11,0.1,1227,623,254,32
june_BC11,june,BC11,0.1,1225,620,253,33
june_BC11,june,BC11,0.1,1283,640,258,34
june_BC11,june,BC11,0.1,1246,621,267,33
june_BC11,june,BC11,0.1,1237,628,257,31
june_BC11,june,BC11,0.1,1258,613,248,31
june_BC11,june,BC11,0.1,1237,626,257,32
june_BC11,june,BC11,0.1,1237,630,251,32
june_BC11,june,BC11,0.2,1606,746,284,34
june_BC11,june,BC11,0.2,1598,739,289,36
june_BC11,june,BC11,0.2,1603,755,278,32
june_BC11,june,BC11,0.2,1611,762,283,34
june_BC11,june,BC11,0.2,1596,773,293,35
june_BC11,june,BC11,0.2,1594,751,288,36
june_BC11,june,BC11,0.2,1643,751,284,33
june_BC11,june,BC11,0.2,1591,738,286,34
june_BC11,june,BC11,0.2,1565,754,288,34
june_BC11,june,BC11,0.2,1580,741,286,36
june_BC11,june,BC11,0.3,1781,805,300,36
june_BC11,june,BC11,0.3,1796,797,298,35
june_BC11,june,BC11,0.3,1826,808,291,34
june_BC11,june,BC11,0.3,1771,814,300,36
june_BC11,june,BC11,0.3,1795,785,295,32
june_BC11,june,BC11,0.3,1804,804,297,35
june_BC11,june,BC11,0.3,1797,818,302,36
june_BC11,june,BC11,0.3,1768,800,292,36
june_BC11,june,BC11,0.3,1809,810,294,36
june_BC11,june,BC11,0.3,1782,804,300,35
june_BC11,june,BC11,0.4,1932,849,311,36
june_BC11,june,BC11,0.4,1935,854,306,36
june_BC11,june,BC11,0.4,1916,844,308,35
june_BC11,june,BC11,0.4,1938,841,308,36
june_BC11,june,BC11,0.4,1932,852,301,36
june_BC11,june,BC11,0.4,1950,846,299,37
june_BC11,june,BC11,0.4,1963,850,311,37
june_BC11,june,BC11,0.4,1944,841,300,37
june_BC11,june,BC11,0.4,1933,840,304,37
june_BC11,june,BC11,0.4,1952,844,303,35
june_BC11,june,BC11,0.5,2044,884,313,37
june_BC11,june,BC11,0.5,2064,882,316,37
june_BC11,june,BC11,0.5,2047,865,304,37
june_BC11,june,BC11,0.5,2038,874,310,37
june_BC11,june,BC11,0.5,2051,877,310,37
june_BC11,june,BC11,0.5,2038,861,309,36
june_BC11,june,BC11,0.5,2037,875,313,37
june_BC11,june,BC11,0.5,2048,868,312,36
june_BC11,june,BC11,0.5,2049,865,308,36
june_BC11,june,BC11,0.5,2067,876,312,37
june_BC11,june,BC11,0.6,2120,888,307,37
june_BC11,june,BC11,0.6,2126,894,313,37
june_BC11,june,BC11,0.6,2117,892,312,37
june_BC11,june,BC11,0.6,2111,891,312,37
june_BC11,june,BC11,0.6,2110,882,312,37
june_BC11,june,BC11,0.6,2103,888,312,37
june_BC11,june,BC11,0.6,2128,888,312,37
june_BC11,june,BC11,0.6,2121,891,314,37
june_BC11,june,BC11,0.6,2139,889,312,37
june_BC11,june,BC11,0.6,2161,899,316,37
june_BC11,june,BC11,0.7,2186,906,313,37
june_BC11,june,BC11,0.7,2185,897,313,36
june_BC11,june,BC11,0.7,2199,894,315,37
june_BC11,june,BC11,0.7,2191,903,315,37
june_BC11,june,BC11,0.7,2189,908,317,37
june_BC11,june,BC11,0.7,2219,906,315,37
june_BC11,june,BC11,0.7,2171,909,316,37
june_BC11,june,BC11,0.7,2187,900,316,37
june_BC11,june,BC11,0.7,2187,898,317,37
june_BC11,june,BC11,0.7,2200,903,314,37
june_BC11,june,BC11,0.8,2238,908,317,37
june_BC11,june,BC11,0.8,2242,912,315,37
june_BC11,june,BC11,0.8,2242,913,316,37
june_BC11,june,BC11,0.8,2233,912,318,37
june_BC11,june,BC11,0.8,2243,913,315,37
june_BC11,june,BC11,0.8,2233,915,316,37
june_BC11,june,BC11,0.8,2237,907,314,37
june_BC11,june,BC11,0.8,2239,912,316,37
june_BC11,june,BC11,0.8,2225,909,316,36
june_BC11,june,BC11,0.8,2263,909,315,37
june_BC11,june,BC11,0.9,2291,920,317,37
june_BC11,june,BC11,0.9,2281,920,318,37
june_BC11,june,BC11,0.9,2293,916,316,37
june_BC11,june,BC11,0.9,2275,912,315,37
june_BC11,june,BC11,0.9,2280,920,318,37
june_BC11,june,BC11,0.9,2289,920,316,37
june_BC11,june,BC11,0.9,2297,918,318,37
june_BC11,june,BC11,0.9,2304,919,317,37
june_BC11,june,BC11,0.9,2297,920,317,37
june_BC11,june,BC11,0.9,2287,918,316,37
june_BC11,june,BC11,1,2326,924,318,37
june_BC11,june,BC11,1,2326,924,318,37
june_BC11,june,BC11,1,2326,924,318,37
june_BC11,june,BC11,1,2326,924,318,37
june_BC11,june,BC11,1,2326,924,318,37
june_BC11,june,BC11,1,2326,924,318,37
june_BC11,june,BC11,1,2326,924,318,37
june_BC11,june,BC11,1,2326,924,318,37
june_BC11,june,BC11,1,2326,924,318,37
june_BC11,june,BC11,1,2326,924,318,37
june_BC12,june,BC12,0.1,19,17,17,6
june_BC12,june,BC12,0.1,14,14,13,8
june_BC12,june,BC12,0.1,14,13,12,5
june_BC12,june,BC12,0.1,19,15,13,5
june_BC12,june,BC12,0.1,14,15,11,5
june_BC12,june,BC12,0.1,13,14,12,4
june_BC12,june,BC12,0.1,10,10,9,3
june_BC12,june,BC12,0.1,17,16,14,7
june_BC12,june,BC12,0.1,15,12,12,6
june_BC12,june,BC12,0.1,11,8,6,3
june_BC12,june,BC12,0.2,32,23,23,8
june_BC12,june,BC12,0.2,33,22,20,7
june_BC12,june,BC12,0.2,38,28,23,7
june_BC12,june,BC12,0.2,31,27,22,7
june_BC12,june,BC12,0.2,34,28,20,5
june_BC12,june,BC12,0.2,19,17,14,4
june_BC12,june,BC12,0.2,30,24,22,6
june_BC12,june,BC12,0.2,28,24,19,6
june_BC12,june,BC12,0.2,30,21,13,3
june_BC12,june,BC12,0.2,34,28,17,3
june_BC12,june,BC12,0.3,41,37,28,7
june_BC12,june,BC12,0.3,46,35,28,7
june_BC12,june,BC12,0.3,35,32,23,6
june_BC12,june,BC12,0.3,62,40,27,6
june_BC12,june,BC12,0.3,36,28,25,5
june_BC12,june,BC12,0.3,41,37,26,7
june_BC12,june,BC12,0.3,47,35,24,9
june_BC12,june,BC12,0.3,39,29,26,7
june_BC12,june,BC12,0.3,51,39,32,8
june_BC12,june,BC12,0.3,53,43,32,8
june_BC12,june,BC12,0.4,53,43,29,8
june_BC12,june,BC12,0.4,66,49,38,9
june_BC12,june,BC12,0.4,54,47,36,7
june_BC12,june,BC12,0.4,57,47,34,9
june_BC12,june,BC12,0.4,62,49,35,6
june_BC12,june,BC12,0.4,56,46,36,8
june_BC12,june,BC12,0.4,55,47,35,6
june_BC12,june,BC12,0.4,63,47,36,9
june_BC12,june,BC12,0.4,70,48,31,9
june_BC12,june,BC12,0.4,44,37,28,8
june_BC12,june,BC12,0.5,72,60,43,8
june_BC12,june,BC12,0.5,69,55,42,8
june_BC12,june,BC12,0.5,86,64,43,9
june_BC12,june,BC12,0.5,76,53,38,8
june_BC12,june,BC12,0.5,77,55,41,9
june_BC12,june,BC12,0.5,87,61,45,9
june_BC12,june,BC12,0.5,79,54,39,8
june_BC12,june,BC12,0.5,73,51,38,9
june_BC12,june,BC12,0.5,74,59,43,9
june_BC12,june,BC12,0.5,71,54,42,9
june_BC12,june,BC12,0.6,83,64,45,8
june_BC12,june,BC12,0.6,90,66,45,10
june_BC12,june,BC12,0.6,85,64,46,9
june_BC12,june,BC12,0.6,84,65,47,9
june_BC12,june,BC12,0.6,79,62,47,9
june_BC12,june,BC12,0.6,77,58,39,7
june_BC12,june,BC12,0.6,86,67,48,10
june_BC12,june,BC12,0.6,90,65,49,9
june_BC12,june,BC12,0.6,81,61,41,9
june_BC12,june,BC12,0.6,68,58,39,9
june_BC12,june,BC12,0.7,101,76,51,9
june_BC12,june,BC12,0.7,102,74,45,9
june_BC12,june,BC12,0.7,104,78,53,10
june_BC12,june,BC12,0.7,102,77,52,10
june_BC12,june,BC12,0.7,102,74,47,9
june_BC12,june,BC12,0.7,99,74,52,10
june_BC12,june,BC12,0.7,97,71,46,9
june_BC12,june,BC12,0.7,110,79,55,8
june_BC12,june,BC12,0.7,104,74,49,9
june_BC12,june,BC12,0.7,96,71,50,9
june_BC12,june,BC12,0.8,117,80,55,10
june_BC12,june,BC12,0.8,109,74,51,9
june_BC12,june,BC12,0.8,113,81,55,9
june_BC12,june,BC12,0.8,118,83,54,10
june_BC12,june,BC12,0.8,104,80,53,10
june_BC12,june,BC12,0.8,107,77,53,9
june_BC12,june,BC12,0.8,122,85,58,10
june_BC12,june,BC12,0.8,111,80,56,10
june_BC12,june,BC12,0.8,114,80,55,9
june_BC12,june,BC12,0.8,117,79,54,10
june_BC12,june,BC12,0.9,127,87,59,10
june_BC12,june,BC12,0.9,125,85,54,10
june_BC12,june,BC12,0.9,129,93,60,10
june_BC12,june,BC12,0.9,124,90,59,10
june_BC12,june,BC12,0.9,128,89,58,10
june_BC12,june,BC12,0.9,122,85,54,9
june_BC12,june,BC12,0.9,123,89,58,10
june_BC12,june,BC12,0.9,124,86,58,10
june_BC12,june,BC12,0.9,128,89,58,10
june_BC12,june,BC12,0.9,127,87,59,10
june_BC12,june,BC12,1,137,94,60,10
june_BC12,june,BC12,1,137,94,60,10
june_BC12,june,BC12,1,137,94,60,10
june_BC12,june,BC12,1,137,94,60,10
june_BC12,june,BC12,1,137,94,60,10
june_BC12,june,BC12,1,137,94,60,10
june_BC12,june,BC12,1,137,94,60,10
june_BC12,june,BC12,1,137,94,60,10
june_BC12,june,BC12,1,137,94,60,10
june_BC12,june,BC12,1,137,94,60,10
