	1-April_family.tsv	1-August_family.tsv	1-June_family.tsv	2-April_family.tsv	2-August_family.tsv	3-April_family.tsv	4-April_family.tsv	4-August_family.tsv	5-April_family.tsv	5-August_family.tsv	6-August_family.tsv	6-June_family.tsv	7-April_family.tsv	8-April_family.tsv	9.1-August_family.tsv	9.2-August_family.tsv	N-August_family.tsv	P-April_family.tsv	P-August_family.tsv	P-June_family.tsv
01D2Z36	1.0	1.0	0.0	2.0	0.0	9.0	3.0	15.0	3.0	14.0	6.0	0.0	8.0	2.0	4.0	8.0	0.0	0.0	0.0	0.0
0319-6G20	12.0	14.0	15.0	10.0	1.0	12.0	12.0	17.0	15.0	7.0	18.0	1.0	180.0	33.0	14.0	9.0	3.0	0.0	0.0	0.0
053A03-B-DI-P58	0.0	0.0	0.0	0.0	0.0	0.0	0.0	0.0	0.0	0.0	0.0	0.0	4.0	3.0	0.0	0.0	0.0	0.0	0.0	0.0
37-13	2.0	4.0	0.0	2.0	4.0	4.0	2.0	1.0	10.0	1.0	4.0	0.0	1.0	17.0	2.0	0.0	0.0	0.0	0.0	0.0
4572-13	0.0	0.0	0.0	0.0	0.0	0.0	0.0	0.0	0.0	0.0	0.0	0.0	4.0	0.0	0.0	0.0	0.0	0.0	0.0	0.0
67-14	0.0	2.0	3.0	24.0	11.0	0.0	2.0	11.0	0.0	4.0	1.0	0.0	3.0	14.0	34.0	31.0	0.0	0.0	0.0	0.0
A0839	1.0	1.0	0.0	4.0	4.0	0.0	0.0	9.0	6.0	0.0	0.0	0.0	20.0	8.0	8.0	5.0	0.0	0.0	0.0	0.0
A21b	2.0	3.0	6.0	12.0	5.0	3.0	3.0	2.0	2.0	3.0	1.0	4.0	2.0	2.0	0.0	0.0	18.0	0.0	0.0	0.0
A4b	0.0	0.0	0.0	1.0	0.0	0.0	1.0	0.0	0.0	2.0	3.0	0.0	0.0	1.0	1.0	0.0	0.0	0.0	0.0	0.0
AB-539-J10	0.0	0.0	0.0	0.0	0.0	0.0	0.0	0.0	0.0	0.0	0.0	0.0	0.0	0.0	0.0	0.0	0.0	0.0	0.0	0.0
AB1	0.0	0.0	0.0	1.0	9.0	0.0	2.0	1.0	1.0	2.0	0.0	0.0	4.0	4.0	3.0	0.0	0.0	0.0	0.0	0.0
AEGEAN-169 marine group	0.0	0.0	0.0	0.0	1.0	0.0	0.0	1.0	0.0	0.0	0.0	0.0	3.0	0.0	0.0	0.0	0.0	0.0	0.0	0.0
AKAU3564 sediment group	0.0	0.0	0.0	0.0	0.0	0.0	0.0	0.0	0.0	0.0	1.0	0.0	1.0	0.0	0.0	0.0	0.0	0.0	0.0	0.0
AKIW781	0.0	0.0	0.0	0.0	0.0	0.0	0.0	0.0	0.0	0.0	0.0	0.0	0.0	0.0	0.0	0.0	0.0	0.0	0.0	0.0
AKYH767	6.0	9.0	5.0	13.0	8.0	7.0	12.0	6.0	37.0	16.0	11.0	12.0	10.0	25.0	3.0	19.0	0.0	0.0	0.0	0.0
Acetobacteraceae	2.0	4.0	11.0	23.0	14.0	4.0	11.0	29.0	10.0	7.0	24.0	17.0	89.0	21.0	25.0	21.0	0.0	0.0	0.0	0.0
Acetobacterales Incertae Sedis	0.0	0.0	0.0	0.0	1.0	0.0	0.0	1.0	0.0	0.0	0.0	0.0	6.0	0.0	5.0	0.0	0.0	0.0	0.0	0.0
Acidaminococcaceae	1.0	1.0	0.0	8.0	0.0	5.0	1.0	4.0	3.0	1.0	0.0	3.0	0.0	10.0	4.0	0.0	0.0	0.0	0.0	0.0
Acidiferrobacteraceae	3.0	1.0	1.0	3.0	0.0	0.0	2.0	0.0	3.0	2.0	2.0	0.0	26.0	0.0	0.0	0.0	0.0	0.0	0.0	0.0
Acidithiobacillaceae	2.0	2.0	0.0	2.0	2.0	2.0	1.0	2.0	6.0	2.0	1.0	2.0	6.0	5.0	1.0	0.0	0.0	0.0	0.0	0.0
Acidobacteriaceae (Subgroup 1)	0.0	0.0	0.0	0.0	0.0	0.0	0.0	0.0	0.0	1.0	0.0	0.0	2.0	0.0	0.0	0.0	0.0	0.0	0.0	0.0
Acidothermaceae	0.0	0.0	0.0	0.0	0.0	0.0	0.0	0.0	0.0	0.0	0.0	0.0	0.0	0.0	0.0	0.0	0.0	0.0	0.0	0.0
Actinomarinaceae	0.0	1.0	0.0	0.0	0.0	1.0	0.0	0.0	0.0	1.0	1.0	0.0	0.0	0.0	0.0	0.0	0.0	0.0	0.0	0.0
Actinomycetaceae	0.0	2.0	0.0	2.0	3.0	0.0	0.0	2.0	0.0	1.0	0.0	0.0	1.0	1.0	6.0	0.0	0.0	0.0	0.0	0.0
Actinomycetales Incertae Sedis	0.0	1.0	0.0	0.0	2.0	0.0	0.0	2.0	0.0	0.0	0.0	0.0	0.0	0.0	2.0	0.0	0.0	0.0	0.0	0.0
Aerococcaceae	0.0	0.0	0.0	1.0	0.0	0.0	0.0	1.0	0.0	0.0	0.0	0.0	0.0	0.0	0.0	0.0	0.0	3.0	1.0	7.0
Aeromonadaceae	62.0	74.0	169.0	74.0	35.0	17.0	48.0	74.0	16.0	12.0	18.0	22.0	108.0	136.0	22.0	20.0	62.0	4.0	1.0	2.0
Akkermansiaceae	5.0	2.0	0.0	1.0	0.0	2.0	3.0	9.0	3.0	7.0	5.0	0.0	15.0	0.0	4.0	0.0	0.0	0.0	0.0	0.0
Alcanivoracaceae	2.0	0.0	0.0	1.0	0.0	0.0	0.0	0.0	0.0	0.0	0.0	0.0	5.0	2.0	0.0	0.0	0.0	0.0	1.0	0.0
Alicyclobacillaceae	0.0	0.0	0.0	0.0	0.0	0.0	0.0	0.0	0.0	1.0	0.0	0.0	2.0	0.0	0.0	0.0	0.0	2.0	0.0	0.0
Alteromonadaceae	19.0	21.0	43.0	12.0	8.0	16.0	19.0	51.0	7.0	6.0	3.0	14.0	18.0	13.0	3.0	12.0	18.0	3.0	1.0	0.0
Amoebophilaceae	19.0	11.0	12.0	3.0	13.0	24.0	23.0	9.0	24.0	13.0	8.0	1.0	7.0	16.0	14.0	18.0	9.0	0.0	0.0	0.0
Anaerolineaceae	0.0	1.0	0.0	4.0	0.0	0.0	2.0	6.0	1.0	1.0	2.0	0.0	5.0	0.0	2.0	0.0	0.0	0.0	0.0	0.0
Anaplasmataceae	0.0	1.0	0.0	0.0	0.0	0.0	0.0	1.0	1.0	2.0	2.0	0.0	6.0	1.0	1.0	0.0	0.0	0.0	0.0	0.0
Aquaspirillaceae	8.0	7.0	16.0	6.0	8.0	2.0	7.0	9.0	4.0	3.0	2.0	3.0	90.0	15.0	7.0	12.0	0.0	0.0	0.0	0.0
Archangiaceae	0.0	0.0	0.0	2.0	0.0	0.0	0.0	2.0	1.0	0.0	0.0	0.0	7.0	3.0	0.0	0.0	0.0	0.0	0.0	0.0
Arcobacteraceae	2266.0	238.0	158.0	307.0	171.0	3471.0	1159.0	185.0	2907.0	436.0	367.0	20.0	540.0	4458.0	3947.0	5530.0	1002.0	3.0	1.0	0.0
Arctic95B-14	0.0	0.0	0.0	0.0	0.0	0.0	0.0	0.0	0.0	0.0	0.0	0.0	1.0	0.0	0.0	0.0	0.0	0.0	0.0	0.0
Ardenticatenaceae	0.0	0.0	0.0	0.0	0.0	0.0	0.0	0.0	0.0	3.0	2.0	0.0	0.0	0.0	1.0	0.0	0.0	0.0	0.0	0.0
Arenicellaceae	0.0	0.0	0.0	2.0	0.0	0.0	1.0	1.0	0.0	0.0	1.0	0.0	12.0	3.0	0.0	0.0	0.0	0.0	0.0	0.0
Armatimonadaceae	2.0	5.0	5.0	9.0	13.0	1.0	8.0	181.0	6.0	355.0	512.0	203.0	3.0	4.0	622.0	423.0	161.0	0.0	1.0	0.0
Atopobiaceae	0.0	0.0	0.0	0.0	0.0	0.0	0.0	0.0	0.0	0.0	0.0	0.0	0.0	0.0	0.0	0.0	0.0	0.0	0.0	0.0
Azospirillaceae	4.0	19.0	11.0	9.0	54.0	0.0	6.0	103.0	4.0	16.0	11.0	9.0	19.0	8.0	4.0	5.0	137.0	0.0	0.0	0.0
Azospirillales Incertae Sedis	0.0	2.0	0.0	1.0	2.0	0.0	0.0	1.0	0.0	0.0	0.0	0.0	7.0	33.0	5.0	0.0	0.0	0.0	0.0	0.0
B1-7BS	0.0	2.0	3.0	7.0	9.0	2.0	3.0	6.0	9.0	2.0	0.0	5.0	7.0	8.0	0.0	0.0	0.0	0.0	0.0	0.0
B122	0.0	0.0	0.0	0.0	0.0	0.0	0.0	0.0	0.0	2.0	0.0	0.0	0.0	0.0	0.0	0.0	0.0	0.0	0.0	0.0
BIrii41	3.0	4.0	0.0	22.0	0.0	3.0	2.0	22.0	10.0	1.0	0.0	2.0	45.0	8.0	0.0	0.0	0.0	0.0	0.0	0.0
BSV26	1.0	3.0	0.0	6.0	2.0	2.0	8.0	14.0	21.0	9.0	10.0	5.0	3.0	8.0	2.0	0.0	0.0	0.0	0.0	0.0
Babeliaceae	0.0	0.0	0.0	0.0	0.0	0.0	0.0	0.0	0.0	0.0	1.0	0.0	0.0	0.0	0.0	0.0	0.0	0.0	0.0	0.0
Bacillaceae	89.0	47.0	49.0	140.0	72.0	105.0	112.0	127.0	137.0	78.0	74.0	115.0	101.0	297.0	48.0	73.0	94.0	7744.0	7409.0	7745.0
Bacteriovoracaceae	25.0	5.0	3.0	4.0	1.0	44.0	25.0	18.0	47.0	13.0	8.0	0.0	388.0	21.0	2.0	0.0	0.0	0.0	0.0	0.0
Bacteroidaceae	48.0	31.0	20.0	10.0	29.0	64.0	32.0	14.0	42.0	15.0	28.0	6.0	7.0	30.0	31.0	36.0	24.0	3.0	0.0	0.0
Bacteroidales BS11 gut group	3.0	4.0	0.0	3.0	5.0	3.0	0.0	0.0	3.0	4.0	0.0	0.0	1.0	3.0	4.0	0.0	0.0	0.0	0.0	0.0
Bacteroidales RF16 group	0.0	0.0	0.0	0.0	0.0	2.0	1.0	0.0	0.0	2.0	1.0	0.0	0.0	0.0	0.0	0.0	0.0	0.0	0.0	0.0
Bacteroidales UCG-001	0.0	1.0	0.0	0.0	0.0	0.0	0.0	0.0	0.0	0.0	0.0	0.0	0.0	0.0	0.0	0.0	0.0	0.0	0.0	0.0
Bacteroidetes BD2-2	18.0	7.0	2.0	8.0	6.0	12.0	11.0	4.0	15.0	10.0	4.0	0.0	8.0	5.0	7.0	2.0	2.0	0.0	0.0	0.0
Bacteroidetes vadinHA17	7.0	1.0	0.0	0.0	0.0	2.0	2.0	1.0	5.0	4.0	2.0	0.0	0.0	2.0	1.0	0.0	0.0	0.0	0.0	0.0
Balneolaceae	0.0	1.0	0.0	0.0	0.0	0.0	0.0	0.0	0.0	2.0	0.0	0.0	0.0	0.0	0.0	0.0	0.0	0.0	0.0	0.0
Barnesiellaceae	0.0	0.0	0.0	0.0	0.0	0.0	0.0	0.0	2.0	1.0	0.0	0.0	0.0	0.0	0.0	0.0	0.0	0.0	0.0	0.0
Bdellovibrionaceae	0.0	4.0	3.0	13.0	4.0	3.0	2.0	40.0	11.0	16.0	35.0	21.0	35.0	16.0	5.0	6.0	2.0	0.0	0.0	0.0
Beggiatoaceae	0.0	0.0	0.0	0.0	2.0	0.0	0.0	0.0	0.0	0.0	0.0	0.0	5.0	0.0	0.0	0.0	0.0	0.0	0.0	0.0
Beijerinckiaceae	13.0	9.0	27.0	91.0	63.0	16.0	41.0	59.0	19.0	24.0	24.0	24.0	788.0	83.0	59.0	56.0	764.0	0.0	0.0	0.0
Bifidobacteriaceae	0.0	1.0	0.0	0.0	0.0	0.0	0.0	1.0	0.0	2.0	1.0	0.0	0.0	1.0	4.0	0.0	0.0	0.0	0.0	0.0
Blastocatellaceae	0.0	0.0	0.0	6.0	0.0	0.0	0.0	0.0	5.0	3.0	1.0	0.0	2.0	1.0	1.0	0.0	0.0	0.0	0.0	0.0
Blattabacteriaceae	3.0	3.0	0.0	0.0	0.0	0.0	0.0	3.0	1.0	2.0	1.0	0.0	1.0	0.0	0.0	0.0	0.0	0.0	0.0	0.0
Blfdi19	3.0	3.0	3.0	7.0	3.0	2.0	5.0	3.0	8.0	5.0	4.0	4.0	34.0	8.0	2.0	6.0	0.0	0.0	0.0	0.0
Bradymonadaceae	0.0	0.0	0.0	0.0	0.0	0.0	0.0	0.0	0.0	0.0	0.0	0.0	0.0	1.0	0.0	0.0	0.0	0.0	0.0	0.0
Brevibacteriaceae	0.0	3.0	3.0	0.0	2.0	0.0	0.0	1.0	0.0	2.0	0.0	0.0	0.0	1.0	0.0	0.0	0.0	0.0	0.0	0.0
Burkholderiaceae	17070.0	14519.0	17371.0	25431.0	11331.0	13021.0	20053.0	17407.0	16251.0	16672.0	18735.0	27614.0	8002.0	14527.0	5101.0	8437.0	8238.0	124.0	52.0	55.0
C2U	0.0	1.0	0.0	1.0	0.0	0.0	0.0	0.0	0.0	1.0	0.0	0.0	0.0	0.0	0.0	0.0	0.0	0.0	0.0	0.0
CR-115	3.0	1.0	0.0	0.0	0.0	2.0	0.0	0.0	1.0	1.0	2.0	0.0	0.0	1.0	2.0	0.0	0.0	0.0	0.0	0.0
Caedibacteraceae	0.0	0.0	0.0	0.0	0.0	0.0	0.0	0.0	0.0	0.0	0.0	0.0	2.0	2.0	2.0	0.0	0.0	0.0	0.0	0.0
Caldilineaceae	4.0	0.0	0.0	11.0	1.0	0.0	4.0	2.0	4.0	1.0	1.0	0.0	5.0	21.0	2.0	0.0	0.0	0.0	0.0	0.0
Calditrichaceae	0.0	0.0	0.0	0.0	0.0	0.0	0.0	1.0	0.0	0.0	0.0	0.0	0.0	0.0	0.0	0.0	0.0	0.0	0.0	0.0
Campylobacteraceae	10.0	1.0	0.0	1.0	0.0	12.0	11.0	1.0	11.0	9.0	5.0	0.0	2.0	14.0	22.0	14.0	0.0	0.0	0.0	0.0
Cardiobacteriaceae	0.0	0.0	0.0	0.0	0.0	0.0	0.0	0.0	0.0	0.0	0.0	0.0	1.0	0.0	0.0	0.0	0.0	0.0	0.0	0.0
Carnobacteriaceae	11.0	2.0	7.0	23.0	3.0	18.0	17.0	2.0	15.0	5.0	5.0	5.0	7.0	96.0	3.0	0.0	8.0	14.0	4.0	14.0
Caulobacteraceae	42.0	29.0	21.0	194.0	102.0	71.0	85.0	84.0	78.0	26.0	43.0	49.0	742.0	111.0	62.0	48.0	0.0	0.0	0.0	0.0
Cellulomonadaceae	0.0	3.0	6.0	2.0	4.0	3.0	1.0	6.0	0.0	0.0	0.0	0.0	0.0	1.0	2.0	13.0	0.0	0.0	0.0	0.0
Cellvibrionaceae	4.0	5.0	5.0	2.0	1.0	3.0	4.0	17.0	3.0	1.0	0.0	0.0	3.0	5.0	4.0	0.0	0.0	0.0	0.0	0.0
Chitinibacteraceae	9.0	14.0	7.0	16.0	22.0	3.0	12.0	53.0	8.0	8.0	13.0	5.0	96.0	2.0	5.0	0.0	82.0	0.0	0.0	0.0
Chitinimonadaceae	2.0	1.0	0.0	2.0	2.0	1.0	2.0	4.0	1.0	9.0	4.0	2.0	3.0	1.0	6.0	0.0	0.0	0.0	0.0	0.0
Chitinophagaceae	211.0	123.0	83.0	73.0	144.0	137.0	160.0	134.0	309.0	250.0	375.0	140.0	71.0	535.0	508.0	438.0	260.0	1.0	1.0	0.0
Christensenellaceae	17.0	5.0	7.0	34.0	9.0	21.0	11.0	11.0	10.0	11.0	10.0	10.0	6.0	43.0	5.0	0.0	0.0	0.0	1.0	0.0
Chromatiaceae	0.0	1.0	0.0	2.0	1.0	0.0	2.0	1.0	0.0	3.0	1.0	0.0	4.0	1.0	0.0	0.0	0.0	0.0	0.0	0.0
Chromobacteriaceae	7.0	7.0	10.0	7.0	5.0	1.0	6.0	19.0	2.0	1.0	7.0	9.0	25.0	11.0	1.0	0.0	0.0	0.0	0.0	0.0
Chroococcidiopsaceae	0.0	0.0	0.0	0.0	0.0	0.0	10.0	2.0	2.0	5.0	1.0	0.0	0.0	2.0	2.0	0.0	0.0	0.0	0.0	0.0
Chthoniobacteraceae	6.0	2.0	0.0	16.0	0.0	20.0	12.0	32.0	25.0	44.0	29.0	1.0	20.0	7.0	14.0	11.0	0.0	0.0	0.0	0.0
Clade I	2.0	0.0	0.0	2.0	0.0	4.0	4.0	2.0	2.0	1.0	0.0	0.0	9.0	3.0	3.0	0.0	0.0	0.0	0.0	0.0
Clade II	0.0	0.0	0.0	1.0	0.0	0.0	2.0	2.0	0.0	0.0	0.0	0.0	6.0	0.0	1.0	0.0	0.0	0.0	0.0	0.0
Clade III	0.0	0.0	0.0	0.0	0.0	0.0	0.0	0.0	0.0	1.0	0.0	0.0	6.0	0.0	7.0	5.0	0.0	0.0	0.0	0.0
Cloacimonadaceae	0.0	0.0	0.0	0.0	0.0	0.0	0.0	2.0	0.0	1.0	1.0	0.0	1.0	0.0	2.0	0.0	0.0	0.0	0.0	0.0
Clostridiaceae 1	25.0	21.0	10.0	13.0	82.0	21.0	26.0	115.0	23.0	61.0	76.0	45.0	25.0	87.0	48.0	73.0	57.0	1.0	1.0	0.0
Clostridiaceae 2	0.0	0.0	0.0	0.0	0.0	0.0	0.0	0.0	0.0	0.0	0.0	0.0	0.0	0.0	0.0	0.0	0.0	0.0	0.0	0.0
Clostridiaceae 4	0.0	1.0	0.0	0.0	0.0	0.0	0.0	1.0	0.0	2.0	0.0	0.0	0.0	0.0	0.0	0.0	0.0	0.0	0.0	0.0
Clostridiales vadinBB60 group	0.0	3.0	0.0	2.0	0.0	0.0	2.0	1.0	0.0	0.0	1.0	0.0	0.0	0.0	0.0	0.0	0.0	0.0	0.0	0.0
Coleofasciculaceae	3.0	0.0	0.0	0.0	0.0	0.0	19.0	0.0	3.0	1.0	2.0	3.0	1.0	0.0	0.0	0.0	0.0	0.0	0.0	0.0
Colwelliaceae	0.0	0.0	0.0	1.0	0.0	0.0	0.0	0.0	0.0	0.0	1.0	0.0	3.0	1.0	0.0	0.0	0.0	0.0	0.0	0.0
Competibacteraceae	0.0	0.0	0.0	8.0	0.0	0.0	1.0	2.0	1.0	1.0	1.0	0.0	31.0	3.0	4.0	4.0	0.0	0.0	0.0	0.0
Coriobacteriaceae	0.0	0.0	0.0	0.0	0.0	0.0	0.0	0.0	0.0	0.0	0.0	0.0	0.0	0.0	0.0	0.0	0.0	0.0	0.0	0.0
Corynebacteriaceae	4.0	12.0	3.0	7.0	18.0	3.0	1.0	9.0	4.0	4.0	13.0	1.0	4.0	5.0	19.0	18.0	8.0	1.0	0.0	0.0
Coxiellaceae	4.0	3.0	0.0	2.0	4.0	2.0	4.0	4.0	3.0	3.0	0.0	0.0	28.0	8.0	4.0	11.0	0.0	0.0	0.0	0.0
Crocinitomicaceae	189.0	200.0	164.0	33.0	295.0	215.0	118.0	60.0	150.0	89.0	62.0	29.0	65.0	58.0	191.0	147.0	230.0	1.0	0.0	0.0
Cryomorphaceae	5.0	5.0	22.0	7.0	7.0	8.0	8.0	5.0	8.0	8.0	6.0	1.0	5.0	5.0	81.0	39.0	4.0	0.0	0.0	0.0
Cryptosporangiaceae	0.0	2.0	3.0	0.0	2.0	0.0	0.0	4.0	0.0	0.0	1.0	0.0	0.0	2.0	35.0	32.0	4.0	0.0	0.0	0.0
Cyanobacteriaceae	0.0	0.0	0.0	0.0	0.0	0.0	1.0	0.0	1.0	0.0	0.0	0.0	0.0	0.0	0.0	0.0	0.0	0.0	0.0	0.0
Cyanobiaceae	5.0	1.0	3.0	0.0	0.0	2.0	2.0	19.0	6.0	15.0	34.0	0.0	0.0	2.0	113.0	165.0	0.0	0.0	0.0	0.0
Cyclobacteriaceae	148.0	120.0	66.0	33.0	80.0	172.0	116.0	60.0	115.0	55.0	37.0	9.0	58.0	57.0	133.0	162.0	92.0	0.0	0.0	0.0
Cycloclasticaceae	0.0	0.0	0.0	0.0	0.0	0.0	0.0	0.0	0.0	0.0	0.0	0.0	0.0	0.0	0.0	0.0	0.0	0.0	0.0	0.0
Cytophagaceae	33.0	23.0	24.0	7.0	13.0	36.0	15.0	7.0	21.0	10.0	8.0	1.0	17.0	12.0	16.0	8.0	11.0	0.0	0.0	0.0
D05-2	0.0	1.0	0.0	1.0	6.0	0.0	0.0	6.0	0.0	0.0	0.0	0.0	4.0	0.0	0.0	0.0	0.0	0.0	0.0	0.0
DEV007	5.0	0.0	0.0	7.0	0.0	3.0	6.0	15.0	6.0	17.0	10.0	0.0	15.0	2.0	5.0	0.0	0.0	0.0	0.0	0.0
Deferribacteraceae	0.0	0.0	0.0	0.0	0.0	0.0	0.0	0.0	0.0	0.0	0.0	0.0	0.0	0.0	0.0	0.0	0.0	0.0	0.0	0.0
Deinococcaceae	0.0	0.0	0.0	0.0	0.0	0.0	0.0	0.0	0.0	4.0	6.0	0.0	0.0	3.0	0.0	0.0	0.0	0.0	0.0	0.0
Demequinaceae	0.0	1.0	0.0	0.0	0.0	3.0	0.0	0.0	0.0	0.0	0.0	0.0	0.0	0.0	2.0	0.0	0.0	0.0	0.0	0.0
Dermabacteraceae	1.0	1.0	2.0	3.0	3.0	2.0	0.0	2.0	0.0	1.0	1.0	0.0	0.0	2.0	4.0	0.0	0.0	0.0	0.0	0.0
Dermacoccaceae	0.0	1.0	0.0	0.0	0.0	0.0	0.0	0.0	0.0	0.0	0.0	0.0	0.0	0.0	0.0	0.0	0.0	0.0	0.0	0.0
Dermatophilaceae	0.0	0.0	0.0	0.0	0.0	0.0	0.0	2.0	0.0	0.0	0.0	0.0	0.0	0.0	1.0	0.0	0.0	0.0	0.0	0.0
Desulfarculaceae	0.0	2.0	0.0	8.0	0.0	0.0	0.0	4.0	5.0	3.0	3.0	3.0	37.0	4.0	3.0	0.0	0.0	0.0	0.0	0.0
Desulfobacteraceae	3.0	3.0	0.0	11.0	3.0	4.0	5.0	3.0	8.0	8.0	4.0	4.0	33.0	10.0	3.0	5.0	0.0	0.0	0.0	0.0
Desulfobulbaceae	2.0	1.0	0.0	9.0	0.0	3.0	2.0	3.0	8.0	2.0	2.0	0.0	14.0	6.0	3.0	0.0	0.0	1.0	0.0	0.0
Desulfohalobiaceae	0.0	1.0	0.0	0.0	0.0	0.0	0.0	0.0	0.0	0.0	1.0	0.0	2.0	0.0	0.0	0.0	0.0	0.0	0.0	0.0
Desulfomicrobiaceae	0.0	0.0	0.0	0.0	0.0	0.0	0.0	0.0	0.0	0.0	0.0	0.0	0.0	0.0	0.0	0.0	0.0	0.0	0.0	0.0
Desulfovibrionaceae	1.0	1.0	0.0	8.0	1.0	7.0	1.0	8.0	2.0	1.0	1.0	0.0	15.0	4.0	0.0	0.0	0.0	0.0	0.0	0.0
Desulfurellaceae	0.0	0.0	0.0	0.0	0.0	0.0	0.0	0.0	0.0	0.0	1.0	0.0	0.0	0.0	0.0	0.0	0.0	0.0	0.0	0.0
Desulfuromonadaceae	0.0	1.0	0.0	2.0	0.0	0.0	2.0	5.0	4.0	3.0	0.0	0.0	12.0	2.0	0.0	0.0	0.0	0.0	0.0	0.0
Devosiaceae	10.0	31.0	38.0	103.0	82.0	26.0	44.0	74.0	24.0	22.0	33.0	28.0	270.0	61.0	36.0	20.0	0.0	0.0	0.0	0.0
Dietziaceae	0.0	0.0	0.0	0.0	0.0	0.0	0.0	0.0	0.0	0.0	0.0	0.0	0.0	0.0	1.0	0.0	0.0	0.0	0.0	0.0
Diplorickettsiaceae	73.0	305.0	202.0	87.0	155.0	43.0	73.0	664.0	54.0	426.0	336.0	413.0	486.0	107.0	40.0	47.0	480.0	0.0	0.0	0.0
Dongiaceae	0.0	1.0	4.0	1.0	9.0	0.0	3.0	3.0	4.0	1.0	3.0	0.0	21.0	9.0	0.0	0.0	0.0	0.0	0.0	0.0
Dysgonomonadaceae	12.0	10.0	3.0	2.0	8.0	18.0	6.0	1.0	12.0	7.0	5.0	0.0	4.0	3.0	4.0	9.0	0.0	0.0	0.0	0.0
E6aC02	3.0	0.0	0.0	0.0	0.0	5.0	1.0	0.0	6.0	6.0	0.0	0.0	0.0	3.0	2.0	0.0	0.0	0.0	0.0	0.0
EC94	1.0	0.0	0.0	0.0	0.0	0.0	0.0	1.0	0.0	1.0	0.0	0.0	0.0	2.0	0.0	0.0	0.0	0.0	0.0	0.0
EF100-94H03	0.0	0.0	0.0	0.0	0.0	0.0	0.0	0.0	0.0	0.0	0.0	0.0	2.0	0.0	0.0	0.0	0.0	0.0	0.0	0.0
Ectothiorhodospiraceae	0.0	0.0	0.0	1.0	0.0	0.0	0.0	1.0	0.0	2.0	0.0	0.0	2.0	0.0	0.0	0.0	0.0	0.0	0.0	0.0
Eggerthellaceae	0.0	0.0	0.0	3.0	0.0	0.0	0.0	3.0	0.0	0.0	0.0	0.0	0.0	0.0	0.0	0.0	0.0	0.0	0.0	0.0
Elsteraceae	0.0	0.0	0.0	0.0	0.0	0.0	0.0	3.0	0.0	0.0	0.0	0.0	5.0	0.0	1.0	0.0	0.0	0.0	0.0	0.0
Endomicrobiaceae	0.0	0.0	0.0	0.0	0.0	0.0	0.0	1.0	0.0	1.0	0.0	0.0	0.0	0.0	2.0	0.0	0.0	0.0	0.0	0.0
Endozoicomonadaceae	3.0	1.0	4.0	0.0	0.0	0.0	3.0	0.0	0.0	0.0	2.0	0.0	6.0	1.0	0.0	0.0	0.0	0.0	0.0	0.0
Enterobacteriaceae	555.0	346.0	354.0	467.0	149.0	301.0	394.0	361.0	335.0	162.0	165.0	184.0	672.0	572.0	170.0	185.0	701.0	24435.0	25056.0	23410.0
Enterococcaceae	7.0	1.0	10.0	3.0	2.0	5.0	6.0	9.0	12.0	2.0	2.0	5.0	4.0	19.0	5.0	2.0	0.0	975.0	931.0	1239.0
Entotheonellaceae	0.0	0.0	0.0	3.0	0.0	0.0	3.0	0.0	0.0	0.0	0.0	0.0	2.0	0.0	0.0	0.0	0.0	0.0	0.0	0.0
Erysipelotrichaceae	0.0	2.0	0.0	8.0	0.0	1.0	1.0	3.0	7.0	2.0	2.0	0.0	5.0	6.0	1.0	0.0	0.0	1.0	1.0	0.0
Eubacteriaceae	0.0	0.0	0.0	3.0	0.0	0.0	3.0	4.0	3.0	3.0	0.0	0.0	0.0	8.0	0.0	0.0	0.0	0.0	0.0	0.0
Euzebyaceae	0.0	0.0	0.0	0.0	0.0	0.0	0.0	0.0	0.0	0.0	0.0	0.0	0.0	0.0	0.0	0.0	0.0	0.0	0.0	0.0
F082	7.0	5.0	0.0	0.0	7.0	5.0	1.0	0.0	1.0	0.0	3.0	0.0	1.0	1.0	2.0	0.0	0.0	0.0	0.0	0.0
Family III	0.0	0.0	0.0	1.0	0.0	0.0	0.0	0.0	0.0	0.0	0.0	0.0	0.0	0.0	0.0	0.0	0.0	0.0	0.0	0.0
Family X	0.0	0.0	0.0	0.0	0.0	0.0	0.0	0.0	0.0	0.0	0.0	0.0	0.0	0.0	0.0	0.0	0.0	0.0	1.0	0.0
Family XI	3.0	5.0	4.0	4.0	3.0	2.0	1.0	0.0	0.0	2.0	4.0	0.0	7.0	12.0	3.0	0.0	5.0	2.0	0.0	0.0
Family XII	6.0	2.0	1.0	1.0	2.0	8.0	3.0	9.0	8.0	10.0	7.0	0.0	1.0	14.0	2.0	5.0	0.0	8.0	4.0	4.0
Family XIII	4.0	1.0	4.0	8.0	1.0	2.0	5.0	3.0	7.0	5.0	4.0	4.0	4.0	13.0	6.0	5.0	0.0	1.0	0.0	0.0
Family XVII	0.0	0.0	0.0	0.0	0.0	0.0	0.0	0.0	0.0	0.0	0.0	0.0	0.0	0.0	0.0	0.0	0.0	0.0	0.0	0.0
Family XVIII	0.0	0.0	0.0	0.0	0.0	0.0	0.0	0.0	0.0	1.0	0.0	0.0	0.0	0.0	0.0	0.0	0.0	0.0	0.0	0.0
Ferrovaceae	1.0	1.0	0.0	4.0	0.0	0.0	1.0	1.0	0.0	0.0	0.0	0.0	1.0	1.0	0.0	0.0	0.0	0.0	0.0	0.0
Fibrobacteraceae	20.0	46.0	19.0	31.0	40.0	22.0	30.0	94.0	33.0	31.0	17.0	8.0	28.0	13.0	9.0	13.0	6.0	0.0	0.0	0.0
Fimbriimonadaceae	0.0	0.0	0.0	0.0	0.0	0.0	0.0	0.0	0.0	1.0	0.0	0.0	0.0	1.0	2.0	0.0	0.0	0.0	0.0	0.0
Flammeovirgaceae	6.0	5.0	9.0	1.0	8.0	2.0	6.0	2.0	2.0	3.0	5.0	0.0	3.0	5.0	6.0	0.0	7.0	0.0	0.0	0.0
Flavobacteriaceae	1653.0	868.0	857.0	308.0	1184.0	1764.0	1276.0	302.0	1229.0	271.0	248.0	139.0	431.0	436.0	333.0	490.0	1975.0	12.0	4.0	0.0
Fodinicurvataceae	0.0	0.0	0.0	0.0	0.0	0.0	0.0	0.0	0.0	0.0	0.0	0.0	1.0	0.0	0.0	0.0	0.0	0.0	0.0	0.0
Francisellaceae	0.0	0.0	0.0	0.0	0.0	0.0	0.0	1.0	0.0	0.0	0.0	0.0	2.0	1.0	0.0	0.0	0.0	0.0	0.0	0.0
Frankiaceae	0.0	0.0	0.0	0.0	0.0	0.0	0.0	0.0	0.0	1.0	0.0	0.0	0.0	0.0	2.0	0.0	0.0	0.0	0.0	0.0
Fusobacteriaceae	2.0	0.0	0.0	0.0	0.0	3.0	0.0	1.0	1.0	3.0	0.0	5.0	0.0	0.0	1.0	0.0	0.0	0.0	0.0	0.0
GWC2-45-44	0.0	0.0	0.0	0.0	0.0	0.0	0.0	2.0	0.0	0.0	0.0	0.0	4.0	0.0	0.0	0.0	0.0	0.0	0.0	0.0
GWF2-29-10	0.0	0.0	0.0	0.0	0.0	2.0	0.0	0.0	0.0	0.0	0.0	0.0	0.0	0.0	0.0	0.0	0.0	0.0	0.0	0.0
GWF2-44-16	0.0	0.0	0.0	0.0	0.0	0.0	0.0	0.0	0.0	0.0	0.0	0.0	2.0	0.0	0.0	0.0	0.0	0.0	0.0	0.0
GZKB124	4.0	0.0	0.0	0.0	0.0	0.0	0.0	0.0	4.0	1.0	1.0	0.0	0.0	0.0	1.0	0.0	0.0	0.0	0.0	0.0
Gaiellaceae	1.0	2.0	4.0	4.0	3.0	0.0	0.0	3.0	4.0	3.0	1.0	0.0	0.0	1.0	0.0	0.0	0.0	0.0	0.0	0.0
Gallionellaceae	25.0	16.0	17.0	41.0	8.0	13.0	26.0	28.0	39.0	27.0	22.0	16.0	42.0	34.0	4.0	0.0	19.0	0.0	0.0	0.0
Geitlerinemaceae	0.0	0.0	0.0	0.0	0.0	0.0	2.0	0.0	0.0	0.0	0.0	0.0	0.0	4.0	0.0	0.0	0.0	0.0	0.0	0.0
Geminicoccaceae	0.0	0.0	5.0	18.0	6.0	0.0	0.0	4.0	0.0	3.0	3.0	3.0	4.0	36.0	4.0	9.0	0.0	0.0	0.0	0.0
Gemmataceae	9.0	8.0	12.0	74.0	10.0	1.0	15.0	49.0	3.0	16.0	15.0	16.0	17.0	48.0	4.0	13.0	0.0	0.0	0.0	0.0
Gemmatimonadaceae	8.0	12.0	10.0	55.0	48.0	7.0	10.0	81.0	30.0	37.0	82.0	29.0	188.0	44.0	90.0	106.0	11.0	0.0	0.0	0.0
Geobacteraceae	10.0	6.0	3.0	7.0	3.0	4.0	11.0	4.0	6.0	5.0	8.0	10.0	86.0	22.0	0.0	0.0	0.0	0.0	0.0	0.0
Geodermatophilaceae	0.0	3.0	0.0	2.0	3.0	1.0	1.0	6.0	0.0	0.0	2.0	0.0	0.0	1.0	5.0	6.0	0.0	0.0	0.0	0.0
Gimesiaceae	0.0	0.0	0.0	0.0	0.0	0.0	0.0	0.0	0.0	0.0	0.0	0.0	0.0	0.0	0.0	0.0	0.0	0.0	0.0	0.0
Gloeocapsaceae	0.0	0.0	0.0	0.0	0.0	0.0	5.0	0.0	0.0	0.0	0.0	0.0	0.0	0.0	0.0	0.0	0.0	0.0	0.0	0.0
Gracilibacteraceae	0.0	0.0	0.0	1.0	0.0	0.0	0.0	0.0	0.0	1.0	0.0	0.0	2.0	5.0	0.0	0.0	14.0	0.0	0.0	0.0
Hahellaceae	0.0	0.0	0.0	0.0	0.0	0.0	0.0	0.0	0.0	0.0	0.0	0.0	2.0	0.0	0.0	0.0	0.0	0.0	0.0	0.0
Halanaerobiaceae	0.0	0.0	0.0	0.0	0.0	0.0	0.0	0.0	0.0	0.0	0.0	0.0	0.0	0.0	0.0	0.0	0.0	0.0	0.0	0.0
Haliangiaceae	10.0	32.0	23.0	169.0	20.0	17.0	27.0	177.0	48.0	55.0	33.0	38.0	47.0	1068.0	6.0	9.0	34.0	0.0	0.0	0.0
Halieaceae	1.0	1.0	0.0	3.0	0.0	2.0	10.0	5.0	2.0	1.0	0.0	8.0	20.0	3.0	2.0	0.0	23.0	0.0	0.0	0.0
Halomonadaceae	10.0	2.0	8.0	8.0	2.0	5.0	6.0	8.0	8.0	3.0	2.0	0.0	93.0	13.0	5.0	0.0	3.0	1.0	2.0	0.0
Halothiobacillaceae	0.0	0.0	0.0	4.0	2.0	0.0	0.0	0.0	0.0	0.0	0.0	0.0	2.0	0.0	0.0	0.0	0.0	0.0	0.0	0.0
Helicobacteraceae	9.0	1.0	0.0	3.0	3.0	7.0	3.0	3.0	7.0	2.0	2.0	0.0	3.0	12.0	17.0	22.0	0.0	0.0	0.0	0.0
Heliobacteriaceae	0.0	2.0	0.0	2.0	0.0	0.0	0.0	0.0	0.0	3.0	2.0	0.0	0.0	0.0	0.0	0.0	0.0	0.0	0.0	0.0
Herpetosiphonaceae	0.0	3.0	0.0	0.0	0.0	0.0	0.0	3.0	0.0	0.0	1.0	0.0	0.0	0.0	0.0	0.0	0.0	0.0	0.0	0.0
Holophagaceae	0.0	0.0	0.0	6.0	0.0	0.0	2.0	0.0	3.0	1.0	0.0	3.0	2.0	1.0	0.0	0.0	0.0	0.0	0.0	0.0
Holosporaceae	1.0	1.0	0.0	2.0	0.0	0.0	0.0	1.0	2.0	4.0	2.0	0.0	6.0	2.0	8.0	2.0	0.0	0.0	0.0	0.0
Hydrogenedensaceae	0.0	3.0	5.0	7.0	1.0	3.0	1.0	3.0	5.0	9.0	3.0	0.0	1.0	18.0	2.0	0.0	55.0	0.0	0.0	0.0
Hydrogenophilaceae	15.0	18.0	22.0	33.0	8.0	9.0	21.0	12.0	44.0	8.0	19.0	17.0	129.0	44.0	3.0	8.0	0.0	1.0	0.0	0.0
Hymenobacteraceae	68.0	69.0	54.0	5.0	40.0	59.0	42.0	23.0	33.0	24.0	26.0	4.0	20.0	20.0	36.0	28.0	59.0	0.0	0.0	0.0
Hyphomicrobiaceae	9.0	22.0	57.0	123.0	114.0	8.0	41.0	96.0	33.0	32.0	36.0	45.0	215.0	141.0	38.0	40.0	0.0	0.0	0.0	0.0
Hyphomonadaceae	2.0	5.0	1.0	9.0	9.0	2.0	5.0	1.0	13.0	4.0	3.0	4.0	69.0	25.0	2.0	0.0	0.0	0.0	0.0	0.0
Iamiaceae	0.0	1.0	3.0	1.0	3.0	0.0	0.0	2.0	0.0	1.0	1.0	0.0	0.0	6.0	1.0	0.0	0.0	0.0	0.0	0.0
Idiomarinaceae	2.0	1.0	0.0	2.0	0.0	2.0	0.0	1.0	4.0	0.0	3.0	0.0	9.0	4.0	0.0	0.0	0.0	0.0	1.0	0.0
Ignavibacteriaceae	0.0	0.0	0.0	0.0	0.0	0.0	0.0	0.0	0.0	0.0	0.0	0.0	0.0	0.0	0.0	0.0	0.0	0.0	0.0	0.0
Ilumatobacteraceae	5.0	6.0	33.0	20.0	22.0	1.0	8.0	28.0	2.0	17.0	26.0	13.0	3.0	31.0	95.0	116.0	5.0	0.0	0.0	0.0
Immundisolibacteraceae	0.0	0.0	0.0	0.0	0.0	0.0	0.0	0.0	0.0	0.0	0.0	0.0	1.0	3.0	0.0	0.0	0.0	0.0	0.0	0.0
Intrasporangiaceae	0.0	4.0	13.0	5.0	15.0	2.0	1.0	5.0	3.0	5.0	3.0	0.0	2.0	38.0	7.0	8.0	16.0	0.0	0.0	0.0
Iodidimonadaceae	0.0	0.0	0.0	0.0	0.0	0.0	0.0	0.0	0.0	0.0	0.0	0.0	1.0	0.0	0.0	0.0	0.0	0.0	0.0	0.0
Isosphaeraceae	2.0	5.0	0.0	23.0	4.0	1.0	2.0	20.0	2.0	6.0	5.0	2.0	2.0	5.0	4.0	0.0	0.0	0.0	0.0	0.0
JG30-KF-CM45	0.0	0.0	0.0	2.0	5.0	0.0	0.0	2.0	0.0	1.0	0.0	0.0	0.0	2.0	1.0	0.0	0.0	0.0	0.0	0.0
JTB215	0.0	1.0	0.0	0.0	6.0	0.0	0.0	0.0	0.0	0.0	0.0	0.0	0.0	0.0	0.0	0.0	0.0	0.0	0.0	0.0
KCLunmb-38-53	0.0	0.0	0.0	0.0	0.0	0.0	0.0	0.0	0.0	0.0	0.0	0.0	2.0	0.0	0.0	0.0	0.0	0.0	0.0	0.0
KD1-131	5.0	1.0	0.0	0.0	0.0	6.0	4.0	1.0	4.0	1.0	1.0	0.0	4.0	1.0	0.0	0.0	0.0	0.0	0.0	0.0
KD3-10	0.0	0.0	0.0	0.0	0.0	0.0	0.0	0.0	3.0	0.0	0.0	0.0	2.0	1.0	0.0	0.0	0.0	0.0	0.0	0.0
KD3-93	0.0	0.0	0.0	2.0	0.0	2.0	1.0	0.0	1.0	0.0	1.0	0.0	0.0	0.0	0.0	0.0	0.0	0.0	0.0	0.0
KF-JG30-B3	0.0	0.0	0.0	1.0	4.0	0.0	0.0	1.0	0.0	1.0	2.0	0.0	1.0	1.0	1.0	0.0	0.0	0.0	0.0	0.0
Kaistiaceae	0.0	0.0	0.0	1.0	0.0	0.0	0.0	4.0	0.0	0.0	0.0	0.0	8.0	2.0	0.0	0.0	0.0	0.0	0.0	0.0
Kangiellaceae	0.0	0.0	0.0	0.0	0.0	0.0	0.0	0.0	0.0	0.0	0.0	0.0	2.0	0.0	0.0	0.0	0.0	0.0	0.0	0.0
Kiloniellaceae	0.0	0.0	0.0	0.0	3.0	0.0	0.0	4.0	0.0	0.0	1.0	0.0	6.0	1.0	0.0	0.0	0.0	0.0	0.0	0.0
Kineosporiaceae	0.0	2.0	0.0	1.0	0.0	0.0	0.0	0.0	0.0	1.0	1.0	0.0	0.0	0.0	0.0	0.0	0.0	0.0	0.0	0.0
Kiritimatiellaceae	0.0	0.0	0.0	0.0	0.0	0.0	0.0	0.0	1.0	0.0	0.0	0.0	0.0	0.0	0.0	0.0	0.0	0.0	0.0	0.0
Kordiimonadaceae	0.0	0.0	0.0	0.0	0.0	0.0	0.0	0.0	0.0	0.0	0.0	0.0	0.0	0.0	0.0	0.0	0.0	0.0	0.0	0.0
Ktedonobacteraceae	0.0	0.0	0.0	0.0	0.0	0.0	0.0	0.0	0.0	1.0	0.0	0.0	0.0	0.0	0.0	0.0	0.0	0.0	0.0	0.0
Labraceae	0.0	1.0	0.0	1.0	0.0	0.0	0.0	2.0	0.0	1.0	1.0	0.0	4.0	2.0	1.0	0.0	0.0	0.0	0.0	0.0
Lachnospiraceae	125.0	15.0	30.0	183.0	34.0	139.0	70.0	51.0	122.0	51.0	43.0	26.0	66.0	268.0	54.0	58.0	53.0	8.0	3.0	10.0
Lactobacillaceae	11.0	5.0	6.0	11.0	6.0	10.0	12.0	6.0	12.0	17.0	8.0	17.0	7.0	24.0	6.0	8.0	0.0	1718.0	1584.0	1866.0
Latescibacteraceae	0.0	0.0	0.0	0.0	0.0	0.0	0.0	0.0	0.0	0.0	0.0	0.0	0.0	3.0	0.0	0.0	0.0	0.0	0.0	0.0
Leeiaceae	0.0	0.0	0.0	0.0	0.0	0.0	0.0	0.0	0.0	0.0	0.0	0.0	2.0	0.0	0.0	0.0	0.0	0.0	0.0	0.0
Legionellaceae	21.0	27.0	15.0	25.0	22.0	9.0	23.0	63.0	10.0	24.0	22.0	11.0	204.0	47.0	17.0	21.0	0.0	1.0	0.0	0.0
Lenti-02	0.0	0.0	0.0	1.0	0.0	0.0	1.0	3.0	3.0	0.0	2.0	2.0	7.0	0.0	0.0	0.0	0.0	0.0	0.0	0.0
Lentimicrobiaceae	24.0	10.0	10.0	12.0	4.0	25.0	16.0	6.0	32.0	10.0	8.0	6.0	7.0	24.0	16.0	12.0	19.0	0.0	0.0	0.0
Lentisphaeraceae	0.0	0.0	4.0	0.0	3.0	0.0	0.0	2.0	0.0	3.0	0.0	0.0	2.0	0.0	0.0	0.0	0.0	0.0	0.0	0.0
Leptolyngbyaceae	0.0	2.0	0.0	0.0	0.0	0.0	0.0	0.0	0.0	0.0	0.0	5.0	0.0	0.0	0.0	0.0	0.0	0.0	0.0	0.0
Leptospiraceae	0.0	0.0	0.0	0.0	0.0	1.0	1.0	0.0	4.0	0.0	2.0	0.0	1.0	29.0	3.0	0.0	0.0	0.0	0.0	0.0
Leptotrichiaceae	16.0	6.0	3.0	0.0	7.0	9.0	1.0	1.0	12.0	4.0	4.0	0.0	3.0	3.0	5.0	0.0	0.0	0.0	0.0	0.0
Leuconostocaceae	0.0	0.0	0.0	2.0	0.0	0.0	0.0	3.0	0.0	0.0	0.0	0.0	0.0	0.0	0.0	0.0	0.0	5.0	1.0	5.0
LiUU-11-161	13.0	2.0	4.0	3.0	3.0	15.0	6.0	7.0	12.0	9.0	9.0	0.0	5.0	10.0	9.0	7.0	0.0	0.0	0.0	0.0
Limnotrichaceae	0.0	0.0	0.0	0.0	0.0	0.0	0.0	0.0	0.0	0.0	0.0	0.0	0.0	0.0	0.0	0.0	0.0	0.0	0.0	0.0
Listeriaceae	8.0	1.0	6.0	3.0	1.0	3.0	6.0	2.0	1.0	0.0	4.0	5.0	6.0	3.0	3.0	8.0	0.0	845.0	1052.0	1299.0
Longimicrobiaceae	0.0	0.0	0.0	0.0	0.0	0.0	0.0	0.0	0.0	0.0	1.0	0.0	0.0	0.0	0.0	0.0	0.0	0.0	0.0	0.0
M2PB4-65 termite group	1.0	1.0	0.0	0.0	0.0	0.0	1.0	0.0	0.0	0.0	1.0	0.0	0.0	0.0	0.0	0.0	0.0	0.0	0.0	0.0
MA-28-I98C	0.0	0.0	0.0	0.0	0.0	0.0	0.0	0.0	0.0	0.0	0.0	0.0	1.0	0.0	0.0	0.0	0.0	0.0	0.0	0.0
MAT-CR-H6-H10	0.0	0.0	0.0	0.0	0.0	0.0	0.0	2.0	0.0	0.0	0.0	0.0	0.0	0.0	0.0	0.0	0.0	0.0	0.0	0.0
ML635J-40 aquatic group	6.0	4.0	2.0	0.0	0.0	8.0	4.0	0.0	4.0	2.0	3.0	0.0	0.0	1.0	1.0	0.0	0.0	0.0	0.0	0.0
MSB-3C8	0.0	0.0	0.0	0.0	0.0	0.0	0.0	0.0	0.0	1.0	1.0	0.0	0.0	0.0	0.0	0.0	0.0	0.0	0.0	0.0
MWH-CFBk5	0.0	0.0	0.0	0.0	0.0	0.0	1.0	0.0	0.0	0.0	0.0	0.0	0.0	0.0	0.0	0.0	0.0	0.0	0.0	0.0
Magnetococcaceae	0.0	0.0	0.0	0.0	0.0	0.0	0.0	6.0	0.0	0.0	0.0	0.0	0.0	0.0	1.0	0.0	0.0	0.0	0.0	0.0
Magnetospiraceae	1.0	0.0	0.0	5.0	2.0	0.0	1.0	1.0	2.0	0.0	1.0	0.0	11.0	4.0	1.0	0.0	0.0	0.0	0.0	0.0
Magnetospirillaceae	0.0	3.0	5.0	1.0	8.0	2.0	4.0	17.0	1.0	5.0	7.0	0.0	23.0	0.0	6.0	0.0	0.0	0.0	0.0	0.0
Marinifilaceae	3.0	3.0	1.0	0.0	3.0	6.0	4.0	3.0	10.0	5.0	3.0	0.0	2.0	4.0	6.0	0.0	0.0	0.0	0.0	0.0
Marinilabiliaceae	14.0	12.0	2.0	5.0	12.0	17.0	7.0	3.0	21.0	5.0	7.0	0.0	2.0	3.0	9.0	2.0	11.0	0.0	0.0	0.0
Marinobacteraceae	1.0	0.0	0.0	2.0	0.0	2.0	4.0	1.0	0.0	1.0	1.0	0.0	14.0	1.0	1.0	0.0	0.0	0.0	0.0	0.0
Marinomonadaceae	0.0	0.0	0.0	0.0	0.0	0.0	0.0	0.0	0.0	0.0	0.0	0.0	1.0	0.0	0.0	0.0	0.0	0.0	0.0	0.0
Mariprofundaceae	0.0	0.0	0.0	0.0	0.0	0.0	0.0	0.0	0.0	0.0	0.0	0.0	0.0	0.0	0.0	0.0	0.0	0.0	0.0	0.0
Methylacidiphilaceae	2.0	1.0	0.0	4.0	0.0	4.0	5.0	17.0	10.0	22.0	19.0	0.0	12.0	0.0	16.0	17.0	0.0	0.0	0.0	0.0
Methylococcaceae	0.0	0.0	0.0	4.0	0.0	0.0	0.0	1.0	0.0	0.0	1.0	0.0	3.0	0.0	1.0	0.0	0.0	0.0	0.0	0.0
Methyloligellaceae	0.0	6.0	11.0	32.0	33.0	4.0	14.0	29.0	6.0	6.0	10.0	11.0	69.0	12.0	5.0	0.0	9.0	0.0	0.0	0.0
Methylomirabilaceae	1.0	2.0	0.0	3.0	0.0	0.0	0.0	4.0	3.0	3.0	1.0	0.0	1.0	1.0	0.0	0.0	0.0	0.0	0.0	0.0
Methylomonaceae	1.0	2.0	0.0	5.0	2.0	1.0	2.0	1.0	1.0	1.0	2.0	0.0	13.0	5.0	4.0	0.0	3.0	0.0	1.0	0.0
Methylophagaceae	0.0	0.0	0.0	1.0	0.0	0.0	0.0	0.0	0.0	1.0	2.0	0.0	0.0	3.0	0.0	0.0	0.0	0.0	0.0	0.0
Methylophilaceae	224.0	205.0	480.0	87.0	90.0	89.0	130.0	373.0	98.0	273.0	371.0	321.0	216.0	83.0	88.0	107.0	252.0	2.0	2.0	2.0
Methylopilaceae	0.0	0.0	0.0	1.0	3.0	0.0	0.0	0.0	0.0	0.0	0.0	0.0	9.0	0.0	0.0	0.0	0.0	0.0	0.0	0.0
Micavibrionaceae	3.0	0.0	0.0	2.0	6.0	5.0	1.0	11.0	4.0	1.0	0.0	0.0	20.0	4.0	9.0	5.0	0.0	0.0	1.0	0.0
Microbacteriaceae	73.0	941.0	1443.0	195.0	1613.0	120.0	110.0	787.0	79.0	460.0	505.0	184.0	36.0	100.0	464.0	352.0	1119.0	1.0	3.0	2.0
Micrococcaceae	13.0	57.0	62.0	16.0	89.0	16.0	15.0	35.0	13.0	29.0	36.0	16.0	7.0	38.0	78.0	81.0	20.0	0.0	0.0	0.0
Microcystaceae	0.0	1.0	0.0	0.0	0.0	0.0	2.0	0.0	0.0	1.0	2.0	0.0	0.0	0.0	0.0	0.0	0.0	0.0	0.0	0.0
Micromonosporaceae	1.0	0.0	5.0	3.0	2.0	0.0	1.0	2.0	0.0	4.0	2.0	0.0	0.0	5.0	6.0	0.0	0.0	0.0	0.0	0.0
Micropepsaceae	1.0	7.0	4.0	14.0	9.0	2.0	3.0	19.0	14.0	5.0	4.0	0.0	60.0	10.0	8.0	13.0	0.0	0.0	0.0	0.0
Microscillaceae	76.0	52.0	35.0	20.0	35.0	86.0	54.0	57.0	83.0	32.0	30.0	12.0	22.0	55.0	31.0	18.0	28.0	0.0	0.0	0.0
Microtrichaceae	0.0	2.0	7.0	6.0	10.0	2.0	0.0	8.0	0.0	2.0	4.0	0.0	2.0	44.0	2.0	15.0	0.0	0.0	0.0	0.0
MidBa8	0.0	0.0	0.0	0.0	0.0	0.0	0.0	2.0	0.0	0.0	0.0	0.0	0.0	0.0	2.0	0.0	0.0	0.0	0.0	0.0
Midichloriaceae	0.0	0.0	0.0	0.0	1.0	2.0	0.0	1.0	0.0	1.0	1.0	0.0	4.0	1.0	3.0	0.0	0.0	0.0	0.0	0.0
Mitochondria	5.0	6.0	5.0	15.0	13.0	8.0	11.0	11.0	20.0	12.0	13.0	6.0	101.0	17.0	15.0	9.0	0.0	0.0	0.0	0.0
Moduliflexaceae	0.0	0.0	0.0	0.0	0.0	0.0	1.0	0.0	0.0	1.0	0.0	0.0	1.0	0.0	0.0	0.0	0.0	0.0	0.0	0.0
Moraxellaceae	54.0	63.0	85.0	55.0	30.0	30.0	50.0	38.0	28.0	12.0	15.0	13.0	532.0	79.0	18.0	24.0	33.0	2.0	3.0	1.0
Moritellaceae	0.0	0.0	0.0	0.0	0.0	0.0	0.0	0.0	0.0	0.0	0.0	0.0	0.0	0.0	0.0	0.0	0.0	0.0	0.0	0.0
Muribaculaceae	33.0	17.0	12.0	7.0	7.0	23.0	11.0	4.0	20.0	11.0	5.0	4.0	8.0	6.0	13.0	21.0	25.0	0.0	0.0	0.0
Mycobacteriaceae	0.0	0.0	3.0	2.0	3.0	0.0	1.0	1.0	0.0	0.0	3.0	0.0	0.0	3.0	0.0	0.0	0.0	0.0	0.0	0.0
Mycoplasmataceae	1.0	0.0	0.0	0.0	0.0	0.0	2.0	1.0	0.0	0.0	1.0	0.0	4.0	0.0	0.0	0.0	0.0	0.0	1.0	0.0
Myxococcaceae	0.0	0.0	0.0	0.0	0.0	0.0	0.0	0.0	0.0	0.0	0.0	0.0	1.0	1.0	0.0	0.0	0.0	0.0	0.0	0.0
NS11-12 marine group	4650.0	2247.0	3709.0	1803.0	1602.0	6362.0	3890.0	3399.0	7473.0	9531.0	6764.0	1616.0	1961.0	2316.0	7401.0	5562.0	4193.0	19.0	12.0	11.0
NS7 marine group	0.0	1.0	0.0	0.0	0.0	1.0	0.0	1.0	3.0	0.0	1.0	0.0	1.0	6.0	1.0	0.0	0.0	0.0	0.0	0.0
NS9 marine group	20.0	13.0	7.0	9.0	18.0	24.0	20.0	29.0	32.0	63.0	19.0	12.0	6.0	17.0	39.0	35.0	13.0	0.0	0.0	0.0
Nannocystaceae	0.0	0.0	0.0	8.0	2.0	2.0	0.0	6.0	1.0	3.0	1.0	0.0	5.0	68.0	0.0	0.0	0.0	0.0	0.0	0.0
Neisseriaceae	23.0	11.0	25.0	36.0	13.0	24.0	23.0	26.0	26.0	15.0	19.0	30.0	123.0	77.0	13.0	24.0	23.0	0.0	0.0	0.0
Nitratiruptoraceae	0.0	0.0	0.0	0.0	0.0	0.0	0.0	0.0	0.0	0.0	0.0	0.0	0.0	2.0	0.0	0.0	0.0	0.0	0.0	0.0
Nitriliruptoraceae	0.0	0.0	0.0	0.0	0.0	0.0	0.0	0.0	0.0	0.0	0.0	0.0	0.0	0.0	0.0	0.0	0.0	0.0	0.0	0.0
Nitrincolaceae	1.0	0.0	0.0	0.0	0.0	0.0	1.0	1.0	0.0	1.0	0.0	0.0	3.0	0.0	2.0	0.0	0.0	0.0	0.0	0.0
Nitrococcaceae	0.0	0.0	0.0	0.0	0.0	0.0	0.0	0.0	0.0	0.0	0.0	0.0	0.0	0.0	0.0	0.0	0.0	0.0	0.0	0.0
Nitrosococcaceae	0.0	0.0	0.0	0.0	0.0	0.0	0.0	2.0	0.0	0.0	0.0	0.0	4.0	0.0	0.0	0.0	0.0	0.0	0.0	0.0
Nitrosomonadaceae	38.0	53.0	61.0	173.0	38.0	26.0	49.0	108.0	89.0	67.0	49.0	45.0	100.0	159.0	20.0	25.0	17.0	1.0	0.0	0.0
Nitrospinaceae	0.0	0.0	0.0	0.0	0.0	0.0	0.0	0.0	0.0	0.0	0.0	0.0	1.0	0.0	0.0	0.0	0.0	0.0	0.0	0.0
Nitrospiraceae	10.0	5.0	4.0	41.0	14.0	4.0	13.0	30.0	26.0	10.0	8.0	5.0	167.0	483.0	9.0	8.0	0.0	0.0	0.0	0.0
Nocardiaceae	0.0	3.0	7.0	7.0	6.0	1.0	1.0	3.0	0.0	0.0	0.0	0.0	2.0	3.0	5.0	3.0	0.0	0.0	0.0	0.0
Nocardioidaceae	1.0	4.0	10.0	6.0	9.0	0.0	0.0	5.0	1.0	4.0	5.0	0.0	3.0	17.0	8.0	3.0	5.0	0.0	0.0	0.0
Nocardiopsaceae	0.0	0.0	0.0	1.0	2.0	0.0	0.0	3.0	0.0	0.0	0.0	0.0	0.0	1.0	5.0	0.0	0.0	0.0	0.0	0.0
Nostocaceae	2.0	0.0	21.0	0.0	0.0	1.0	25.0	4.0	3.0	1.0	0.0	4.0	0.0	1.0	2.0	0.0	0.0	0.0	0.0	0.0
OCS116 clade	0.0	0.0	0.0	0.0	0.0	0.0	0.0	1.0	0.0	0.0	1.0	0.0	2.0	0.0	1.0	0.0	0.0	0.0	0.0	0.0
Oligoflexaceae	8.0	9.0	5.0	5.0	12.0	14.0	17.0	26.0	19.0	11.0	12.0	5.0	146.0	10.0	2.0	4.0	0.0	0.0	0.0	0.0
Oligosphaeraceae	0.0	0.0	0.0	0.0	0.0	0.0	0.0	2.0	0.0	0.0	0.0	0.0	2.0	0.0	0.0	0.0	0.0	0.0	0.0	0.0
Omnitrophaceae	7.0	11.0	3.0	8.0	4.0	15.0	20.0	19.0	31.0	14.0	7.0	21.0	10.0	3.0	11.0	0.0	0.0	0.0	0.0	0.0
Opitutaceae	75.0	54.0	103.0	150.0	48.0	118.0	130.0	403.0	189.0	363.0	251.0	260.0	313.0	39.0	107.0	75.0	19.0	0.0	2.0	0.0
Oscillatoriaceae	0.0	0.0	0.0	0.0	0.0	0.0	2.0	0.0	0.0	0.0	0.0	0.0	0.0	0.0	0.0	0.0	0.0	0.0	0.0	0.0
P3OB-42	0.0	1.0	0.0	6.0	5.0	2.0	0.0	7.0	5.0	0.0	3.0	3.0	28.0	12.0	0.0	0.0	0.0	0.0	0.0	0.0
P5D1-392	0.0	0.0	0.0	0.0	0.0	0.0	0.0	0.0	0.0	0.0	0.0	0.0	0.0	0.0	0.0	0.0	0.0	0.0	0.0	0.0
PBS-18	0.0	0.0	0.0	0.0	0.0	0.0	0.0	0.0	2.0	0.0	0.0	0.0	0.0	0.0	0.0	0.0	0.0	0.0	0.0	0.0
PHOS-HE36	0.0	0.0	0.0	0.0	0.0	0.0	0.0	0.0	1.0	0.0	0.0	0.0	0.0	0.0	0.0	0.0	0.0	0.0	0.0	0.0
PRD18C08	0.0	0.0	0.0	0.0	1.0	0.0	0.0	0.0	0.0	0.0	0.0	0.0	3.0	0.0	0.0	0.0	0.0	0.0	0.0	0.0
PS1 clade	0.0	0.0	0.0	2.0	0.0	0.0	0.0	3.0	0.0	0.0	1.0	0.0	0.0	2.0	1.0	0.0	0.0	0.0	0.0	0.0
Paenibacillaceae	3.0	9.0	3.0	7.0	12.0	2.0	4.0	53.0	9.0	12.0	9.0	10.0	5.0	11.0	2.0	0.0	26.0	13.0	7.0	10.0
Paludibacteraceae	9.0	2.0	0.0	8.0	2.0	8.0	1.0	5.0	4.0	4.0	1.0	0.0	5.0	1.0	2.0	5.0	0.0	0.0	0.0	0.0
Paracaedibacteraceae	31.0	7.0	7.0	50.0	39.0	23.0	91.0	65.0	114.0	20.0	46.0	10.0	101.0	52.0	24.0	19.0	0.0	0.0	0.0	0.0
Paraspirulinaceae	0.0	0.0	0.0	0.0	0.0	0.0	2.0	0.0	0.0	0.0	0.0	0.0	0.0	0.0	0.0	0.0	0.0	0.0	0.0	0.0
Parvibaculaceae	0.0	0.0	0.0	0.0	0.0	0.0	0.0	0.0	0.0	0.0	1.0	0.0	2.0	0.0	0.0	0.0	0.0	0.0	0.0	0.0
Parvularculaceae	0.0	0.0	0.0	0.0	0.0	0.0	0.0	2.0	0.0	0.0	0.0	0.0	1.0	0.0	0.0	0.0	0.0	0.0	0.0	0.0
Pasteurellaceae	5.0	2.0	7.0	8.0	4.0	7.0	1.0	4.0	3.0	5.0	2.0	1.0	11.0	12.0	6.0	0.0	2.0	3.0	2.0	5.0
PeH15	11.0	2.0	0.0	1.0	0.0	10.0	2.0	1.0	9.0	5.0	1.0	0.0	4.0	4.0	3.0	5.0	0.0	0.0	0.0	0.0
Pedosphaeraceae	9.0	2.0	0.0	33.0	0.0	34.0	24.0	67.0	32.0	98.0	52.0	0.0	55.0	14.0	30.0	15.0	0.0	0.0	0.0	0.0
Peptococcaceae	7.0	3.0	0.0	1.0	0.0	1.0	2.0	13.0	0.0	6.0	2.0	0.0	2.0	7.0	3.0	0.0	0.0	1.0	0.0	0.0
Peptostreptococcaceae	15.0	40.0	63.0	32.0	169.0	15.0	21.0	159.0	15.0	87.0	90.0	71.0	10.0	138.0	93.0	88.0	757.0	0.0	0.0	0.0
Phaselicystidaceae	0.0	0.0	0.0	4.0	0.0	0.0	0.0	1.0	2.0	0.0	0.0	0.0	7.0	12.0	0.0	0.0	0.0	0.0	0.0	0.0
Phormidesmiaceae	0.0	0.0	0.0	0.0	0.0	0.0	0.0	0.0	0.0	0.0	0.0	0.0	0.0	0.0	0.0	0.0	0.0	0.0	0.0	0.0
Phormidiaceae	5.0	0.0	8.0	2.0	0.0	3.0	209.0	3.0	10.0	0.0	2.0	3.0	4.0	5.0	5.0	13.0	0.0	0.0	0.0	0.0
Phycisphaeraceae	2.0	2.0	0.0	7.0	6.0	1.0	5.0	8.0	8.0	1.0	3.0	4.0	34.0	9.0	4.0	0.0	0.0	0.0	0.0	0.0
Pirellulaceae	4.0	4.0	5.0	12.0	2.0	1.0	7.0	14.0	6.0	8.0	3.0	0.0	36.0	8.0	1.0	6.0	0.0	0.0	0.0	0.0
Piscirickettsiaceae	0.0	0.0	0.0	0.0	0.0	0.0	0.0	1.0	0.0	2.0	0.0	0.0	12.0	0.0	0.0	0.0	0.0	0.0	0.0	0.0
Planococcaceae	0.0	1.0	0.0	1.0	4.0	4.0	3.0	4.0	3.0	1.0	3.0	4.0	3.0	7.0	2.0	0.0	0.0	25.0	13.0	16.0
Pleomorphomonadaceae	0.0	0.0	0.0	2.0	10.0	0.0	0.0	6.0	0.0	1.0	1.0	0.0	10.0	4.0	4.0	6.0	0.0	0.0	0.0	0.0
Polyangiaceae	0.0	0.0	0.0	9.0	0.0	2.0	2.0	3.0	2.0	3.0	2.0	0.0	8.0	54.0	0.0	0.0	0.0	0.0	0.0	0.0
Porphyromonadaceae	12.0	10.0	8.0	6.0	11.0	11.0	9.0	4.0	8.0	3.0	0.0	0.0	3.0	7.0	12.0	7.0	5.0	0.0	0.0	0.0
Porticoccaceae	1.0	1.0	0.0	1.0	0.0	0.0	0.0	2.0	2.0	0.0	2.0	0.0	14.0	3.0	0.0	0.0	0.0	0.0	0.0	0.0
Prevotellaceae	30.0	18.0	14.0	6.0	13.0	27.0	17.0	4.0	24.0	14.0	11.0	12.0	14.0	19.0	17.0	10.0	19.0	1.0	0.0	0.0
Procabacteriaceae	0.0	0.0	0.0	0.0	0.0	0.0	0.0	3.0	0.0	0.0	1.0	0.0	3.0	0.0	0.0	0.0	0.0	0.0	0.0	0.0
Prolixibacteraceae	18.0	18.0	22.0	5.0	15.0	22.0	15.0	30.0	24.0	29.0	7.0	4.0	11.0	10.0	7.0	6.0	13.0	0.0	0.0	0.0
Promicromonosporaceae	0.0	1.0	0.0	0.0	0.0	0.0	0.0	0.0	0.0	0.0	0.0	0.0	0.0	2.0	1.0	0.0	0.0	0.0	0.0	0.0
Propionibacteriaceae	9.0	17.0	7.0	7.0	20.0	4.0	6.0	8.0	4.0	18.0	5.0	6.0	8.0	47.0	26.0	19.0	6.0	0.0	1.0	0.0
Pseudanabaenaceae	0.0	0.0	18.0	0.0	0.0	0.0	0.0	0.0	0.0	0.0	0.0	0.0	0.0	0.0	0.0	0.0	0.0	0.0	0.0	0.0
Pseudoalteromonadaceae	4.0	2.0	6.0	4.0	2.0	0.0	2.0	3.0	4.0	1.0	3.0	0.0	12.0	10.0	2.0	0.0	0.0	0.0	1.0	0.0
Pseudohongiellaceae	5.0	1.0	1.0	4.0	0.0	0.0	2.0	0.0	1.0	2.0	1.0	0.0	105.0	0.0	2.0	0.0	0.0	0.0	0.0	0.0
Pseudomonadaceae	270.0	116.0	203.0	365.0	104.0	204.0	272.0	198.0	266.0	162.0	129.0	98.0	2813.0	445.0	153.0	187.0	305.0	288.0	269.0	352.0
Pseudonocardiaceae	0.0	1.0	0.0	1.0	3.0	0.0	2.0	1.0	0.0	1.0	0.0	0.0	0.0	1.0	4.0	0.0	0.0	0.0	0.0	0.0
Puniceicoccaceae	108.0	11.0	23.0	262.0	16.0	234.0	200.0	520.0	260.0	690.0	477.0	67.0	442.0	71.0	276.0	152.0	50.0	2.0	1.0	0.0
Pyrinomonadaceae	0.0	1.0	0.0	0.0	0.0	0.0	0.0	1.0	0.0	2.0	0.0	0.0	1.0	1.0	0.0	0.0	0.0	0.0	0.0	0.0
Reyranellaceae	2.0	4.0	5.0	11.0	18.0	2.0	7.0	20.0	9.0	4.0	7.0	0.0	35.0	53.0	23.0	7.0	10.0	0.0	0.0	0.0
Rhizobiaceae	53.0	74.0	123.0	286.0	220.0	54.0	163.0	351.0	75.0	79.0	89.0	144.0	881.0	260.0	112.0	121.0	51.0	2.0	0.0	1.0
Rhizobiales Incertae Sedis	12.0	32.0	33.0	62.0	196.0	7.0	48.0	203.0	21.0	58.0	111.0	76.0	250.0	78.0	258.0	240.0	108.0	0.0	0.0	0.0
Rhodanobacteraceae	5.0	22.0	15.0	100.0	14.0	16.0	34.0	25.0	31.0	18.0	30.0	22.0	38.0	210.0	11.0	32.0	2.0	0.0	1.0	0.0
Rhodobacteraceae	520.0	803.0	2638.0	2224.0	4046.0	501.0	1387.0	3504.0	522.0	1226.0	2248.0	4623.0	5270.0	2060.0	3714.0	3572.0	425.0	8.0	5.0	7.0
Rhodobiaceae	0.0	0.0	0.0	0.0	0.0	0.0	0.0	2.0	0.0	0.0	0.0	0.0	0.0	0.0	0.0	0.0	0.0	0.0	0.0	0.0
Rhodocyclaceae	143.0	164.0	189.0	348.0	106.0	99.0	197.0	197.0	237.0	143.0	126.0	119.0	740.0	2052.0	92.0	160.0	108.0	6.0	0.0	0.0
Rhodomicrobiaceae	0.0	1.0	0.0	1.0	3.0	0.0	1.0	0.0	0.0	1.0	1.0	0.0	9.0	0.0	0.0	0.0	0.0	0.0	0.0	0.0
Rhodopirillaceae	0.0	0.0	0.0	3.0	0.0	0.0	0.0	4.0	0.0	0.0	0.0	2.0	2.0	1.0	0.0	0.0	0.0	0.0	0.0	0.0
Rhodospirillaceae	1.0	5.0	3.0	3.0	15.0	1.0	4.0	42.0	5.0	14.0	16.0	3.0	22.0	5.0	16.0	17.0	0.0	0.0	0.0	0.0
Rhodothermaceae	1.0	0.0	0.0	1.0	0.0	0.0	0.0	0.0	3.0	2.0	0.0	0.0	3.0	2.0	0.0	0.0	0.0	0.0	0.0	0.0
Rickettsiaceae	7.0	2.0	0.0	3.0	5.0	6.0	13.0	11.0	8.0	9.0	18.0	5.0	50.0	6.0	18.0	23.0	0.0	0.0	0.0	0.0
Rikenellaceae	53.0	27.0	19.0	17.0	33.0	48.0	35.0	14.0	50.0	29.0	20.0	5.0	20.0	21.0	48.0	15.0	18.0	1.0	0.0	0.0
Roseiflexaceae	0.0	0.0	0.0	1.0	8.0	1.0	0.0	0.0	2.0	2.0	3.0	0.0	0.0	14.0	0.0	0.0	0.0	0.0	0.0	0.0
Rs-E47 termite group	0.0	1.0	0.0	0.0	0.0	2.0	1.0	0.0	0.0	0.0	2.0	0.0	0.0	1.0	0.0	0.0	0.0	0.0	0.0	0.0
Rs-M59 termite group	0.0	0.0	0.0	0.0	0.0	0.0	0.0	0.0	0.0	0.0	0.0	0.0	0.0	0.0	0.0	0.0	0.0	0.0	0.0	0.0
Rubidibacteraceae	0.0	0.0	0.0	0.0	0.0	0.0	3.0	0.0	1.0	1.0	0.0	0.0	0.0	0.0	0.0	0.0	0.0	0.0	0.0	0.0
Rubinisphaeraceae	0.0	2.0	2.0	9.0	4.0	0.0	7.0	6.0	5.0	2.0	1.0	2.0	14.0	5.0	0.0	0.0	0.0	0.0	0.0	0.0
Rubritaleaceae	3.0	1.0	0.0	12.0	2.0	9.0	13.0	18.0	21.0	17.0	15.0	12.0	21.0	10.0	4.0	8.0	4.0	0.0	0.0	0.0
Rubrobacteriaceae	0.0	0.0	0.0	0.0	0.0	0.0	0.0	0.0	0.0	0.0	2.0	0.0	0.0	0.0	0.0	0.0	0.0	0.0	0.0	0.0
Ruminococcaceae	125.0	24.0	49.0	289.0	54.0	124.0	84.0	95.0	90.0	50.0	62.0	28.0	168.0	228.0	67.0	64.0	146.0	4.0	3.0	6.0
S15-21	0.0	0.0	0.0	0.0	0.0	0.0	0.0	0.0	0.0	0.0	0.0	0.0	0.0	0.0	0.0	0.0	0.0	0.0	0.0	0.0
S15A-MN91	4.0	1.0	4.0	0.0	0.0	2.0	2.0	0.0	1.0	0.0	3.0	0.0	2.0	0.0	3.0	0.0	0.0	0.0	0.0	0.0
S25-593	0.0	0.0	0.0	0.0	3.0	0.0	0.0	0.0	0.0	0.0	0.0	0.0	0.0	0.0	0.0	0.0	0.0	0.0	0.0	0.0
SAR116 clade	0.0	0.0	0.0	0.0	0.0	0.0	0.0	2.0	0.0	0.0	0.0	0.0	2.0	0.0	0.0	0.0	0.0	0.0	0.0	0.0
SB-5	21.0	10.0	6.0	2.0	4.0	14.0	13.0	2.0	15.0	7.0	3.0	4.0	4.0	6.0	8.0	0.0	11.0	0.0	0.0	0.0
SC-I-84	14.0	46.0	65.0	215.0	52.0	6.0	25.0	101.0	52.0	57.0	59.0	67.0	30.0	61.0	9.0	28.0	14.0	0.0	0.0	0.0
SG8-4	0.0	0.0	0.0	0.0	0.0	0.0	0.0	2.0	0.0	0.0	2.0	0.0	6.0	0.0	0.0	0.0	0.0	0.0	0.0	0.0
SM23-30	0.0	0.0	0.0	0.0	0.0	0.0	0.0	0.0	0.0	0.0	0.0	0.0	0.0	0.0	0.0	0.0	0.0	0.0	0.0	0.0
SM2D12	15.0	13.0	3.0	11.0	20.0	13.0	13.0	12.0	25.0	4.0	5.0	0.0	92.0	17.0	20.0	7.0	0.0	0.0	0.0	0.0
ST-12K33	0.0	1.0	0.0	0.0	0.0	0.0	0.0	0.0	0.0	0.0	0.0	0.0	0.0	0.0	0.0	0.0	0.0	0.0	0.0	0.0
Saccharimonadaceae	0.0	4.0	0.0	4.0	4.0	0.0	2.0	7.0	1.0	5.0	5.0	0.0	2.0	18.0	13.0	7.0	0.0	0.0	0.0	0.0
Saccharospirillaceae	0.0	0.0	0.0	0.0	0.0	0.0	0.0	0.0	0.0	1.0	0.0	0.0	4.0	0.0	0.0	0.0	0.0	0.0	0.0	0.0
Salinivirgaceae	2.0	0.0	0.0	0.0	0.0	3.0	2.0	0.0	1.0	1.0	1.0	0.0	0.0	0.0	1.0	0.0	0.0	0.0	0.0	0.0
Sandaracinaceae	5.0	11.0	6.0	21.0	3.0	4.0	9.0	33.0	14.0	3.0	4.0	3.0	110.0	27.0	3.0	0.0	0.0	0.0	0.0	0.0
Sanguibacteraceae	0.0	0.0	0.0	0.0	0.0	0.0	0.0	0.0	0.0	0.0	0.0	0.0	0.0	0.0	0.0	0.0	0.0	0.0	0.0	0.0
Saprospiraceae	77.0	46.0	26.0	35.0	41.0	63.0	66.0	32.0	123.0	50.0	49.0	44.0	46.0	876.0	53.0	25.0	44.0	0.0	1.0	0.0
Scalinduaceae	0.0	0.0	0.0	0.0	0.0	0.0	0.0	1.0	0.0	0.0	0.0	0.0	0.0	0.0	0.0	0.0	0.0	0.0	0.0	0.0
Schleiferiaceae	0.0	2.0	0.0	0.0	0.0	0.0	0.0	0.0	0.0	0.0	0.0	0.0	0.0	0.0	0.0	0.0	0.0	0.0	0.0	0.0
Schlesneriaceae	0.0	0.0	0.0	0.0	0.0	0.0	0.0	0.0	0.0	0.0	0.0	0.0	0.0	0.0	0.0	0.0	0.0	0.0	0.0	0.0
Sedimenticolaceae	0.0	0.0	0.0	2.0	0.0	0.0	0.0	2.0	0.0	0.0	0.0	0.0	1.0	0.0	0.0	0.0	0.0	0.0	0.0	0.0
Shewanellaceae	1.0	5.0	0.0	2.0	2.0	0.0	1.0	4.0	1.0	0.0	0.0	0.0	6.0	6.0	1.0	3.0	0.0	0.0	1.0	0.0
Sneathiellaceae	0.0	1.0	1.0	5.0	6.0	0.0	0.0	2.0	0.0	2.0	3.0	0.0	5.0	2.0	9.0	0.0	0.0	0.0	0.0	0.0
Solibacteraceae (Subgroup 3)	0.0	3.0	4.0	3.0	0.0	1.0	4.0	12.0	4.0	1.0	1.0	2.0	6.0	23.0	1.0	0.0	0.0	0.0	0.0	0.0
Solimonadaceae	5.0	4.0	9.0	7.0	3.0	1.0	0.0	5.0	0.0	1.0	1.0	0.0	28.0	2.0	5.0	0.0	0.0	0.0	0.0	0.0
Solirubrobacteraceae	0.0	1.0	0.0	0.0	0.0	1.0	1.0	1.0	0.0	2.0	1.0	0.0	0.0	1.0	1.0	0.0	0.0	0.0	0.0	0.0
Sphingobacteriaceae	156.0	118.0	58.0	33.0	125.0	169.0	109.0	45.0	111.0	69.0	65.0	23.0	47.0	81.0	76.0	66.0	121.0	0.0	0.0	0.0
Sphingomonadaceae	409.0	490.0	865.0	1122.0	1711.0	435.0	790.0	869.0	623.0	506.0	834.0	949.0	5190.0	724.0	2301.0	1941.0	556.0	3.0	4.0	2.0
Spirochaetaceae	3.0	6.0	4.0	10.0	6.0	5.0	8.0	3.0	8.0	6.0	3.0	9.0	10.0	5.0	3.0	5.0	7.0	0.0	0.0	0.0
Spirosomaceae	8022.0	15672.0	8406.0	1409.0	13043.0	9390.0	5495.0	4820.0	4423.0	4788.0	4378.0	1068.0	1882.0	2366.0	9613.0	7566.0	13404.0	22.0	14.0	10.0
Spongiibacteraceae	0.0	8.0	5.0	3.0	7.0	1.0	10.0	12.0	4.0	3.0	2.0	4.0	89.0	11.0	4.0	0.0	130.0	0.0	0.0	0.0
Sporichthyaceae	50.0	158.0	253.0	63.0	514.0	61.0	61.0	270.0	77.0	192.0	171.0	38.0	24.0	36.0	1121.0	1160.0	76.0	0.0	0.0	0.0
Sporolactobacillaceae	0.0	0.0	0.0	0.0	0.0	0.0	0.0	0.0	0.0	0.0	0.0	0.0	0.0	0.0	0.0	0.0	0.0	0.0	0.0	0.0
Staphylococcaceae	25.0	19.0	21.0	12.0	6.0	20.0	33.0	13.0	46.0	16.0	10.0	19.0	19.0	37.0	11.0	35.0	12.0	3597.0	3469.0	3854.0
Stappiaceae	0.0	3.0	0.0	5.0	4.0	1.0	1.0	1.0	0.0	0.0	1.0	6.0	4.0	3.0	2.0	0.0	0.0	0.0	0.0	0.0
Steroidobacteraceae	4.0	10.0	25.0	14.0	10.0	0.0	5.0	13.0	8.0	7.0	11.0	21.0	9.0	10.0	13.0	7.0	238.0	0.0	0.0	0.0
Streptococcaceae	10.0	3.0	2.0	6.0	5.0	7.0	5.0	6.0	5.0	4.0	7.0	2.0	8.0	31.0	7.0	3.0	0.0	65.0	51.0	55.0
Streptomycetaceae	12.0	53.0	81.0	35.0	115.0	6.0	12.0	46.0	19.0	40.0	33.0	6.0	16.0	40.0	138.0	140.0	54.0	0.0	1.0	0.0
Streptosporangiaceae	0.0	0.0	0.0	1.0	0.0	0.0	0.0	1.0	0.0	3.0	0.0	0.0	2.0	3.0	2.0	0.0	0.0	0.0	0.0	0.0
Succinivibrionaceae	0.0	1.0	0.0	3.0	0.0	0.0	2.0	1.0	0.0	2.0	0.0	0.0	1.0	2.0	0.0	0.0	0.0	0.0	3.0	3.0
Sulfuricellaceae	10.0	6.0	13.0	12.0	7.0	9.0	4.0	14.0	8.0	13.0	7.0	7.0	22.0	23.0	3.0	0.0	5.0	0.0	0.0	0.0
Sulfurospirillaceae	90.0	44.0	32.0	42.0	71.0	103.0	102.0	63.0	87.0	29.0	25.0	0.0	59.0	134.0	80.0	56.0	50.0	0.0	0.0	0.0
Sulfurovaceae	96.0	9.0	8.0	21.0	9.0	84.0	54.0	9.0	90.0	25.0	12.0	5.0	31.0	129.0	156.0	182.0	22.0	0.0	0.0	0.0
Sva1033	0.0	0.0	0.0	0.0	0.0	0.0	0.0	0.0	0.0	0.0	0.0	0.0	1.0	0.0	0.0	0.0	0.0	0.0	0.0	0.0
Synechococcales Incertae Sedis	0.0	0.0	0.0	0.0	0.0	0.0	0.0	2.0	0.0	0.0	0.0	0.0	0.0	0.0	0.0	0.0	0.0	0.0	0.0	0.0
Synergistaceae	1.0	0.0	0.0	0.0	0.0	1.0	2.0	0.0	0.0	0.0	2.0	0.0	0.0	1.0	2.0	0.0	0.0	0.0	0.0	0.0
Syntrophaceae	2.0	3.0	0.0	30.0	2.0	8.0	23.0	21.0	25.0	9.0	20.0	9.0	112.0	27.0	3.0	0.0	0.0	1.0	0.0	0.0
Syntrophobacteraceae	0.0	0.0	0.0	7.0	0.0	0.0	0.0	1.0	6.0	3.0	0.0	2.0	26.0	4.0	1.0	0.0	0.0	0.0	0.0	0.0
Syntrophomonadaceae	0.0	0.0	0.0	0.0	0.0	0.0	0.0	0.0	0.0	0.0	1.0	0.0	1.0	1.0	0.0	0.0	0.0	0.0	0.0	0.0
Syntrophorhabdaceae	0.0	0.0	0.0	3.0	0.0	0.0	0.0	3.0	1.0	0.0	1.0	0.0	15.0	2.0	0.0	0.0	0.0	0.0	0.0	0.0
T34	0.0	0.0	0.0	1.0	0.0	0.0	0.0	1.0	0.0	0.0	0.0	0.0	1.0	2.0	0.0	0.0	0.0	0.0	0.0	0.0
TRA3-20	21.0	17.0	15.0	27.0	9.0	11.0	9.0	21.0	31.0	15.0	9.0	8.0	20.0	25.0	6.0	0.0	10.0	0.0	1.0	0.0
TSAC18	0.0	0.0	0.0	0.0	0.0	0.0	0.0	1.0	0.0	0.0	0.0	0.0	0.0	0.0	0.0	0.0	0.0	0.0	0.0	0.0
Tannerellaceae	4.0	2.0	0.0	1.0	3.0	6.0	4.0	1.0	4.0	1.0	1.0	0.0	3.0	7.0	3.0	0.0	0.0	0.0	0.0	0.0
Tenderiaceae	0.0	0.0	0.0	0.0	0.0	0.0	0.0	0.0	0.0	0.0	0.0	0.0	1.0	0.0	0.0	0.0	0.0	0.0	0.0	0.0
Tepidisphaeraceae	0.0	0.0	0.0	0.0	0.0	0.0	0.0	0.0	0.0	2.0	0.0	0.0	3.0	4.0	0.0	0.0	0.0	0.0	0.0	0.0
Terasakiellaceae	0.0	0.0	0.0	0.0	0.0	0.0	0.0	1.0	0.0	0.0	0.0	0.0	4.0	0.0	0.0	0.0	0.0	0.0	0.0	0.0
Terrimicrobiaceae	0.0	0.0	0.0	1.0	0.0	0.0	0.0	0.0	0.0	0.0	1.0	0.0	1.0	0.0	0.0	0.0	0.0	0.0	0.0	0.0
Thalassospiraceae	0.0	0.0	0.0	0.0	0.0	0.0	0.0	0.0	0.0	0.0	0.0	0.0	1.0	0.0	0.0	0.0	0.0	0.0	0.0	0.0
Thermaceae	0.0	0.0	0.0	0.0	0.0	0.0	0.0	0.0	0.0	1.0	0.0	0.0	0.0	0.0	0.0	0.0	0.0	0.0	0.0	0.0
Thermoactinomycetaceae	0.0	0.0	0.0	0.0	0.0	0.0	0.0	0.0	0.0	0.0	0.0	0.0	0.0	0.0	0.0	0.0	0.0	1.0	0.0	0.0
Thermoanaerobacteraceae	0.0	0.0	0.0	0.0	0.0	0.0	0.0	0.0	0.0	0.0	0.0	0.0	3.0	1.0	0.0	0.0	0.0	0.0	0.0	0.0
Thermoanaerobaculaceae	0.0	0.0	0.0	2.0	4.0	0.0	1.0	2.0	5.0	3.0	1.0	0.0	4.0	2.0	1.0	0.0	0.0	0.0	0.0	0.0
Thermomonosporaceae	0.0	0.0	0.0	2.0	0.0	0.0	0.0	0.0	0.0	1.0	1.0	0.0	0.0	0.0	0.0	0.0	0.0	0.0	0.0	0.0
Thioalkalispiraceae	0.0	0.0	0.0	0.0	0.0	0.0	0.0	1.0	0.0	0.0	0.0	0.0	1.0	0.0	0.0	0.0	0.0	0.0	0.0	0.0
Thioglobaceae	0.0	0.0	0.0	1.0	0.0	0.0	0.0	0.0	0.0	0.0	1.0	0.0	0.0	1.0	0.0	0.0	0.0	0.0	0.0	0.0
Thiohalorhabdaceae	0.0	0.0	0.0	2.0	0.0	0.0	0.0	0.0	0.0	0.0	0.0	0.0	1.0	0.0	0.0	0.0	0.0	0.0	0.0	0.0
Thiomicrospiraceae	0.0	0.0	0.0	0.0	0.0	0.0	0.0	0.0	0.0	1.0	0.0	0.0	0.0	0.0	0.0	0.0	0.0	0.0	0.0	0.0
Thiotrichaceae	1.0	3.0	5.0	7.0	0.0	3.0	2.0	2.0	5.0	1.0	0.0	0.0	16.0	14.0	1.0	0.0	0.0	0.0	1.0	0.0
Thiovulaceae	606.0	93.0	57.0	238.0	184.0	578.0	674.0	344.0	676.0	124.0	122.0	20.0	275.0	397.0	119.0	119.0	4.0	0.0	1.0	0.0
Tistrellaceae	0.0	0.0	0.0	0.0	0.0	0.0	0.0	0.0	0.0	0.0	0.0	0.0	5.0	0.0	0.0	0.0	0.0	0.0	0.0	0.0
Trueperaceae	0.0	0.0	0.0	0.0	0.0	0.0	0.0	5.0	0.0	3.0	0.0	0.0	0.0	0.0	0.0	0.0	0.0	0.0	0.0	0.0
UASB-TL25	0.0	0.0	0.0	0.0	0.0	0.0	0.0	2.0	0.0	0.0	0.0	0.0	1.0	1.0	0.0	0.0	0.0	0.0	0.0	0.0
UBA12409	0.0	0.0	0.0	0.0	0.0	1.0	0.0	0.0	0.0	1.0	0.0	0.0	0.0	0.0	3.0	0.0	0.0	0.0	0.0	0.0
URHD0088	0.0	0.0	0.0	0.0	0.0	0.0	0.0	0.0	0.0	0.0	0.0	0.0	2.0	0.0	0.0	0.0	0.0	0.0	0.0	0.0
Unknown Family	17.0	28.0	10.0	25.0	15.0	17.0	20.0	28.0	28.0	19.0	0.0	14.0	230.0	37.0	10.0	13.0	229.0	0.0	0.0	0.0
VHS-B3-70	0.0	0.0	0.0	0.0	0.0	0.0	0.0	0.0	0.0	0.0	0.0	0.0	0.0	0.0	0.0	0.0	7.0	0.0	0.0	0.0
VHS-B4-70	0.0	0.0	0.0	0.0	0.0	0.0	0.0	0.0	0.0	0.0	0.0	0.0	0.0	0.0	0.0	0.0	0.0	0.0	0.0	0.0
Veillonellaceae	7.0	8.0	8.0	15.0	6.0	13.0	3.0	16.0	16.0	16.0	10.0	6.0	7.0	22.0	10.0	5.0	0.0	2.0	1.0	0.0
Vermiphilaceae	2.0	11.0	0.0	1.0	2.0	4.0	9.0	7.0	7.0	8.0	4.0	1.0	2.0	4.0	4.0	0.0	0.0	0.0	0.0	0.0
Verrucomicrobiaceae	16.0	2.0	0.0	22.0	0.0	18.0	12.0	52.0	20.0	64.0	50.0	0.0	37.0	10.0	20.0	17.0	0.0	0.0	1.0	0.0
Vibrionaceae	6.0	2.0	3.0	13.0	1.0	3.0	8.0	6.0	10.0	5.0	4.0	3.0	29.0	9.0	3.0	0.0	8.0	8.0	4.0	7.0
Victivallaceae	0.0	0.0	0.0	0.0	0.0	3.0	0.0	1.0	0.0	0.0	0.0	0.0	17.0	2.0	12.0	17.0	0.0	0.0	0.0	0.0
WD2101 soil group	0.0	2.0	0.0	9.0	2.0	0.0	4.0	1.0	1.0	1.0	2.0	0.0	17.0	0.0	0.0	7.0	0.0	0.0	0.0	0.0
Weeksellaceae	26.0	26.0	7.0	2.0	25.0	35.0	14.0	6.0	20.0	17.0	6.0	0.0	3.0	11.0	14.0	15.0	19.0	0.0	0.0	0.0
Woeseiaceae	3.0	0.0	0.0	2.0	5.0	0.0	3.0	1.0	4.0	0.0	2.0	0.0	8.0	2.0	0.0	0.0	6.0	0.0	0.0	0.0
Wohlfahrtiimonadaceae	0.0	0.0	0.0	0.0	0.0	0.0	0.0	0.0	0.0	0.0	1.0	0.0	2.0	0.0	0.0	0.0	0.0	0.0	0.0	0.0
Xanthobacteraceae	22.0	40.0	28.0	160.0	143.0	31.0	64.0	127.0	46.0	40.0	57.0	53.0	429.0	152.0	69.0	46.0	2214.0	0.0	1.0	0.0
Xanthomonadaceae	101.0	138.0	96.0	552.0	82.0	68.0	168.0	221.0	276.0	127.0	166.0	197.0	154.0	371.0	86.0	90.0	105.0	4.0	2.0	0.0
Xenococcaceae	0.0	0.0	0.0	0.0	0.0	0.0	8.0	5.0	0.0	3.0	4.0	0.0	0.0	0.0	0.0	0.0	0.0	0.0	0.0	0.0
Xiphinematobacteraceae	0.0	0.0	0.0	1.0	0.0	0.0	0.0	1.0	0.0	1.0	0.0	0.0	0.0	0.0	0.0	0.0	0.0	0.0	0.0	0.0
bac2nit3	0.0	0.0	0.0	0.0	3.0	0.0	0.0	0.0	0.0	0.0	0.0	0.0	0.0	0.0	0.0	0.0	0.0	0.0	0.0	0.0
bacteriap25	1.0	1.0	0.0	4.0	2.0	0.0	1.0	5.0	3.0	2.0	3.0	0.0	21.0	3.0	1.0	0.0	0.0	0.0	0.0	0.0
env.OPS 17	8.0	4.0	4.0	5.0	2.0	23.0	18.0	2.0	28.0	10.0	8.0	7.0	4.0	18.0	11.0	11.0	0.0	0.0	0.0	0.0
mle1-27	0.0	0.0	0.0	1.0	0.0	0.0	0.0	1.0	1.0	1.0	0.0	0.0	5.0	26.0	0.0	0.0	0.0	0.0	0.0	0.0
p-251-o5	0.0	1.0	0.0	0.0	0.0	0.0	0.0	1.0	0.0	2.0	1.0	0.0	0.0	0.0	0.0	0.0	0.0	0.0	0.0	0.0
p-2534-18B5 gut group	0.0	0.0	0.0	0.0	0.0	0.0	0.0	0.0	0.0	0.0	0.0	0.0	0.0	0.0	2.0	0.0	0.0	0.0	0.0	0.0
possible family 01	0.0	1.0	0.0	0.0	0.0	0.0	0.0	0.0	0.0	1.0	1.0	0.0	0.0	0.0	0.0	0.0	0.0	0.0	0.0	0.0
s74e-6049	0.0	0.0	0.0	0.0	0.0	0.0	0.0	0.0	0.0	0.0	0.0	0.0	0.0	0.0	0.0	0.0	0.0	0.0	0.0	0.0
uncultured	0.0	14.0	12.0	3.0	2.0	12.0	0.0	12.0	5.0	17.0	11.0	6.0	0.0	11.0	17.0	14.0	43.0	0.0	0.0	0.0
vadinBE97	0.0	0.0	0.0	1.0	0.0	0.0	0.0	0.0	0.0	0.0	0.0	0.0	1.0	0.0	0.0	0.0	0.0	0.0	0.0	0.0
