month	location	0319-6G20	053A03-B-DI-P58	27F-1492R	37-13	4572-13	67-14	A0839	A21b	A4b	AB1	ADurb.Bin408	AEGEAN-169 marine group	AKAU3564 sediment group	AKIW781	AKYH767	Acanthopleuribacteraceae	Acetobacteraceae	Acetobacterales Incertae Sedis	Acidaminococcaceae	Acidiferrobacteraceae	Acidihalobacteraceae	Acidithiobacillaceae	Acidobacteriaceae (Subgroup 1)	Acidothermaceae	Actinomarinaceae	Actinomycetaceae	Aerococcaceae	Aeromonadaceae	Akkermansiaceae	Alcanivoracaceae	Alicyclobacillaceae	Alteromonadaceae	Amb-16S-1034	Amb-16S-1323	Amoebophilaceae	Anaerolineaceae	Anaplasmataceae	Aquaspirillaceae	Archangiaceae	Arcobacteraceae	Arctic95B-14	Arenicellaceae	Armatimonadaceae	Atopobiaceae	Azospirillaceae	Azospirillales Incertae Sedis	B1-7BS	B122	B18	BIrii41	BSV26	Babeliaceae	Bacillaceae	Bacteriovoracaceae	Bacteroidaceae	Bacteroidales	Bacteroidales BS11 gut group	Bacteroidales RF16 group	Bacteroidetes BD2-2	Bacteroidetes vadinHA17	Balneolaceae	Barnesiellaceae	Bdellovibrionaceae	Beggiatoaceae	Beijerinckiaceae	Betaproteobacteriales	Beutenbergiaceae	Bifidobacteriaceae	Blastocatellaceae	Blfdi19	Bogoriellaceae	Bradymonadaceae	Brevibacteriaceae	Brevinemataceae	Brocadiaceae	Burkholderiaceae	C2U	CMW-169	COB P4-1 termite group	CR-115	CWT CU03-E12	Caedibacteraceae	Caldicoprobacteraceae	Caldilineaceae	Caldisericaceae	Calditrichaceae	Campylobacteraceae	Cardiobacteriaceae	Carnobacteriaceae	Caulobacteraceae	Cellulomonadaceae	Cellvibrionaceae	Chitinibacteraceae	Chitinimonadaceae	Chitinivibrionaceae	Chitinophagaceae	Chlamydiales Incertae Sedis	Chlorobiaceae	Christensenellaceae	Chromatiaceae	Chromobacteriaceae	Chroococcidiopsaceae	Chthoniobacteraceae	Chthonomonadaceae	Clade III	Clade IV	Cloacimonadaceae	Clostridiaceae 1	Clostridiaceae 2	Clostridiaceae 3	Clostridiaceae 4	Clostridiales Incertae Sedis	Clostridiales vadinBB60 group	Coleofasciculaceae	Colwelliaceae	Competibacteraceae	Coriobacteriaceae	Coriobacteriales Incertae Sedis	Corynebacteriaceae	Coxiellaceae	Crocinitomicaceae	Cryomorphaceae	Cryptosporangiaceae	Cyanobacteriaceae	Cyanobiaceae	Cyclobacteriaceae	Cytophagaceae	D05-2	DEV007	Deferribacteraceae	Defluviitaleaceae	Deinococcaceae	Demequinaceae	Dermabacteraceae	Dermacoccaceae	Dermatophilaceae	Desulfarculaceae	Desulfobacteraceae	Desulfobulbaceae	Desulfohalobiaceae	Desulfomicrobiaceae	Desulfovibrionaceae	Desulfuromonadaceae	Devosiaceae	Dictyoglomaceae	Dietziaceae	Diplorickettsiaceae	Dongiaceae	Dysgonomonadaceae	EF100-94H03	Ectothiorhodospiraceae	Eel-36e1D6	Eggerthellaceae	Elsteraceae	Elusimicrobiaceae	Endomicrobiaceae	Endozoicomonadaceae	Enterobacteriaceae	Enterococcaceae	Entomoplasmataceae	Entotheonellaceae	Erysipelotrichaceae	Eubacteriaceae	F082	FFCH9454	FTLpost3	Family III	Family XI	Family XII	Family XIII	Family XIV	Family XVIII	Ferrovaceae	Fibrobacteraceae	Fibrobacterales	Fimbriimonadaceae	Flammeovirgaceae	Flavobacteriaceae	Fodinicurvataceae	Francisellaceae	Frankiaceae	Fusobacteriaceae	GWC2-45-44	GWF2-44-16	GZKB75	Gaiellaceae	Gallionellaceae	Geitlerinemaceae	Geminicoccaceae	Gemmataceae	Gemmatimonadaceae	Geobacteraceae	Geodermatophilaceae	Gimesiaceae	Gracilibacteraceae	Hahellaceae	Haliangiaceae	Halieaceae	Halomonadaceae	Halothiobacillaceae	Helicobacteraceae	Heliobacteriaceae	Herpetosiphonaceae	Holophagaceae	Holosporaceae	Hydrogenedensaceae	Hydrogenophilaceae	Hymenobacteraceae	Hyphomicrobiaceae	Hyphomonadaceae	Iamiaceae	Idiomarinaceae	Ignavibacteriaceae	Ika33	Ilumatobacteraceae	Immundisolibacteraceae	Inquilinaceae	Intrasporangiaceae	Iodidimonadaceae	Isosphaeraceae	Izimaplasmataceae	JG30-KF-CM45	JTB215	Jonesiaceae	KCLunmb-38-53	KD1-131	KD3-10	KD3-93	KF-JG30-B3	Kaistiaceae	Kangiellaceae	Kiloniellaceae	Kineosporiaceae	Kiritimatiellaceae	Kordiimonadaceae	LD-RB-34	LH041	Labraceae	Lachnospiraceae	Lactobacillaceae	Latescibacteraceae	Leeiaceae	Legionellaceae	Lenti-02	Lentimicrobiaceae	Lentisphaeraceae	Leptolyngbyaceae	Leptospiraceae	Leptotrichiaceae	Leuconostocaceae	LiUU-11-161	Limnochordaceae	Listeriaceae	Litoricolaceae	Longimicrobiaceae	M2PB4-65 termite group	MA-28-I98C	MAT-CR-H6-H10	ML635J-40 aquatic group	MSB-3C8	MSB-4B10	MSBL8	MWH-CFBk5	Magnetococcaceae	Magnetospiraceae	Magnetospirillaceae	Malpighiales	Marinifilaceae	Marinilabiliaceae	Marinobacteraceae	Marinomonadaceae	Melioribacteraceae	Methylacidiphilaceae	Methylococcaceae	Methyloligellaceae	Methylomirabilaceae	Methylomonaceae	Methylophagaceae	Methylophilaceae	Methylopilaceae	Micavibrionaceae	Microbacteriaceae	Microbulbiferaceae	Micrococcaceae	Microcystaceae	Micromonosporaceae	Micropepsaceae	Microscillaceae	Microtrichaceae	MidBa8	Midichloriaceae	Mitochondria	Moduliflexaceae	Moraxellaceae	Moritellaceae	Muribaculaceae	Mycobacteriaceae	Mycoplasmataceae	Myxococcaceae	NS11-12 marine group	NS7 marine group	NS9 marine group	Nakamurellaceae	Nannocystaceae	Natranaerobiaceae	Neisseriaceae	Nitrincolaceae	Nitrococcales Incertae Sedis	Nitrosococcaceae	Nitrosomonadaceae	Nitrospiraceae	Nocardiaceae	Nocardioidaceae	Nocardiopsaceae	Nodosilineaceae	Nostocaceae	Nostocales Incertae Sedis	OCS116 clade	Oleiphilaceae	Oligoflexaceae	Oligosphaeraceae	Omnitrophaceae	Opitutaceae	Orbaceae	P13-46	P3OB-42	P5D1-392	P6-b51	PBS-18	PHOS-HE36	PRD18C08	PS-B29	PS1 clade	Paenibacillaceae	Paludibacteraceae	Paracaedibacteraceae	Parachlamydiaceae	Paraspirulinaceae	Parvibaculaceae	Parvularculaceae	Pasteurellaceae	Pedosphaeraceae	Peptococcaceae	Peptostreptococcaceae	Phaselicystidaceae	Phormidesmiaceae	Phormidiaceae	Phycisphaeraceae	Pirellulaceae	Piscirickettsiaceae	Planococcaceae	Pleomorphomonadaceae	Polyangiaceae	Porphyromonadaceae	Porticoccaceae	Prevotellaceae	Procabacteriaceae	Prolixibacteraceae	Propionibacteriaceae	Pseudanabaenaceae	Pseudoalteromonadaceae	Pseudohongiellaceae	Pseudomonadaceae	Pseudonocardiaceae	Puniceicoccaceae	Puniceispirillales Incertae Sedis	Pyrinomonadaceae	Reyranellaceae	Rhizobiaceae	Rhizobiales Incertae Sedis	Rhodanobacteraceae	Rhodobacteraceae	Rhodobiaceae	Rhodocyclaceae	Rhodomicrobiaceae	Rhodopirillaceae	Rhodospirillaceae	Rhodothermaceae	Rickettsiaceae	Rikenellaceae	Roseiflexaceae	Rs-M59 termite group	Rubinisphaeraceae	Rubritaleaceae	Rubrobacteriaceae	Ruminococcaceae	S15A-MN91	S25-593	SAR116 clade	SB-5	SBYC	SBYS-2995	SBYX-4944	SBZC-4624	SC-I-84	SG8-4	SHA-4	SM23-30	SM2D12	SR-FBR-L83	SRB2	SS1-B-06-26	ST-12K33	ST-NAGAB-D1	Saccharimonadaceae	Saccharospirillaceae	Sandaracinaceae	Sanguibacteraceae	Saprospiraceae	Schleiferiaceae	Schlesneriaceae	Sedimenticolaceae	Shewanellaceae	Simkaniaceae	Sneathiellaceae	Solibacteraceae (Subgroup 3)	Solimonadaceae	Solirubrobacteraceae	Sphingobacteriaceae	Sphingobacteriales	Sphingomonadaceae	Spirochaetaceae	Spirosomaceae	Spongiibacteraceae	Sporichthyaceae	Sporolactobacillaceae	Staphylococcaceae	Stappiaceae	Steroidobacteraceae	Streptococcaceae	Streptomycetaceae	Streptosporangiaceae	Succinivibrionaceae	Sulfuricellaceae	Sulfurospirillaceae	Sulfurovaceae	Sva1033	Synechococcales Incertae Sedis	Synergistaceae	Syntrophaceae	Syntrophobacteraceae	Syntrophomonadaceae	Syntrophorhabdaceae	T34	TC1	TG3	TRA3-20	TSAC18	Tannerellaceae	Tenderiaceae	Tepidisphaeraceae	Terasakiellaceae	Terrimicrobiaceae	Thalassobaculaceae	Thalassospiraceae	Thermaceae	Thermoactinomycetaceae	Thermoanaerobaculaceae	Thermomonosporaceae	Thermosynechococcaceae	Thioalkalispiraceae	Thioglobaceae	Thiohalorhabdaceae	Thiomicrospiraceae	Thiotrichaceae	Thiovulaceae	Tistrellaceae	Trueperaceae	UASB-TL25	UBA12409	UBA12411	Unknown Family	VHS-B3-70	VHS-B4-70	Veillonellaceae	Vermiphilaceae	Verrucomicrobiaceae	Vibrionaceae	Victivallaceae	Victivallales	Vulgatibacteraceae	WCHB1-02	WD2101 soil group	Weeksellaceae	Woeseiaceae	Wohlfahrtiimonadaceae	Xanthobacteraceae	Xanthomonadaceae	Xenococcaceae	Xiphinematobacteraceae	Z4MB62	bac2nit3	bacteriap25	cvE6	env.OPS 17	mle1-27	p-251-o5	possible family 01	uncultured	vadinBE97
April	9.1	13.0	0.0	0.0	10.0	1.0	1.0	0.0	0.0	0.0	2.0	0.0	0.0	0.0	0.0	7.0	0.0	4.0	0.0	10.0	1.0	0.0	0.0	0.0	0.0	0.0	1.0	1.0	288.0	1.0	0.0	0.0	40.0	0.0	0.0	0.0	0.0	0.0	8.0	1.0	631.0	0.0	1.0	4.0	0.0	0.0	3.0	3.0	0.0	0.0	1.0	7.0	0.0	13.0	9.0	7.0	0.0	0.0	0.0	1.0	4.0	0.0	0.0	4.0	0.0	11.0	0.0	0.0	0.0	0.0	3.0	0.0	0.0	0.0	0.0	0.0	5005.0	0.0	0.0	0.0	0.0	0.0	0.0	0.0	1.0	0.0	0.0	0.0	0.0	85.0	2.0	0.0	3.0	5.0	1.0	0.0	78.0	0.0	0.0	6.0	0.0	2.0	0.0	0.0	0.0	0.0	0.0	0.0	9.0	0.0	0.0	0.0	0.0	0.0	0.0	0.0	0.0	0.0	0.0	0.0	3.0	21.0	0.0	1.0	0.0	0.0	2.0	1.0	0.0	0.0	0.0	0.0	1.0	0.0	0.0	0.0	0.0	4.0	2.0	1.0	0.0	0.0	1.0	1.0	10.0	0.0	0.0	33.0	0.0	0.0	0.0	0.0	0.0	0.0	1.0	0.0	1.0	0.0	84.0	0.0	0.0	1.0	0.0	2.0	0.0	1.0	0.0	0.0	1.0	8.0	3.0	0.0	0.0	0.0	10.0	0.0	1.0	0.0	244.0	0.0	0.0	0.0	0.0	0.0	0.0	0.0	1.0	36.0	0.0	0.0	7.0	3.0	9.0	0.0	0.0	0.0	0.0	57.0	2.0	7.0	0.0	0.0	0.0	0.0	1.0	3.0	4.0	10.0	0.0	8.0	2.0	1.0	0.0	0.0	0.0	4.0	0.0	0.0	5.0	0.0	1.0	0.0	0.0	0.0	0.0	0.0	0.0	0.0	0.0	0.0	0.0	0.0	0.0	0.0	0.0	0.0	0.0	0.0	0.0	112.0	3.0	2.0	0.0	14.0	1.0	1.0	1.0	0.0	6.0	5.0	0.0	2.0	0.0	2.0	0.0	0.0	1.0	0.0	0.0	0.0	0.0	0.0	0.0	0.0	1.0	0.0	0.0	0.0	0.0	0.0	0.0	0.0	0.0	0.0	0.0	1.0	4.0	0.0	0.0	127.0	0.0	2.0	40.0	0.0	1.0	0.0	0.0	0.0	5.0	1.0	0.0	0.0	2.0	0.0	54.0	0.0	0.0	0.0	0.0	0.0	197.0	0.0	2.0	0.0	4.0	0.0	9.0	0.0	0.0	0.0	46.0	39.0	0.0	0.0	0.0	0.0	0.0	0.0	0.0	1.0	5.0	0.0	8.0	19.0	0.0	0.0	3.0	0.0	0.0	2.0	0.0	1.0	0.0	0.0	3.0	4.0	16.0	0.0	0.0	0.0	0.0	1.0	1.0	3.0	19.0	1.0	0.0	4.0	1.0	2.0	0.0	2.0	0.0	5.0	0.0	1.0	2.0	0.0	7.0	0.0	0.0	0.0	3.0	69.0	0.0	2.0	0.0	0.0	1.0	15.0	10.0	32.0	47.0	0.0	541.0	0.0	0.0	0.0	0.0	5.0	12.0	1.0	0.0	1.0	0.0	0.0	62.0	0.0	1.0	0.0	1.0	0.0	0.0	0.0	0.0	25.0	0.0	0.0	0.0	7.0	0.0	0.0	0.0	0.0	0.0	0.0	0.0	4.0	0.0	123.0	0.0	0.0	0.0	0.0	0.0	0.0	3.0	2.0	0.0	12.0	0.0	76.0	1.0	1696.0	5.0	20.0	0.0	5.0	0.0	7.0	3.0	0.0	0.0	1.0	13.0	23.0	0.0	0.0	0.0	0.0	19.0	4.0	0.0	2.0	4.0	0.0	0.0	15.0	0.0	0.0	0.0	0.0	0.0	0.0	0.0	0.0	0.0	0.0	1.0	0.0	0.0	0.0	0.0	0.0	0.0	5.0	72.0	0.0	0.0	1.0	1.0	0.0	15.0	0.0	0.0	11.0	1.0	2.0	1.0	0.0	0.0	0.0	1.0	0.0	0.0	3.0	1.0	2.0	78.0	0.0	0.0	0.0	0.0	2.0	0.0	2.0	2.0	1.0	0.0	25.0	0.0
April	9.2	3.0	0.0	0.0	1.0	0.0	1.0	0.0	0.0	0.0	0.0	0.0	0.0	0.0	0.0	0.0	0.0	0.0	0.0	3.0	0.0	0.0	0.0	0.0	0.0	0.0	0.0	1.0	132.0	0.0	0.0	0.0	10.0	0.0	0.0	0.0	0.0	0.0	5.0	0.0	435.0	0.0	0.0	2.0	0.0	1.0	0.0	0.0	0.0	0.0	0.0	1.0	0.0	10.0	5.0	1.0	0.0	0.0	0.0	0.0	0.0	0.0	0.0	2.0	0.0	2.0	0.0	0.0	0.0	0.0	0.0	0.0	0.0	0.0	0.0	0.0	8190.0	0.0	0.0	0.0	0.0	0.0	0.0	0.0	0.0	0.0	0.0	0.0	0.0	14.0	3.0	0.0	2.0	3.0	0.0	0.0	30.0	0.0	0.0	5.0	1.0	7.0	0.0	0.0	0.0	0.0	0.0	0.0	7.0	0.0	0.0	0.0	0.0	0.0	0.0	2.0	0.0	0.0	0.0	0.0	1.0	7.0	0.0	1.0	0.0	0.0	0.0	1.0	0.0	0.0	0.0	0.0	1.0	0.0	0.0	0.0	0.0	1.0	1.0	0.0	0.0	0.0	0.0	0.0	4.0	0.0	0.0	7.0	0.0	0.0	0.0	0.0	0.0	0.0	0.0	0.0	0.0	0.0	47.0	2.0	0.0	0.0	0.0	0.0	0.0	0.0	0.0	0.0	0.0	3.0	1.0	0.0	0.0	0.0	1.0	0.0	0.0	0.0	109.0	0.0	0.0	0.0	0.0	1.0	0.0	0.0	0.0	6.0	0.0	1.0	1.0	0.0	2.0	0.0	0.0	1.0	0.0	10.0	2.0	4.0	0.0	0.0	0.0	0.0	0.0	1.0	0.0	3.0	0.0	1.0	0.0	0.0	0.0	0.0	0.0	1.0	0.0	0.0	0.0	0.0	0.0	0.0	0.0	0.0	0.0	0.0	0.0	0.0	0.0	0.0	0.0	0.0	0.0	0.0	0.0	0.0	0.0	0.0	0.0	17.0	12.0	0.0	0.0	2.0	0.0	0.0	0.0	0.0	3.0	2.0	0.0	0.0	0.0	7.0	0.0	0.0	0.0	0.0	0.0	0.0	0.0	0.0	0.0	0.0	0.0	0.0	0.0	0.0	0.0	0.0	0.0	0.0	0.0	0.0	0.0	1.0	0.0	0.0	0.0	94.0	0.0	0.0	3.0	0.0	0.0	0.0	0.0	0.0	0.0	0.0	0.0	0.0	0.0	0.0	7.0	0.0	0.0	0.0	0.0	0.0	398.0	0.0	0.0	0.0	0.0	0.0	2.0	1.0	0.0	0.0	6.0	1.0	0.0	0.0	0.0	0.0	0.0	0.0	0.0	0.0	3.0	0.0	0.0	5.0	0.0	0.0	1.0	0.0	0.0	0.0	0.0	1.0	0.0	0.0	1.0	0.0	4.0	0.0	0.0	0.0	0.0	1.0	0.0	0.0	1.0	0.0	0.0	0.0	0.0	0.0	0.0	0.0	0.0	0.0	0.0	0.0	0.0	0.0	2.0	0.0	0.0	0.0	4.0	40.0	0.0	1.0	0.0	0.0	1.0	2.0	4.0	11.0	38.0	0.0	113.0	0.0	0.0	1.0	0.0	2.0	8.0	0.0	0.0	0.0	1.0	0.0	16.0	0.0	0.0	0.0	1.0	0.0	0.0	0.0	0.0	5.0	0.0	0.0	0.0	2.0	0.0	0.0	0.0	0.0	0.0	0.0	0.0	1.0	0.0	14.0	0.0	0.0	0.0	1.0	0.0	0.0	0.0	0.0	0.0	6.0	0.0	35.0	0.0	867.0	4.0	6.0	0.0	8.0	0.0	1.0	0.0	0.0	0.0	0.0	3.0	10.0	0.0	0.0	0.0	0.0	4.0	1.0	0.0	1.0	1.0	0.0	0.0	1.0	0.0	0.0	0.0	0.0	0.0	0.0	0.0	0.0	0.0	0.0	1.0	0.0	0.0	0.0	0.0	0.0	0.0	0.0	32.0	0.0	0.0	0.0	0.0	0.0	3.0	0.0	0.0	3.0	1.0	0.0	0.0	0.0	0.0	0.0	0.0	0.0	0.0	0.0	0.0	5.0	30.0	0.0	0.0	0.0	0.0	0.0	0.0	2.0	0.0	0.0	0.0	4.0	0.0
April	8	232.0	4.0	0.0	52.0	0.0	126.0	58.0	11.0	1.0	32.0	0.0	8.0	0.0	0.0	273.0	0.0	79.0	0.0	106.0	8.0	0.0	1.0	0.0	0.0	0.0	12.0	4.0	1324.0	1.0	1.0	1.0	70.0	0.0	0.0	0.0	8.0	2.0	120.0	10.0	26391.0	0.0	5.0	22.0	0.0	11.0	168.0	20.0	1.0	0.0	10.0	18.0	3.0	139.0	81.0	32.0	0.0	0.0	0.0	6.0	6.0	0.0	4.0	73.0	0.0	434.0	0.0	0.0	0.0	11.0	46.0	1.0	0.0	0.0	0.0	0.0	61980.0	1.0	0.0	1.0	0.0	0.0	8.0	1.0	105.0	0.0	0.0	3.0	0.0	1931.0	339.0	0.0	19.0	38.0	1.0	0.0	2856.0	0.0	0.0	244.0	0.0	10.0	7.0	2.0	0.0	0.0	0.0	3.0	492.0	0.0	0.0	0.0	0.0	7.0	1.0	0.0	28.0	4.0	2.0	0.0	42.0	371.0	8.0	65.0	6.0	6.0	56.0	16.0	1.0	0.0	1.0	2.0	57.0	4.0	0.0	0.0	3.0	28.0	49.0	20.0	0.0	1.0	8.0	14.0	386.0	0.0	0.0	669.0	44.0	1.0	0.0	1.0	2.0	5.0	0.0	0.0	0.0	0.0	911.0	32.0	0.0	5.0	13.0	47.0	0.0	4.0	0.0	0.0	25.0	104.0	34.0	0.0	0.0	0.0	65.0	0.0	7.0	1.0	1773.0	0.0	0.0	0.0	0.0	3.0	2.0	0.0	11.0	118.0	14.0	158.0	200.0	251.0	103.0	1.0	0.0	32.0	1.0	7176.0	34.0	111.0	0.0	6.0	2.0	1.0	10.0	61.0	110.0	57.0	2.0	786.0	77.0	41.0	0.0	1.0	0.0	216.0	1.0	0.0	734.0	0.0	27.0	0.0	6.0	0.0	0.0	0.0	0.0	12.0	1.0	1.0	14.0	0.0	0.0	5.0	0.0	0.0	1.0	0.0	19.0	1182.0	32.0	8.0	0.0	292.0	5.0	46.0	6.0	0.0	170.0	16.0	1.0	39.0	0.0	16.0	0.0	1.0	0.0	0.0	0.0	0.0	0.0	0.0	0.0	0.0	2.0	0.0	4.0	0.0	5.0	2.0	0.0	0.0	0.0	0.0	2.0	65.0	23.0	7.0	0.0	1024.0	0.0	10.0	433.0	0.0	2.0	0.0	2.0	39.0	170.0	423.0	0.0	5.0	25.0	1.0	364.0	0.0	6.0	4.0	0.0	0.0	13676.0	0.0	99.0	1.0	331.0	0.0	92.0	1.0	0.0	0.0	829.0	3207.0	7.0	67.0	0.0	0.0	9.0	0.0	0.0	0.0	42.0	0.0	28.0	171.0	0.0	0.0	88.0	0.0	0.0	3.0	2.0	0.0	0.0	0.0	22.0	21.0	241.0	0.0	0.0	1.0	0.0	6.0	21.0	14.0	854.0	147.0	0.0	35.0	30.0	35.0	19.0	33.0	31.0	347.0	1.0	3.0	56.0	0.0	66.0	289.0	2.0	0.0	7.0	434.0	0.0	31.0	0.0	0.0	298.0	545.0	677.0	2151.0	4823.0	0.0	25889.0	2.0	9.0	23.0	6.0	52.0	107.0	70.0	0.0	37.0	37.0	0.0	1103.0	1.0	0.0	0.0	22.0	0.0	0.0	0.0	0.0	480.0	1.0	0.0	1.0	71.0	0.0	0.0	0.0	2.0	0.0	5.0	0.0	103.0	2.0	4928.0	0.0	0.0	1.0	2.0	0.0	6.0	80.0	7.0	10.0	153.0	0.0	3279.0	21.0	14232.0	105.0	326.0	0.0	13.0	1.0	87.0	105.0	2.0	3.0	13.0	40.0	880.0	12.0	0.0	0.0	1.0	148.0	35.0	2.0	15.0	22.0	6.0	0.0	60.0	0.0	10.0	0.0	5.0	0.0	2.0	0.0	0.0	0.0	1.0	30.0	0.0	0.0	0.0	0.0	0.0	1.0	192.0	2238.0	1.0	1.0	4.0	1.0	0.0	294.0	0.0	1.0	129.0	24.0	37.0	0.0	3.0	0.0	0.0	0.0	7.0	6.0	10.0	1.0	554.0	1566.0	1.0	1.0	0.0	2.0	28.0	0.0	82.0	147.0	3.0	0.0	962.0	0.0
April	7	1975.0	30.0	0.0	13.0	35.0	8.0	117.0	8.0	0.0	110.0	0.0	1.0	51.0	3.0	86.0	0.0	465.0	84.0	22.0	327.0	3.0	9.0	0.0	0.0	0.0	3.0	0.0	1473.0	1.0	22.0	0.0	231.0	1.0	5.0	5.0	3.0	3.0	1478.0	63.0	4139.0	10.0	108.0	40.0	0.0	107.0	89.0	28.0	1.0	0.0	441.0	34.0	4.0	25.0	3065.0	16.0	0.0	1.0	0.0	18.0	2.0	0.0	4.0	316.0	44.0	4953.0	0.0	0.0	0.0	4.0	453.0	0.0	0.0	0.0	0.0	0.0	48085.0	9.0	0.0	2.0	0.0	1.0	33.0	6.0	7.0	7.0	1.0	0.0	0.0	169.0	3572.0	0.0	125.0	1305.0	54.0	0.0	394.0	0.0	0.0	74.0	38.0	488.0	0.0	2.0	0.0	33.0	0.0	0.0	206.0	0.0	0.0	0.0	0.0	0.0	0.0	0.0	267.0	0.0	0.0	0.0	334.0	623.0	21.0	5.0	0.0	0.0	140.0	24.0	31.0	0.0	3.0	1.0	1.0	1.0	0.0	0.0	0.0	304.0	110.0	62.0	2.0	0.0	37.0	209.0	1836.0	0.0	1.0	4283.0	220.0	16.0	0.0	19.0	0.0	0.0	44.0	0.0	1.0	3.0	1685.0	15.0	0.0	29.0	1.0	3.0	0.0	2.0	1.0	0.0	1.0	13.0	25.0	4.0	0.0	1.0	252.0	0.0	1.0	0.0	2449.0	3.0	1.0	0.0	0.0	61.0	29.0	0.0	1.0	536.0	2.0	62.0	88.0	1590.0	875.0	0.0	3.0	1.0	24.0	420.0	57.0	1268.0	3.0	4.0	0.0	0.0	27.0	109.0	33.0	1586.0	1.0	1447.0	241.0	4.0	0.0	0.0	0.0	24.0	5.0	0.0	14.0	0.0	6.0	0.0	4.0	0.0	0.0	35.0	1.0	24.0	5.0	4.0	63.0	11.0	6.0	0.0	6.0	0.0	0.0	0.0	31.0	334.0	17.0	1.0	29.0	1853.0	62.0	11.0	97.0	2.0	3.0	21.0	1.0	3.0	0.0	10.0	1.0	4.0	0.0	35.0	0.0	0.0	0.0	0.0	0.0	0.0	6.0	20.0	210.0	0.0	9.0	5.0	1.0	2.0	0.0	0.0	29.0	731.0	34.0	16.0	1.0	3424.0	2.0	109.0	264.0	1.0	0.0	0.0	0.0	406.0	39.0	3.0	30.0	39.0	590.0	3.0	4518.0	0.0	0.0	0.0	0.0	1.0	16253.0	0.0	31.0	1.0	50.0	0.0	705.0	4.0	2.0	24.0	555.0	1407.0	8.0	0.0	0.0	0.0	0.0	0.0	0.0	4.0	1463.0	9.0	69.0	1886.0	0.0	5.0	220.0	0.0	0.0	0.0	0.0	61.0	4.0	1.0	5.0	30.0	853.0	0.0	0.0	6.0	3.0	12.0	15.0	1.0	49.0	69.0	0.0	15.0	198.0	339.0	246.0	6.0	54.0	95.0	0.0	295.0	19.0	0.0	91.0	1.0	1.0	0.0	2382.0	14366.0	0.0	266.0	1.0	0.0	433.0	3188.0	2564.0	258.0	15775.0	0.0	10683.0	23.0	20.0	153.0	9.0	380.0	40.0	2.0	0.0	109.0	28.0	0.0	1096.0	0.0	0.0	0.0	22.0	0.0	0.0	1.0	2.0	374.0	7.0	0.0	1.0	645.0	0.0	0.0	8.0	0.0	0.0	0.0	13.0	1080.0	0.0	241.0	0.0	12.0	16.0	3.0	0.0	24.0	10.0	257.0	0.0	78.0	0.0	32111.0	19.0	14942.0	2082.0	215.0	0.0	6.0	1.0	179.0	9.0	0.0	0.0	11.0	175.0	393.0	1.0	1.0	0.0	0.0	1097.0	225.0	0.0	166.0	20.0	0.0	0.0	92.0	0.0	11.0	3.0	19.0	19.0	1.0	0.0	0.0	0.0	0.0	32.0	0.0	0.0	14.0	1.0	1.0	2.0	233.0	2058.0	0.0	0.0	27.0	8.0	9.0	2298.0	10.0	29.0	53.0	38.0	16.0	0.0	81.0	1.0	12.0	0.0	135.0	0.0	36.0	91.0	1942.0	998.0	0.0	1.0	2.0	60.0	161.0	0.0	46.0	66.0	0.0	0.0	1264.0	15.0
April	6	1.0	0.0	0.0	0.0	0.0	0.0	0.0	0.0	0.0	0.0	0.0	0.0	0.0	0.0	1.0	0.0	0.0	0.0	0.0	0.0	0.0	0.0	0.0	0.0	0.0	0.0	0.0	4.0	0.0	0.0	0.0	0.0	0.0	0.0	0.0	0.0	0.0	0.0	0.0	37.0	0.0	0.0	0.0	0.0	0.0	0.0	0.0	0.0	0.0	0.0	0.0	0.0	20.0	2.0	0.0	0.0	0.0	0.0	0.0	0.0	0.0	0.0	0.0	0.0	0.0	0.0	0.0	0.0	0.0	0.0	0.0	0.0	0.0	0.0	0.0	277.0	0.0	0.0	0.0	0.0	0.0	0.0	0.0	0.0	0.0	0.0	0.0	0.0	2.0	1.0	0.0	0.0	1.0	0.0	0.0	0.0	0.0	0.0	1.0	0.0	0.0	0.0	0.0	0.0	0.0	0.0	0.0	1.0	0.0	0.0	0.0	0.0	0.0	0.0	0.0	0.0	0.0	0.0	0.0	0.0	2.0	0.0	0.0	0.0	0.0	1.0	0.0	0.0	0.0	0.0	0.0	0.0	0.0	0.0	0.0	0.0	1.0	0.0	0.0	0.0	0.0	0.0	0.0	3.0	0.0	0.0	2.0	0.0	0.0	0.0	0.0	0.0	0.0	0.0	0.0	0.0	0.0	84.0	4.0	0.0	0.0	0.0	0.0	0.0	0.0	0.0	0.0	0.0	0.0	0.0	0.0	0.0	0.0	0.0	0.0	0.0	0.0	13.0	0.0	0.0	0.0	0.0	0.0	0.0	0.0	0.0	1.0	0.0	0.0	0.0	0.0	0.0	0.0	0.0	0.0	0.0	2.0	1.0	0.0	0.0	0.0	0.0	0.0	0.0	0.0	0.0	0.0	0.0	1.0	1.0	0.0	0.0	0.0	0.0	0.0	0.0	0.0	0.0	0.0	0.0	0.0	0.0	0.0	0.0	0.0	0.0	0.0	0.0	0.0	0.0	0.0	0.0	0.0	0.0	0.0	0.0	0.0	0.0	1.0	4.0	0.0	0.0	1.0	0.0	0.0	0.0	0.0	0.0	0.0	0.0	0.0	0.0	7.0	0.0	0.0	0.0	0.0	0.0	0.0	0.0	0.0	0.0	0.0	0.0	0.0	0.0	0.0	0.0	0.0	0.0	0.0	0.0	0.0	0.0	1.0	0.0	0.0	0.0	6.0	0.0	0.0	2.0	0.0	0.0	0.0	0.0	0.0	0.0	0.0	0.0	0.0	2.0	0.0	3.0	0.0	0.0	0.0	0.0	0.0	66.0	0.0	0.0	0.0	0.0	0.0	0.0	0.0	0.0	0.0	2.0	3.0	0.0	0.0	0.0	0.0	0.0	0.0	0.0	0.0	0.0	0.0	1.0	0.0	0.0	0.0	0.0	0.0	0.0	0.0	0.0	0.0	0.0	0.0	0.0	0.0	1.0	0.0	0.0	0.0	0.0	0.0	0.0	0.0	0.0	0.0	0.0	1.0	0.0	1.0	1.0	0.0	0.0	0.0	0.0	0.0	0.0	0.0	0.0	0.0	0.0	0.0	0.0	5.0	0.0	0.0	0.0	0.0	2.0	2.0	2.0	3.0	29.0	0.0	14.0	0.0	0.0	1.0	0.0	0.0	1.0	0.0	0.0	0.0	0.0	0.0	2.0	0.0	0.0	0.0	0.0	0.0	0.0	0.0	0.0	0.0	0.0	0.0	0.0	0.0	0.0	0.0	0.0	0.0	0.0	0.0	0.0	1.0	0.0	4.0	0.0	0.0	0.0	0.0	0.0	0.0	0.0	1.0	0.0	1.0	0.0	13.0	0.0	77.0	0.0	2.0	0.0	6.0	0.0	1.0	0.0	0.0	0.0	0.0	1.0	1.0	0.0	0.0	0.0	0.0	0.0	1.0	0.0	0.0	0.0	0.0	0.0	1.0	0.0	0.0	0.0	0.0	0.0	0.0	0.0	0.0	0.0	0.0	0.0	0.0	0.0	0.0	0.0	0.0	0.0	0.0	12.0	0.0	0.0	0.0	0.0	0.0	1.0	0.0	0.0	0.0	0.0	0.0	0.0	0.0	0.0	0.0	0.0	0.0	0.0	0.0	0.0	0.0	2.0	0.0	0.0	0.0	0.0	0.0	0.0	0.0	0.0	0.0	0.0	3.0	0.0
April	5	78.0	4.0	0.0	37.0	1.0	2.0	14.0	11.0	0.0	14.0	0.0	0.0	2.0	1.0	130.0	0.0	24.0	2.0	25.0	23.0	0.0	1.0	0.0	0.0	0.0	1.0	1.0	96.0	0.0	0.0	0.0	19.0	0.0	0.0	0.0	2.0	5.0	40.0	4.0	10412.0	0.0	3.0	46.0	0.0	6.0	3.0	44.0	6.0	0.0	21.0	65.0	1.0	8.0	191.0	38.0	0.0	0.0	1.0	22.0	10.0	0.0	2.0	27.0	0.0	75.0	0.0	0.0	0.0	16.0	38.0	0.0	0.0	0.0	0.0	0.0	53677.0	0.0	0.0	3.0	0.0	0.0	1.0	0.0	6.0	0.0	6.0	13.0	0.0	148.0	180.0	0.0	13.0	44.0	3.0	2.0	827.0	0.0	0.0	40.0	1.0	32.0	4.0	0.0	0.0	1.0	0.0	0.0	101.0	0.0	0.0	0.0	0.0	0.0	0.0	0.0	4.0	0.0	0.0	0.0	9.0	766.0	4.0	3.0	0.0	6.0	104.0	43.0	0.0	0.0	0.0	0.0	0.0	0.0	0.0	0.0	0.0	30.0	24.0	22.0	0.0	0.0	1.0	21.0	69.0	0.0	0.0	174.0	10.0	14.0	0.0	0.0	0.0	0.0	0.0	0.0	2.0	0.0	139.0	5.0	0.0	2.0	4.0	12.0	0.0	3.0	0.0	0.0	1.0	35.0	11.0	0.0	0.0	0.0	134.0	0.0	1.0	0.0	3731.0	0.0	0.0	0.0	4.0	4.0	1.0	0.0	3.0	303.0	0.0	2.0	25.0	107.0	56.0	0.0	0.0	9.0	1.0	250.0	6.0	9.0	0.0	4.0	3.0	0.0	7.0	10.0	31.0	139.0	0.0	62.0	21.0	0.0	0.0	5.0	0.0	22.0	0.0	1.0	2.0	0.0	1.0	0.0	0.0	0.0	0.0	4.0	0.0	8.0	9.0	0.0	2.0	0.0	0.0	0.0	7.0	0.0	2.0	0.0	4.0	322.0	3.0	3.0	1.0	38.0	10.0	25.0	13.0	0.0	11.0	33.0	0.0	21.0	0.0	2.0	0.0	0.0	0.0	2.0	0.0	0.0	0.0	0.0	1.0	1.0	1.0	4.0	5.0	0.0	6.0	11.0	0.0	0.0	0.0	0.0	0.0	12.0	6.0	1.0	0.0	640.0	0.0	8.0	334.0	0.0	0.0	0.0	0.0	20.0	114.0	2.0	3.0	12.0	45.0	0.0	60.0	0.0	1.0	0.0	0.0	0.0	28371.0	0.0	53.0	0.0	7.0	0.0	97.0	1.0	0.0	1.0	357.0	93.0	0.0	1.0	0.0	0.0	2.0	4.0	0.0	0.0	65.0	0.0	105.0	535.0	2.0	0.0	20.0	0.0	0.0	6.0	4.0	1.0	0.0	1.0	13.0	17.0	409.0	0.0	0.0	1.0	0.0	1.0	5.0	2.0	65.0	7.0	0.0	35.0	10.0	7.0	5.0	1.0	3.0	14.0	0.0	1.0	7.0	0.0	73.0	0.0	0.0	0.0	3.0	94.0	0.0	148.0	0.0	0.0	31.0	126.0	113.0	211.0	627.0	0.0	1638.0	0.0	0.0	6.0	4.0	38.0	46.0	2.0	0.0	20.0	1.0	0.0	240.0	3.0	1.0	0.0	48.0	0.0	0.0	0.0	0.0	296.0	1.0	0.0	0.0	94.0	0.0	0.0	0.0	1.0	0.0	2.0	0.0	54.0	0.0	350.0	0.0	0.0	2.0	1.0	0.0	2.0	13.0	10.0	2.0	127.0	0.0	1862.0	24.0	16384.0	20.0	366.0	0.0	5.0	0.0	54.0	2.0	0.0	1.0	1.0	87.0	355.0	8.0	0.0	0.0	1.0	120.0	10.0	0.0	15.0	2.0	1.0	0.0	122.0	0.0	14.0	0.0	0.0	0.0	0.0	2.0	0.0	0.0	0.0	6.0	0.0	0.0	0.0	0.0	0.0	0.0	4.0	2811.0	0.0	0.0	2.0	7.0	0.0	150.0	0.0	0.0	54.0	8.0	0.0	0.0	1.0	0.0	2.0	0.0	3.0	10.0	24.0	10.0	78.0	1029.0	0.0	0.0	2.0	2.0	12.0	0.0	61.0	7.0	0.0	0.0	253.0	0.0
April	4	119.0	1.0	0.0	18.0	4.0	10.0	8.0	6.0	0.0	29.0	0.0	0.0	1.0	0.0	103.0	0.0	27.0	0.0	15.0	3.0	0.0	0.0	0.0	0.0	0.0	0.0	3.0	454.0	0.0	0.0	0.0	138.0	0.0	0.0	1.0	1.0	0.0	77.0	1.0	6387.0	0.0	7.0	33.0	0.0	7.0	3.0	13.0	0.0	1.0	25.0	10.0	0.0	38.0	145.0	41.0	0.0	0.0	0.0	12.0	7.0	1.0	3.0	11.0	0.0	181.0	0.0	0.0	0.0	2.0	20.0	0.0	0.0	0.0	0.0	0.0	99509.0	0.0	0.0	2.0	1.0	0.0	4.0	0.0	8.0	0.0	1.0	11.0	1.0	238.0	359.0	0.0	51.0	140.0	0.0	0.0	772.0	0.0	0.0	58.0	2.0	50.0	0.0	0.0	0.0	0.0	0.0	1.0	122.0	0.0	0.0	0.0	0.0	10.0	0.0	0.0	18.0	1.0	0.0	1.0	29.0	716.0	7.0	13.0	1.0	1.0	125.0	39.0	1.0	0.0	2.0	1.0	1.0	2.0	0.0	0.0	0.0	25.0	26.0	15.0	0.0	0.0	2.0	20.0	198.0	0.0	0.0	455.0	9.0	12.0	0.0	0.0	0.0	1.0	2.0	0.0	0.0	0.0	666.0	6.0	0.0	7.0	3.0	7.0	1.0	1.0	0.0	0.0	6.0	33.0	22.0	0.0	0.0	1.0	139.0	0.0	0.0	0.0	5971.0	0.0	1.0	0.0	2.0	4.0	0.0	0.0	5.0	301.0	0.0	7.0	92.0	60.0	69.0	0.0	0.0	1.0	0.0	214.0	16.0	23.0	0.0	0.0	3.0	0.0	12.0	9.0	14.0	126.0	1.0	152.0	10.0	1.0	0.0	1.0	0.0	44.0	1.0	0.0	2.0	0.0	12.0	1.0	1.0	0.0	0.0	0.0	3.0	0.0	4.0	0.0	7.0	0.0	0.0	0.0	4.0	0.0	0.0	0.0	0.0	300.0	11.0	2.0	1.0	128.0	11.0	5.0	35.0	1.0	5.0	12.0	0.0	4.0	0.0	5.0	0.0	1.0	0.0	1.0	2.0	1.0	1.0	0.0	0.0	2.0	0.0	2.0	13.0	0.0	4.0	6.0	0.0	0.0	0.0	0.0	2.0	45.0	6.0	9.0	0.0	1392.0	0.0	6.0	704.0	0.0	1.0	0.0	0.0	30.0	62.0	5.0	1.0	1.0	39.0	5.0	255.0	0.0	1.0	0.0	1.0	0.0	21229.0	0.0	62.0	0.0	2.0	0.0	72.0	0.0	0.0	0.0	261.0	64.0	3.0	2.0	0.0	0.0	4.0	0.0	0.0	2.0	80.0	1.0	96.0	581.0	1.0	0.0	11.0	0.0	0.0	2.0	0.0	1.0	0.0	1.0	11.0	7.0	581.0	0.0	0.0	0.0	0.0	3.0	3.0	6.0	77.0	1.0	6.0	1623.0	22.0	36.0	15.0	10.0	9.0	12.0	0.0	4.0	14.0	0.0	38.0	1.0	0.0	0.0	43.0	427.0	0.0	178.0	0.0	0.0	26.0	389.0	284.0	243.0	3017.0	1.0	1566.0	2.0	0.0	9.0	0.0	46.0	45.0	4.0	0.0	32.0	3.0	0.0	419.0	1.0	0.0	1.0	19.0	0.0	1.0	0.0	0.0	240.0	0.0	0.0	2.0	104.0	0.0	0.0	0.0	0.0	0.0	0.0	0.0	31.0	0.0	252.0	0.0	3.0	0.0	2.0	0.0	1.0	6.0	12.0	2.0	105.0	1.0	3342.0	21.0	30014.0	144.0	497.0	0.0	5.0	0.0	63.0	14.0	1.0	0.0	3.0	61.0	606.0	9.0	0.0	0.0	1.0	131.0	14.0	0.0	16.0	12.0	2.0	0.0	52.0	2.0	9.0	0.0	0.0	1.0	1.0	0.0	0.0	0.0	0.0	12.0	0.0	0.0	0.0	0.0	0.0	4.0	15.0	3705.0	0.0	2.0	0.0	4.0	0.0	128.0	2.0	0.0	31.0	30.0	3.0	0.0	1.0	0.0	0.0	0.0	10.0	4.0	11.0	22.0	170.0	1020.0	3.0	0.0	0.0	3.0	18.0	0.0	39.0	5.0	0.0	0.0	302.0	0.0
April	P	2.0	0.0	0.0	0.0	1.0	0.0	0.0	0.0	0.0	0.0	0.0	0.0	0.0	0.0	0.0	0.0	0.0	0.0	0.0	0.0	0.0	0.0	0.0	0.0	0.0	0.0	0.0	6.0	0.0	0.0	0.0	3.0	0.0	0.0	0.0	0.0	0.0	0.0	0.0	40.0	0.0	0.0	0.0	0.0	0.0	1.0	1.0	0.0	0.0	0.0	0.0	0.0	45198.0	1.0	0.0	0.0	0.0	0.0	0.0	0.0	0.0	0.0	1.0	0.0	3.0	0.0	0.0	0.0	0.0	0.0	0.0	0.0	0.0	0.0	0.0	164.0	0.0	0.0	0.0	0.0	0.0	0.0	0.0	0.0	0.0	0.0	0.0	0.0	187.0	4.0	0.0	0.0	1.0	0.0	0.0	3.0	0.0	0.0	1.0	0.0	0.0	0.0	0.0	0.0	0.0	0.0	0.0	1.0	0.0	0.0	0.0	0.0	0.0	0.0	0.0	0.0	0.0	0.0	0.0	0.0	2.0	0.0	0.0	0.0	0.0	0.0	1.0	0.0	0.0	0.0	0.0	0.0	0.0	0.0	0.0	0.0	2.0	0.0	0.0	0.0	0.0	2.0	0.0	1.0	0.0	0.0	0.0	0.0	0.0	0.0	0.0	0.0	0.0	0.0	0.0	0.0	0.0	216415.0	17748.0	0.0	0.0	0.0	0.0	0.0	0.0	0.0	0.0	0.0	41.0	0.0	0.0	0.0	0.0	1.0	0.0	0.0	0.0	15.0	0.0	0.0	0.0	0.0	0.0	0.0	0.0	0.0	2.0	0.0	0.0	3.0	2.0	1.0	0.0	0.0	0.0	0.0	4.0	0.0	1.0	0.0	0.0	0.0	0.0	0.0	0.0	0.0	2.0	0.0	1.0	1.0	0.0	0.0	0.0	0.0	0.0	0.0	0.0	0.0	0.0	1.0	0.0	0.0	0.0	0.0	0.0	0.0	0.0	0.0	0.0	0.0	0.0	0.0	0.0	0.0	0.0	0.0	0.0	0.0	3.0	17093.0	0.0	0.0	0.0	0.0	0.0	0.0	0.0	0.0	0.0	0.0	0.0	0.0	27210.0	0.0	0.0	0.0	1.0	0.0	0.0	0.0	0.0	0.0	0.0	0.0	0.0	0.0	0.0	0.0	0.0	0.0	0.0	0.0	0.0	0.0	0.0	0.0	0.0	0.0	7.0	0.0	0.0	3.0	0.0	0.0	0.0	0.0	0.0	1.0	0.0	0.0	0.0	1.0	0.0	8.0	0.0	0.0	0.0	0.0	0.0	35.0	0.0	0.0	0.0	1.0	0.0	0.0	1.0	0.0	0.0	2.0	3.0	0.0	0.0	0.0	0.0	0.0	0.0	0.0	0.0	0.0	0.0	0.0	0.0	0.0	0.0	1.0	0.0	0.0	0.0	0.0	0.0	0.0	0.0	0.0	0.0	2.0	0.0	0.0	0.0	0.0	0.0	0.0	0.0	0.0	0.0	0.0	0.0	0.0	0.0	0.0	2.0	0.0	0.0	0.0	0.0	0.0	0.0	0.0	1.0	0.0	0.0	0.0	2495.0	0.0	0.0	0.0	0.0	1.0	3.0	1.0	1.0	25.0	0.0	16.0	0.0	0.0	0.0	0.0	0.0	0.0	0.0	0.0	0.0	0.0	0.0	2.0	0.0	0.0	0.0	0.0	0.0	0.0	0.0	0.0	3.0	0.0	0.0	0.0	2.0	0.0	0.0	0.0	0.0	0.0	0.0	1.0	0.0	0.0	3.0	0.0	0.0	0.0	0.0	0.0	0.0	0.0	0.0	0.0	0.0	0.0	18.0	0.0	31.0	0.0	4.0	0.0	34589.0	0.0	0.0	0.0	0.0	0.0	0.0	0.0	1.0	0.0	0.0	0.0	0.0	1.0	1.0	0.0	0.0	0.0	0.0	0.0	0.0	0.0	0.0	0.0	0.0	0.0	0.0	0.0	0.0	0.0	0.0	0.0	0.0	0.0	0.0	0.0	0.0	0.0	0.0	9.0	0.0	0.0	0.0	0.0	0.0	2.0	0.0	0.0	0.0	0.0	0.0	22.0	0.0	0.0	0.0	0.0	0.0	0.0	0.0	0.0	0.0	4.0	0.0	0.0	0.0	0.0	0.0	0.0	0.0	0.0	0.0	0.0	5.0	0.0
April	3	78.0	0.0	0.0	6.0	0.0	3.0	1.0	2.0	0.0	17.0	0.0	1.0	1.0	3.0	45.0	0.0	8.0	1.0	28.0	5.0	0.0	1.0	2.0	0.0	0.0	0.0	2.0	164.0	0.0	0.0	0.0	74.0	0.0	0.0	0.0	0.0	4.0	48.0	0.0	17803.0	0.0	0.0	17.0	0.0	4.0	1.0	9.0	2.0	0.0	23.0	3.0	2.0	16.0	163.0	72.0	0.0	0.0	0.0	8.0	6.0	0.0	4.0	4.0	0.0	49.0	0.0	2.0	0.0	0.0	7.0	0.0	2.0	0.0	0.0	0.0	58275.0	0.0	0.0	2.0	0.0	0.0	0.0	0.0	2.0	0.0	0.0	9.0	0.0	226.0	186.0	0.0	16.0	57.0	8.0	0.0	460.0	0.0	0.0	72.0	4.0	27.0	0.0	0.0	0.0	0.0	0.0	0.0	102.0	0.0	0.0	3.0	0.0	5.0	0.0	0.0	1.0	3.0	1.0	1.0	14.0	1353.0	4.0	1.0	0.0	5.0	173.0	61.0	0.0	1.0	2.0	2.0	2.0	5.0	0.0	0.0	0.0	1.0	11.0	5.0	0.0	0.0	1.0	6.0	100.0	0.0	0.0	256.0	8.0	5.0	0.0	2.0	0.0	1.0	4.0	1.0	5.0	0.0	278.0	5.0	0.0	0.0	3.0	2.0	0.0	3.0	0.0	0.0	2.0	40.0	10.0	0.0	0.0	0.0	127.0	0.0	0.0	0.0	7436.0	0.0	1.0	0.0	3.0	0.0	0.0	0.0	3.0	205.0	0.0	0.0	16.0	31.0	16.0	0.0	0.0	0.0	0.0	89.0	1.0	8.0	0.0	0.0	2.0	0.0	2.0	9.0	3.0	29.0	2.0	41.0	4.0	0.0	0.0	0.0	0.0	21.0	0.0	0.0	0.0	0.0	4.0	0.0	1.0	0.0	0.0	0.0	2.0	1.0	10.0	1.0	9.0	0.0	2.0	0.0	1.0	0.0	0.0	0.0	0.0	608.0	9.0	0.0	0.0	66.0	4.0	12.0	23.0	0.0	2.0	60.0	0.0	6.0	1.0	2.0	0.0	0.0	0.0	1.0	0.0	0.0	1.0	0.0	0.0	1.0	1.0	1.0	10.0	0.0	7.0	6.0	0.0	1.0	0.0	0.0	0.0	19.0	5.0	1.0	0.0	966.0	0.0	10.0	663.0	0.0	2.0	1.0	0.0	23.0	31.0	3.0	0.0	2.0	44.0	0.0	55.0	0.0	3.0	1.0	0.0	0.0	32739.0	0.0	68.0	0.0	3.0	0.0	68.0	0.0	0.0	0.0	77.0	31.0	2.0	0.0	0.0	0.0	0.0	0.0	0.0	0.0	65.0	0.0	92.0	257.0	1.0	0.0	4.0	0.0	1.0	2.0	0.0	2.0	0.0	2.0	3.0	24.0	178.0	0.0	0.0	0.0	0.0	6.0	1.0	2.0	66.0	1.0	0.0	10.0	5.0	2.0	10.0	5.0	2.0	1.0	0.0	0.0	24.0	0.0	46.0	0.0	0.0	1.0	17.0	120.0	0.0	27.0	0.0	0.0	9.0	108.0	58.0	59.0	971.0	0.0	724.0	2.0	0.0	2.0	0.0	28.0	115.0	1.0	1.0	4.0	1.0	0.0	495.0	1.0	0.0	0.0	8.0	0.0	0.0	0.0	0.0	60.0	0.0	0.0	0.0	106.0	1.0	0.0	0.0	0.0	0.0	0.0	0.0	36.0	0.0	166.0	0.0	0.0	0.0	0.0	0.0	1.0	1.0	8.0	5.0	138.0	0.0	1632.0	2.0	47568.0	17.0	436.0	0.0	7.0	0.0	14.0	19.0	0.0	0.0	1.0	41.0	571.0	6.0	0.0	0.0	2.0	24.0	1.0	0.0	1.0	8.0	0.0	0.0	37.0	0.0	14.0	0.0	0.0	0.0	0.0	0.0	0.0	0.0	0.0	1.0	1.0	0.0	0.0	0.0	0.0	0.0	12.0	2856.0	0.0	0.0	0.0	5.0	1.0	53.0	0.0	0.0	49.0	9.0	0.0	0.0	3.0	0.0	0.0	0.0	1.0	9.0	1.0	0.0	87.0	403.0	0.0	0.0	2.0	5.0	1.0	0.0	59.0	0.0	0.0	0.0	194.0	0.0
April	2	116.0	2.0	0.0	4.0	0.0	239.0	42.0	49.0	6.0	18.0	0.0	0.0	6.0	4.0	48.0	0.0	117.0	5.0	51.0	44.0	0.0	0.0	0.0	0.0	0.0	6.0	2.0	1062.0	1.0	0.0	0.0	96.0	0.0	1.0	0.0	13.0	1.0	241.0	14.0	2397.0	1.0	8.0	80.0	0.0	25.0	11.0	160.0	0.0	0.0	125.0	63.0	0.0	82.0	47.0	72.0	0.0	0.0	0.0	23.0	1.0	5.0	2.0	156.0	0.0	573.0	0.0	9.0	0.0	22.0	42.0	0.0	0.0	0.0	0.0	0.0	184912.0	0.0	0.0	0.0	0.0	0.0	1.0	0.0	36.0	0.0	7.0	0.0	0.0	669.0	940.0	0.0	53.0	148.0	35.0	0.0	417.0	0.0	0.0	382.0	17.0	187.0	1.0	0.0	0.0	0.0	0.0	0.0	99.0	0.0	0.0	0.0	0.0	0.0	0.0	0.0	42.0	3.0	0.0	0.0	13.0	417.0	7.0	43.0	0.0	4.0	69.0	49.0	23.0	0.0	0.0	4.0	12.0	9.0	0.0	0.0	0.0	114.0	80.0	55.0	0.0	1.0	21.0	32.0	652.0	0.0	0.0	831.0	46.0	0.0	0.0	0.0	0.0	23.0	6.0	0.0	13.0	0.0	1629.0	9.0	0.0	27.0	7.0	12.0	0.0	0.0	0.0	0.0	2.0	39.0	16.0	0.0	0.0	0.0	307.0	0.0	0.0	0.0	1868.0	2.0	0.0	0.0	0.0	1.0	2.0	0.0	68.0	551.0	0.0	103.0	579.0	466.0	115.0	0.0	0.0	0.0	0.0	1497.0	40.0	53.0	0.0	0.0	9.0	0.0	39.0	15.0	43.0	243.0	0.0	754.0	14.0	28.0	2.0	0.0	0.0	203.0	1.0	0.0	34.0	0.0	116.0	2.0	10.0	0.0	0.0	0.0	0.0	1.0	7.0	0.0	28.0	0.0	1.0	0.0	1.0	0.0	0.0	0.0	3.0	1175.0	10.0	5.0	1.0	292.0	18.0	13.0	21.0	1.0	1.0	6.0	8.0	1.0	1.0	6.0	0.0	14.0	0.0	8.0	0.0	0.0	2.0	0.0	0.0	0.0	2.0	4.0	21.0	0.0	11.0	1.0	0.0	0.0	0.0	0.0	1.0	318.0	40.0	11.0	0.0	1142.0	0.0	14.0	1497.0	0.0	17.0	0.0	12.0	79.0	36.0	26.0	3.0	7.0	27.0	2.0	367.0	0.0	19.0	4.0	0.0	0.0	15140.0	0.0	58.0	2.0	41.0	0.0	76.0	0.0	0.0	0.0	1664.0	288.0	20.0	32.0	0.0	0.0	2.0	0.0	0.0	1.0	52.0	0.0	84.0	715.0	1.0	0.0	32.0	0.0	4.0	2.0	0.0	0.0	0.0	0.0	59.0	31.0	341.0	0.0	0.0	0.0	1.0	16.0	5.0	20.0	231.0	23.0	0.0	18.0	22.0	89.0	10.0	42.0	49.0	77.0	0.0	5.0	14.0	2.0	8.0	18.0	0.0	0.0	26.0	948.0	6.0	155.0	0.0	0.0	147.0	1050.0	910.0	1320.0	6276.0	0.0	4768.0	8.0	25.0	13.0	18.0	1.0	71.0	14.0	0.0	76.0	11.0	5.0	2148.0	0.0	0.0	0.0	5.0	0.0	0.0	0.0	0.0	2723.0	0.0	0.0	0.0	86.0	0.0	2.0	0.0	0.0	0.0	0.0	0.0	223.0	1.0	219.0	0.0	9.0	6.0	1.0	0.0	17.0	9.0	25.0	7.0	127.0	0.0	6989.0	47.0	11380.0	78.0	596.0	0.0	12.0	1.0	343.0	32.0	9.0	0.0	6.0	242.0	388.0	11.0	0.0	0.0	4.0	269.0	51.0	0.0	39.0	33.0	0.0	0.0	220.0	2.0	8.0	0.0	1.0	0.0	0.0	0.0	0.0	0.0	3.0	86.0	0.0	0.0	1.0	0.0	0.0	0.0	79.0	1906.0	0.0	1.0	6.0	0.0	1.0	292.0	14.0	3.0	130.0	19.0	1.0	0.0	0.0	0.0	0.0	0.0	44.0	2.0	24.0	2.0	792.0	4448.0	4.0	0.0	1.0	0.0	103.0	0.0	27.0	11.0	0.0	0.0	471.0	6.0
April	1	73.0	0.0	0.0	6.0	0.0	2.0	7.0	7.0	0.0	7.0	0.0	3.0	0.0	0.0	22.0	0.0	6.0	0.0	18.0	7.0	0.0	1.0	1.0	0.0	0.0	1.0	1.0	502.0	0.0	0.0	0.0	113.0	0.0	0.0	1.0	0.0	0.0	95.0	3.0	11328.0	1.0	2.0	14.0	0.0	3.0	0.0	5.0	0.0	0.0	12.0	6.0	0.0	21.0	134.0	81.0	0.0	0.0	0.0	5.0	1.0	0.0	5.0	3.0	0.0	38.0	0.0	0.0	0.0	0.0	13.0	0.0	0.0	0.0	0.0	0.0	70241.0	0.0	0.0	1.0	1.0	0.0	2.0	0.0	2.0	0.0	0.0	7.0	0.0	175.0	125.0	1.0	34.0	42.0	2.0	0.0	606.0	0.0	0.0	59.0	16.0	80.0	0.0	0.0	0.0	1.0	0.0	0.0	102.0	0.0	0.0	0.0	0.0	0.0	0.0	0.0	0.0	2.0	0.0	0.0	19.0	985.0	6.0	6.0	0.0	4.0	117.0	59.0	0.0	2.0	2.0	0.0	1.0	1.0	0.0	0.0	0.0	1.0	5.0	0.0	0.0	0.0	5.0	5.0	57.0	0.0	0.0	368.0	3.0	7.0	0.0	0.0	0.0	1.0	1.0	0.0	1.0	0.0	1092.0	12.0	0.0	0.0	2.0	4.0	0.0	3.0	0.0	0.0	0.0	30.0	18.0	0.0	0.0	0.0	110.0	0.0	1.0	0.0	6121.0	0.0	0.0	0.0	2.0	1.0	0.0	0.0	1.0	250.0	0.0	0.0	32.0	24.0	21.0	0.0	0.0	1.0	0.0	47.0	7.0	14.0	0.0	6.0	1.0	0.0	0.0	10.0	2.0	33.0	1.0	32.0	3.0	0.0	0.0	0.0	0.0	21.0	0.0	0.0	0.0	0.0	8.0	0.0	0.0	0.0	0.0	0.0	2.0	0.0	5.0	0.0	0.0	0.0	0.0	0.0	1.0	0.0	0.0	0.0	0.0	515.0	4.0	4.0	5.0	111.0	1.0	12.0	18.0	0.0	4.0	77.0	0.0	1.0	0.0	6.0	0.0	0.0	0.0	1.0	0.0	1.0	1.0	0.0	0.0	0.0	2.0	0.0	10.0	0.0	7.0	11.0	0.0	0.0	0.0	0.0	0.0	14.0	9.0	0.0	0.0	2491.0	0.0	8.0	427.0	0.0	0.0	0.0	3.0	3.0	12.0	0.0	1.0	0.0	25.0	0.0	230.0	0.0	2.0	0.0	0.0	0.0	22078.0	0.0	50.0	0.0	2.0	0.0	46.0	1.0	0.0	0.0	133.0	23.0	1.0	2.0	0.0	0.0	1.0	0.0	1.0	1.0	40.0	1.0	23.0	134.0	0.0	0.0	2.0	0.0	0.0	2.0	0.0	2.0	0.0	0.0	7.0	34.0	152.0	0.0	0.0	0.0	0.0	10.0	2.0	6.0	68.0	4.0	0.0	12.0	6.0	5.0	9.0	1.0	0.0	0.0	0.0	0.0	34.0	0.0	60.0	4.0	0.0	1.0	43.0	572.0	0.0	16.0	0.0	0.0	11.0	104.0	56.0	65.0	768.0	0.0	1048.0	0.0	0.0	6.0	1.0	23.0	129.0	0.0	0.0	3.0	1.0	0.0	534.0	0.0	0.0	0.0	2.0	0.0	0.0	0.0	0.0	71.0	0.0	0.0	0.0	72.0	0.0	0.0	0.0	0.0	0.0	0.0	0.0	21.0	0.0	218.0	1.0	0.0	0.0	4.0	0.0	1.0	0.0	20.0	6.0	164.0	0.0	1353.0	8.0	37165.0	58.0	328.0	0.0	6.0	0.0	28.0	13.0	0.0	0.0	3.0	90.0	430.0	3.0	0.0	0.0	4.0	18.0	4.0	0.0	0.0	24.0	0.0	0.0	50.0	0.0	11.0	0.0	0.0	0.0	0.0	1.0	0.0	0.0	0.0	0.0	0.0	0.0	0.0	0.0	0.0	0.0	7.0	2787.0	0.0	0.0	0.0	1.0	0.0	100.0	0.0	0.0	48.0	8.0	1.0	0.0	1.0	0.0	0.0	0.0	1.0	8.0	4.0	6.0	59.0	483.0	0.0	0.0	0.0	2.0	3.0	0.0	55.0	0.0	0.0	0.0	185.0	1.0
April	N	0.0	0.0	0.0	0.0	0.0	0.0	0.0	0.0	0.0	0.0	0.0	0.0	0.0	0.0	0.0	0.0	0.0	0.0	0.0	0.0	0.0	0.0	0.0	0.0	0.0	0.0	0.0	0.0	0.0	0.0	0.0	0.0	0.0	0.0	0.0	0.0	0.0	0.0	0.0	11.0	0.0	0.0	3.0	0.0	0.0	3.0	0.0	0.0	0.0	0.0	1.0	0.0	0.0	0.0	0.0	0.0	0.0	0.0	0.0	0.0	0.0	0.0	0.0	0.0	0.0	0.0	0.0	0.0	0.0	0.0	0.0	0.0	0.0	0.0	0.0	49.0	0.0	0.0	0.0	0.0	0.0	0.0	0.0	0.0	0.0	0.0	0.0	0.0	0.0	0.0	0.0	0.0	0.0	0.0	0.0	0.0	0.0	0.0	0.0	0.0	0.0	0.0	0.0	0.0	0.0	0.0	0.0	0.0	0.0	0.0	0.0	0.0	0.0	0.0	0.0	0.0	0.0	0.0	0.0	0.0	1.0	0.0	0.0	0.0	0.0	0.0	0.0	0.0	0.0	0.0	0.0	0.0	0.0	0.0	0.0	0.0	0.0	0.0	0.0	0.0	0.0	0.0	0.0	0.0	0.0	0.0	1.0	0.0	1.0	0.0	0.0	0.0	0.0	0.0	0.0	0.0	0.0	17.0	2.0	0.0	0.0	0.0	0.0	0.0	0.0	0.0	0.0	0.0	0.0	2.0	0.0	0.0	0.0	0.0	0.0	0.0	0.0	8.0	0.0	0.0	0.0	0.0	0.0	0.0	0.0	0.0	0.0	0.0	0.0	1.0	0.0	0.0	0.0	0.0	0.0	0.0	0.0	0.0	0.0	0.0	0.0	0.0	0.0	0.0	0.0	0.0	0.0	0.0	0.0	0.0	0.0	0.0	0.0	0.0	0.0	0.0	0.0	0.0	0.0	0.0	0.0	0.0	0.0	0.0	0.0	0.0	0.0	0.0	0.0	0.0	0.0	0.0	0.0	0.0	0.0	0.0	0.0	0.0	1.0	0.0	0.0	0.0	0.0	0.0	0.0	0.0	0.0	0.0	0.0	0.0	0.0	0.0	4.0	0.0	0.0	0.0	0.0	0.0	0.0	0.0	0.0	0.0	0.0	0.0	0.0	0.0	0.0	0.0	0.0	0.0	0.0	0.0	0.0	0.0	0.0	0.0	0.0	0.0	2.0	0.0	0.0	0.0	0.0	0.0	0.0	0.0	0.0	1.0	1.0	0.0	0.0	0.0	0.0	2.0	0.0	0.0	0.0	0.0	0.0	19.0	0.0	0.0	0.0	0.0	0.0	0.0	0.0	0.0	0.0	0.0	0.0	0.0	0.0	0.0	0.0	0.0	0.0	0.0	0.0	0.0	0.0	0.0	2.0	0.0	0.0	0.0	0.0	0.0	0.0	0.0	0.0	0.0	0.0	0.0	0.0	1.0	0.0	0.0	0.0	0.0	0.0	0.0	0.0	0.0	0.0	0.0	0.0	0.0	0.0	0.0	0.0	0.0	0.0	0.0	0.0	0.0	0.0	0.0	0.0	0.0	0.0	0.0	6.0	0.0	0.0	0.0	0.0	0.0	0.0	0.0	0.0	6.0	0.0	2.0	0.0	0.0	0.0	0.0	0.0	0.0	0.0	0.0	0.0	0.0	0.0	1.0	0.0	0.0	0.0	0.0	0.0	0.0	0.0	0.0	2.0	0.0	0.0	0.0	0.0	0.0	0.0	0.0	0.0	0.0	0.0	0.0	0.0	0.0	3.0	0.0	0.0	0.0	0.0	0.0	0.0	0.0	0.0	0.0	0.0	0.0	4.0	0.0	18.0	0.0	0.0	0.0	2.0	0.0	0.0	0.0	0.0	0.0	0.0	0.0	0.0	0.0	0.0	0.0	0.0	0.0	0.0	0.0	0.0	0.0	0.0	0.0	0.0	0.0	0.0	0.0	0.0	0.0	0.0	0.0	0.0	0.0	0.0	0.0	0.0	0.0	0.0	0.0	0.0	0.0	0.0	1.0	0.0	0.0	0.0	0.0	0.0	0.0	0.0	0.0	0.0	0.0	0.0	0.0	0.0	0.0	0.0	0.0	0.0	0.0	0.0	0.0	0.0	0.0	0.0	0.0	0.0	0.0	0.0	0.0	0.0	0.0	0.0	0.0	0.0	0.0
June	9.1	17.0	0.0	0.0	2.0	0.0	11.0	24.0	1.0	1.0	5.0	0.0	1.0	0.0	0.0	8.0	0.0	12.0	0.0	1.0	1.0	0.0	0.0	0.0	0.0	0.0	0.0	0.0	22.0	0.0	0.0	0.0	34.0	0.0	0.0	0.0	1.0	0.0	3.0	0.0	133.0	0.0	0.0	462.0	0.0	5.0	7.0	3.0	0.0	0.0	0.0	5.0	0.0	31.0	7.0	0.0	0.0	0.0	0.0	3.0	1.0	0.0	0.0	23.0	0.0	29.0	0.0	0.0	0.0	2.0	2.0	0.0	0.0	0.0	0.0	0.0	6699.0	0.0	0.0	0.0	0.0	0.0	0.0	0.0	8.0	0.0	1.0	0.0	0.0	4.0	43.0	0.0	0.0	0.0	16.0	0.0	263.0	0.0	0.0	3.0	0.0	16.0	1.0	0.0	0.0	1.0	0.0	0.0	72.0	0.0	0.0	0.0	0.0	0.0	0.0	0.0	2.0	0.0	0.0	0.0	6.0	88.0	5.0	6.0	3.0	2.0	5.0	3.0	0.0	0.0	0.0	0.0	1.0	0.0	0.0	0.0	0.0	2.0	3.0	2.0	0.0	0.0	0.0	0.0	28.0	0.0	0.0	71.0	10.0	0.0	0.0	0.0	0.0	0.0	0.0	0.0	0.0	0.0	101.0	20.0	0.0	0.0	1.0	1.0	0.0	0.0	0.0	0.0	1.0	1.0	1.0	0.0	0.0	0.0	4.0	0.0	0.0	0.0	272.0	0.0	0.0	0.0	1.0	0.0	0.0	0.0	1.0	4.0	0.0	6.0	7.0	21.0	0.0	0.0	0.0	4.0	0.0	66.0	1.0	0.0	0.0	0.0	1.0	0.0	1.0	5.0	1.0	4.0	0.0	58.0	4.0	1.0	0.0	0.0	0.0	23.0	0.0	0.0	20.0	0.0	2.0	0.0	1.0	0.0	0.0	0.0	0.0	1.0	0.0	0.0	0.0	0.0	0.0	0.0	0.0	0.0	0.0	0.0	1.0	12.0	14.0	0.0	0.0	9.0	0.0	11.0	5.0	6.0	10.0	2.0	1.0	1.0	0.0	19.0	0.0	0.0	0.0	0.0	0.0	0.0	0.0	0.0	0.0	0.0	0.0	0.0	0.0	0.0	0.0	0.0	0.0	0.0	0.0	0.0	0.0	4.0	2.0	0.0	0.0	117.0	0.0	3.0	178.0	0.0	0.0	0.0	1.0	2.0	18.0	16.0	0.0	0.0	19.0	0.0	9.0	0.0	0.0	1.0	1.0	0.0	4674.0	0.0	27.0	0.0	1.0	0.0	3.0	0.0	0.0	0.0	34.0	63.0	0.0	8.0	0.0	0.0	5.0	0.0	0.0	0.0	4.0	0.0	4.0	51.0	0.0	0.0	3.0	0.0	0.0	0.0	1.0	0.0	0.0	0.0	1.0	0.0	15.0	0.0	0.0	0.0	0.0	0.0	0.0	1.0	226.0	1.0	2.0	8.0	2.0	0.0	2.0	3.0	2.0	2.0	0.0	0.0	0.0	0.0	15.0	3.0	0.0	0.0	5.0	13.0	0.0	9.0	0.0	0.0	17.0	49.0	98.0	69.0	2275.0	0.0	586.0	1.0	0.0	0.0	1.0	17.0	5.0	1.0	0.0	1.0	3.0	0.0	14.0	0.0	0.0	0.0	3.0	0.0	0.0	0.0	0.0	28.0	0.0	0.0	0.0	7.0	0.0	0.0	0.0	0.0	0.0	0.0	0.0	7.0	0.0	88.0	0.0	0.0	0.0	0.0	0.0	0.0	10.0	0.0	2.0	7.0	0.0	1048.0	0.0	1770.0	2.0	198.0	0.0	25.0	0.0	15.0	1.0	0.0	0.0	0.0	0.0	14.0	0.0	0.0	0.0	0.0	2.0	0.0	0.0	0.0	0.0	0.0	0.0	4.0	0.0	0.0	0.0	0.0	0.0	0.0	0.0	0.0	0.0	0.0	0.0	0.0	0.0	0.0	0.0	0.0	0.0	2.0	31.0	0.0	0.0	1.0	0.0	0.0	13.0	0.0	0.0	1.0	14.0	2.0	0.0	1.0	0.0	0.0	0.0	1.0	25.0	1.0	0.0	34.0	89.0	1.0	0.0	0.0	0.0	0.0	0.0	14.0	1.0	0.0	0.0	31.0	0.0
June	9.2	1.0	0.0	0.0	0.0	0.0	1.0	0.0	0.0	0.0	0.0	0.0	0.0	0.0	0.0	0.0	0.0	1.0	0.0	0.0	0.0	0.0	0.0	0.0	0.0	0.0	0.0	0.0	1.0	0.0	0.0	0.0	0.0	0.0	0.0	0.0	0.0	0.0	0.0	0.0	7.0	0.0	0.0	9.0	0.0	1.0	0.0	0.0	0.0	0.0	0.0	0.0	0.0	5.0	0.0	0.0	0.0	0.0	0.0	0.0	0.0	0.0	0.0	0.0	0.0	4.0	0.0	0.0	0.0	0.0	0.0	0.0	0.0	0.0	0.0	0.0	959.0	0.0	0.0	0.0	0.0	0.0	0.0	0.0	0.0	0.0	0.0	0.0	0.0	0.0	0.0	0.0	0.0	0.0	1.0	0.0	12.0	0.0	0.0	0.0	0.0	22.0	0.0	0.0	0.0	0.0	0.0	0.0	2.0	0.0	0.0	0.0	0.0	0.0	0.0	0.0	0.0	0.0	0.0	0.0	0.0	8.0	0.0	1.0	0.0	0.0	0.0	0.0	0.0	0.0	0.0	0.0	0.0	0.0	0.0	0.0	0.0	0.0	0.0	0.0	0.0	0.0	0.0	0.0	1.0	0.0	0.0	1.0	0.0	0.0	0.0	0.0	0.0	0.0	0.0	0.0	0.0	0.0	10.0	3.0	0.0	0.0	0.0	0.0	0.0	0.0	0.0	0.0	0.0	0.0	0.0	0.0	0.0	0.0	0.0	0.0	0.0	0.0	36.0	0.0	0.0	0.0	0.0	0.0	0.0	0.0	0.0	0.0	0.0	0.0	0.0	0.0	0.0	0.0	0.0	0.0	0.0	2.0	0.0	0.0	0.0	0.0	0.0	0.0	0.0	0.0	0.0	0.0	0.0	3.0	0.0	0.0	0.0	0.0	0.0	0.0	0.0	0.0	0.0	0.0	0.0	0.0	0.0	0.0	0.0	0.0	0.0	0.0	0.0	0.0	0.0	0.0	0.0	0.0	0.0	0.0	0.0	0.0	0.0	0.0	2.0	0.0	0.0	0.0	0.0	0.0	0.0	0.0	1.0	0.0	0.0	0.0	0.0	1.0	0.0	0.0	0.0	0.0	0.0	0.0	0.0	0.0	0.0	0.0	0.0	0.0	0.0	0.0	0.0	0.0	0.0	0.0	0.0	0.0	0.0	0.0	0.0	0.0	0.0	8.0	0.0	0.0	9.0	0.0	0.0	0.0	0.0	0.0	2.0	0.0	0.0	0.0	2.0	0.0	0.0	0.0	0.0	0.0	0.0	0.0	98.0	0.0	1.0	0.0	0.0	0.0	0.0	0.0	0.0	0.0	0.0	0.0	0.0	0.0	0.0	0.0	0.0	0.0	0.0	0.0	0.0	0.0	0.0	0.0	0.0	0.0	0.0	0.0	0.0	0.0	0.0	0.0	0.0	0.0	0.0	0.0	0.0	0.0	0.0	0.0	0.0	0.0	0.0	0.0	1.0	0.0	0.0	0.0	0.0	0.0	0.0	0.0	0.0	0.0	0.0	0.0	1.0	0.0	0.0	0.0	0.0	0.0	0.0	5.0	0.0	0.0	0.0	0.0	0.0	4.0	8.0	1.0	315.0	0.0	15.0	0.0	0.0	1.0	0.0	0.0	0.0	1.0	0.0	0.0	0.0	0.0	0.0	0.0	0.0	0.0	0.0	0.0	0.0	0.0	0.0	2.0	0.0	0.0	0.0	0.0	0.0	0.0	0.0	0.0	0.0	0.0	0.0	0.0	0.0	2.0	0.0	0.0	0.0	0.0	0.0	0.0	0.0	0.0	0.0	1.0	0.0	52.0	0.0	78.0	0.0	12.0	0.0	4.0	0.0	0.0	0.0	0.0	0.0	0.0	0.0	0.0	0.0	0.0	0.0	0.0	0.0	0.0	0.0	0.0	0.0	0.0	0.0	0.0	0.0	0.0	0.0	0.0	0.0	0.0	0.0	0.0	0.0	0.0	0.0	0.0	0.0	0.0	0.0	0.0	0.0	1.0	1.0	0.0	0.0	0.0	0.0	0.0	0.0	0.0	0.0	0.0	0.0	0.0	0.0	0.0	0.0	0.0	0.0	0.0	1.0	0.0	0.0	1.0	1.0	0.0	0.0	0.0	0.0	0.0	0.0	0.0	0.0	0.0	0.0	0.0	0.0
June	8	5.0	0.0	0.0	4.0	0.0	6.0	23.0	0.0	0.0	9.0	0.0	2.0	0.0	0.0	7.0	0.0	7.0	0.0	3.0	0.0	0.0	0.0	0.0	0.0	0.0	0.0	1.0	6.0	0.0	0.0	0.0	14.0	0.0	0.0	2.0	0.0	0.0	1.0	0.0	158.0	0.0	0.0	185.0	0.0	2.0	5.0	2.0	0.0	0.0	0.0	1.0	0.0	31.0	2.0	0.0	0.0	0.0	0.0	0.0	2.0	0.0	0.0	9.0	0.0	18.0	0.0	0.0	0.0	0.0	3.0	0.0	0.0	0.0	0.0	0.0	1986.0	0.0	0.0	0.0	0.0	0.0	0.0	0.0	3.0	0.0	0.0	0.0	0.0	7.0	18.0	0.0	0.0	0.0	8.0	0.0	181.0	0.0	0.0	4.0	0.0	1.0	1.0	0.0	0.0	0.0	0.0	0.0	34.0	0.0	0.0	0.0	0.0	0.0	0.0	0.0	0.0	0.0	0.0	0.0	3.0	38.0	2.0	0.0	0.0	2.0	4.0	0.0	0.0	0.0	0.0	0.0	0.0	0.0	0.0	0.0	0.0	2.0	2.0	1.0	0.0	0.0	0.0	0.0	12.0	0.0	0.0	53.0	4.0	0.0	0.0	0.0	0.0	1.0	0.0	0.0	0.0	0.0	57.0	9.0	0.0	0.0	0.0	0.0	0.0	0.0	0.0	0.0	0.0	4.0	1.0	0.0	0.0	0.0	2.0	0.0	0.0	0.0	84.0	0.0	0.0	0.0	0.0	0.0	0.0	0.0	0.0	2.0	9.0	4.0	6.0	10.0	0.0	0.0	0.0	3.0	0.0	150.0	0.0	0.0	0.0	0.0	0.0	0.0	0.0	2.0	2.0	4.0	0.0	43.0	2.0	1.0	0.0	0.0	0.0	5.0	0.0	1.0	15.0	0.0	0.0	0.0	1.0	0.0	0.0	0.0	0.0	3.0	0.0	0.0	0.0	0.0	0.0	0.0	0.0	0.0	0.0	0.0	1.0	8.0	20.0	0.0	0.0	6.0	0.0	2.0	0.0	0.0	20.0	1.0	0.0	0.0	0.0	21.0	0.0	0.0	0.0	0.0	0.0	0.0	0.0	0.0	0.0	0.0	0.0	0.0	0.0	0.0	0.0	0.0	0.0	0.0	0.0	0.0	0.0	3.0	0.0	0.0	0.0	128.0	0.0	0.0	59.0	0.0	0.0	0.0	0.0	1.0	12.0	17.0	0.0	0.0	7.0	0.0	12.0	0.0	0.0	1.0	0.0	0.0	2185.0	0.0	15.0	0.0	6.0	0.0	7.0	0.0	0.0	0.0	50.0	57.0	0.0	4.0	0.0	0.0	0.0	0.0	0.0	0.0	4.0	0.0	1.0	15.0	0.0	0.0	8.0	0.0	0.0	0.0	0.0	0.0	0.0	0.0	1.0	0.0	15.0	0.0	0.0	0.0	0.0	1.0	0.0	0.0	44.0	4.0	0.0	9.0	0.0	0.0	1.0	0.0	1.0	8.0	0.0	0.0	1.0	0.0	4.0	2.0	0.0	0.0	1.0	9.0	0.0	3.0	0.0	0.0	10.0	27.0	43.0	98.0	617.0	0.0	505.0	0.0	1.0	0.0	2.0	10.0	1.0	2.0	0.0	2.0	13.0	0.0	7.0	0.0	0.0	0.0	0.0	0.0	0.0	0.0	0.0	6.0	0.0	0.0	0.0	4.0	0.0	0.0	0.0	0.0	0.0	0.0	0.0	6.0	0.0	155.0	0.0	0.0	0.0	0.0	0.0	0.0	3.0	0.0	0.0	7.0	0.0	389.0	1.0	610.0	1.0	53.0	0.0	17.0	0.0	3.0	1.0	0.0	0.0	0.0	1.0	4.0	1.0	0.0	1.0	1.0	2.0	1.0	0.0	1.0	0.0	0.0	0.0	1.0	0.0	0.0	0.0	0.0	0.0	0.0	0.0	0.0	0.0	0.0	0.0	0.0	0.0	0.0	0.0	0.0	0.0	2.0	26.0	0.0	0.0	0.0	0.0	0.0	16.0	0.0	0.0	3.0	8.0	2.0	0.0	0.0	0.0	0.0	0.0	0.0	28.0	0.0	0.0	26.0	51.0	0.0	0.0	0.0	0.0	0.0	0.0	8.0	5.0	0.0	0.0	26.0	0.0
June	7	0.0	0.0	0.0	0.0	0.0	0.0	0.0	0.0	0.0	0.0	0.0	0.0	0.0	0.0	0.0	0.0	0.0	0.0	0.0	0.0	0.0	0.0	0.0	0.0	0.0	0.0	0.0	0.0	0.0	0.0	0.0	0.0	0.0	0.0	0.0	0.0	0.0	0.0	0.0	0.0	0.0	0.0	0.0	0.0	0.0	0.0	0.0	0.0	0.0	0.0	0.0	0.0	1.0	0.0	0.0	0.0	0.0	0.0	0.0	0.0	0.0	0.0	0.0	0.0	0.0	0.0	0.0	0.0	0.0	0.0	0.0	0.0	0.0	0.0	0.0	5.0	0.0	0.0	0.0	0.0	0.0	0.0	0.0	0.0	0.0	0.0	0.0	0.0	0.0	0.0	0.0	0.0	0.0	0.0	0.0	0.0	0.0	0.0	0.0	0.0	0.0	0.0	0.0	0.0	0.0	0.0	0.0	0.0	0.0	0.0	0.0	0.0	0.0	0.0	0.0	0.0	0.0	0.0	0.0	0.0	0.0	0.0	0.0	0.0	0.0	0.0	0.0	0.0	0.0	0.0	0.0	0.0	0.0	0.0	0.0	0.0	0.0	0.0	0.0	0.0	0.0	0.0	0.0	0.0	0.0	0.0	0.0	0.0	0.0	0.0	0.0	0.0	0.0	0.0	0.0	0.0	0.0	3.0	0.0	0.0	0.0	0.0	0.0	0.0	0.0	0.0	0.0	0.0	0.0	0.0	0.0	0.0	0.0	0.0	0.0	0.0	0.0	0.0	0.0	0.0	0.0	0.0	0.0	0.0	0.0	0.0	0.0	0.0	0.0	0.0	0.0	0.0	0.0	0.0	0.0	0.0	0.0	0.0	0.0	0.0	0.0	0.0	0.0	0.0	0.0	0.0	0.0	0.0	0.0	0.0	0.0	0.0	0.0	0.0	0.0	0.0	0.0	0.0	0.0	0.0	0.0	0.0	0.0	0.0	0.0	0.0	0.0	0.0	0.0	0.0	0.0	0.0	0.0	0.0	0.0	0.0	0.0	0.0	0.0	0.0	0.0	0.0	0.0	0.0	0.0	0.0	0.0	0.0	0.0	0.0	0.0	0.0	0.0	0.0	0.0	0.0	0.0	0.0	0.0	0.0	0.0	0.0	0.0	0.0	0.0	0.0	0.0	0.0	0.0	0.0	0.0	0.0	0.0	0.0	0.0	0.0	0.0	0.0	0.0	0.0	0.0	0.0	0.0	0.0	0.0	0.0	0.0	0.0	0.0	0.0	0.0	0.0	0.0	0.0	0.0	0.0	0.0	0.0	0.0	1.0	0.0	0.0	0.0	0.0	0.0	0.0	0.0	0.0	0.0	0.0	0.0	0.0	0.0	0.0	0.0	0.0	0.0	0.0	0.0	0.0	0.0	0.0	0.0	0.0	0.0	0.0	0.0	0.0	0.0	0.0	0.0	0.0	0.0	0.0	0.0	0.0	0.0	0.0	0.0	0.0	0.0	0.0	0.0	0.0	0.0	0.0	0.0	0.0	0.0	0.0	0.0	0.0	0.0	0.0	0.0	0.0	0.0	0.0	0.0	0.0	0.0	0.0	0.0	0.0	0.0	0.0	0.0	0.0	0.0	0.0	0.0	0.0	0.0	0.0	0.0	0.0	0.0	0.0	0.0	0.0	0.0	0.0	0.0	0.0	0.0	0.0	0.0	0.0	0.0	0.0	0.0	0.0	0.0	0.0	0.0	0.0	0.0	0.0	0.0	0.0	0.0	0.0	0.0	0.0	0.0	0.0	0.0	0.0	0.0	0.0	0.0	0.0	0.0	0.0	0.0	0.0	0.0	0.0	0.0	0.0	0.0	0.0	1.0	0.0	0.0	0.0	0.0	0.0	0.0	0.0	0.0	0.0	0.0	0.0	0.0	0.0	0.0	0.0	0.0	0.0	0.0	0.0	0.0	0.0	0.0	0.0	0.0	0.0	0.0	0.0	0.0	0.0	0.0	0.0	0.0	0.0	0.0	0.0	0.0	0.0	0.0	0.0	0.0	0.0	0.0	0.0	0.0	0.0	0.0	0.0	0.0	0.0	0.0	0.0	0.0	0.0	0.0	0.0	0.0	0.0	0.0	0.0	0.0	0.0	0.0	0.0	0.0	0.0	0.0	0.0	0.0	0.0	0.0	0.0	0.0	0.0	0.0	0.0	0.0	0.0
June	6	5.0	2.0	0.0	2.0	0.0	4.0	0.0	4.0	0.0	3.0	0.0	0.0	0.0	0.0	25.0	0.0	27.0	0.0	5.0	0.0	0.0	0.0	0.0	0.0	0.0	0.0	0.0	64.0	0.0	0.0	1.0	52.0	0.0	0.0	0.0	0.0	2.0	4.0	0.0	45.0	0.0	0.0	339.0	1.0	10.0	1.0	8.0	0.0	0.0	6.0	12.0	0.0	67.0	5.0	0.0	0.0	0.0	0.0	0.0	1.0	1.0	0.0	53.0	0.0	43.0	0.0	0.0	0.0	1.0	5.0	0.0	0.0	0.0	0.0	0.0	49668.0	0.0	0.0	0.0	0.0	0.0	0.0	0.0	0.0	1.0	0.0	0.0	0.0	9.0	63.0	0.0	0.0	10.0	1.0	0.0	223.0	0.0	0.0	14.0	0.0	75.0	1.0	0.0	0.0	0.0	0.0	0.0	105.0	0.0	0.0	0.0	0.0	0.0	0.0	0.0	0.0	0.0	0.0	0.0	10.0	53.0	1.0	4.0	0.0	1.0	5.0	3.0	0.0	0.0	0.0	0.0	0.0	0.0	0.0	0.0	0.0	1.0	7.0	1.0	0.0	0.0	0.0	3.0	43.0	0.0	0.0	717.0	3.0	0.0	0.0	0.0	0.0	0.0	0.0	0.0	0.0	0.0	88.0	20.0	0.0	0.0	0.0	1.0	0.0	0.0	0.0	0.0	1.0	14.0	2.0	0.0	0.0	0.0	14.0	0.0	0.0	0.0	213.0	0.0	0.0	0.0	3.0	0.0	1.0	0.0	1.0	22.0	0.0	6.0	35.0	47.0	9.0	0.0	0.0	0.0	0.0	75.0	3.0	0.0	0.0	0.0	1.0	0.0	6.0	5.0	3.0	16.0	0.0	66.0	2.0	3.0	0.0	0.0	0.0	20.0	0.0	0.0	0.0	0.0	5.0	0.0	0.0	0.0	0.0	0.0	0.0	0.0	0.0	0.0	2.0	0.0	0.0	0.0	4.0	0.0	0.0	4.0	0.0	24.0	17.0	0.0	0.0	28.0	5.0	6.0	6.0	3.0	0.0	0.0	0.0	0.0	0.0	23.0	0.0	0.0	0.0	0.0	0.0	0.0	0.0	0.0	0.0	1.0	0.0	0.0	0.0	0.0	0.0	0.0	0.0	0.0	0.0	0.0	0.0	31.0	0.0	0.0	0.0	1220.0	0.0	1.0	370.0	0.0	0.0	0.0	0.0	3.0	14.0	2.0	1.0	0.0	7.0	0.0	22.0	0.0	0.0	1.0	0.0	0.0	3101.0	0.0	13.0	0.0	0.0	0.0	4.0	0.0	0.0	0.0	71.0	5.0	0.0	2.0	0.0	0.0	0.0	0.0	0.0	0.0	8.0	0.0	22.0	611.0	3.0	0.0	5.0	0.0	0.0	0.0	0.0	0.0	0.0	0.0	16.0	0.0	14.0	1.0	0.0	0.0	0.0	0.0	1.0	2.0	137.0	0.0	0.0	2.0	9.0	2.0	0.0	8.0	3.0	0.0	0.0	0.0	1.0	0.0	4.0	2.0	0.0	0.0	7.0	11.0	0.0	74.0	0.0	0.0	7.0	141.0	213.0	55.0	4373.0	0.0	318.0	0.0	6.0	1.0	1.0	10.0	1.0	0.0	0.0	7.0	4.0	0.0	22.0	0.0	0.0	0.0	4.0	0.0	0.0	0.0	0.0	178.0	0.0	0.0	0.0	3.0	0.0	0.0	0.0	0.0	0.0	0.0	0.0	12.0	0.0	62.0	0.0	0.0	0.0	0.0	0.0	0.0	4.0	3.0	0.0	6.0	0.0	1624.0	1.0	1958.0	11.0	115.0	0.0	16.0	0.0	56.0	2.0	1.0	0.0	0.0	1.0	8.0	2.0	0.0	0.0	0.0	17.0	10.0	0.0	2.0	0.0	0.0	0.0	20.0	2.0	0.0	0.0	0.0	0.0	0.0	2.0	0.0	0.0	2.0	2.0	0.0	0.0	0.0	0.0	0.0	0.0	2.0	42.0	0.0	0.0	0.0	3.0	0.0	41.0	1.0	0.0	6.0	11.0	0.0	1.0	1.0	0.0	0.0	0.0	1.0	0.0	1.0	0.0	59.0	421.0	0.0	0.0	0.0	1.0	9.0	0.0	8.0	1.0	0.0	0.0	36.0	0.0
June	5	0.0	0.0	0.0	0.0	0.0	0.0	0.0	0.0	0.0	0.0	0.0	0.0	0.0	0.0	0.0	0.0	0.0	0.0	0.0	0.0	0.0	0.0	0.0	0.0	0.0	0.0	0.0	0.0	0.0	0.0	0.0	0.0	0.0	0.0	0.0	0.0	0.0	0.0	0.0	0.0	0.0	0.0	0.0	0.0	0.0	0.0	0.0	0.0	0.0	0.0	0.0	0.0	0.0	0.0	0.0	0.0	0.0	0.0	0.0	0.0	0.0	0.0	0.0	0.0	0.0	0.0	0.0	0.0	0.0	0.0	0.0	0.0	0.0	0.0	0.0	7.0	0.0	0.0	0.0	0.0	0.0	0.0	0.0	0.0	0.0	0.0	0.0	0.0	0.0	0.0	0.0	0.0	0.0	0.0	0.0	0.0	0.0	0.0	0.0	0.0	0.0	0.0	0.0	0.0	0.0	0.0	0.0	0.0	0.0	0.0	0.0	0.0	0.0	0.0	0.0	0.0	0.0	0.0	0.0	0.0	0.0	0.0	0.0	0.0	0.0	0.0	0.0	0.0	0.0	0.0	0.0	0.0	0.0	0.0	0.0	0.0	0.0	0.0	0.0	0.0	0.0	0.0	0.0	0.0	0.0	0.0	0.0	0.0	0.0	0.0	0.0	0.0	0.0	0.0	0.0	0.0	0.0	1.0	0.0	0.0	0.0	0.0	0.0	0.0	0.0	0.0	0.0	0.0	0.0	0.0	0.0	0.0	0.0	0.0	0.0	0.0	0.0	0.0	0.0	0.0	0.0	0.0	0.0	0.0	0.0	0.0	0.0	0.0	0.0	0.0	0.0	0.0	0.0	0.0	0.0	0.0	0.0	0.0	0.0	0.0	0.0	0.0	0.0	0.0	0.0	0.0	0.0	0.0	0.0	0.0	0.0	0.0	0.0	0.0	0.0	0.0	0.0	0.0	0.0	0.0	0.0	0.0	0.0	0.0	0.0	0.0	0.0	0.0	0.0	0.0	0.0	0.0	0.0	0.0	0.0	0.0	0.0	0.0	0.0	0.0	0.0	0.0	0.0	0.0	0.0	0.0	0.0	0.0	0.0	0.0	0.0	0.0	1.0	0.0	0.0	0.0	0.0	0.0	0.0	0.0	0.0	0.0	0.0	0.0	0.0	0.0	0.0	0.0	0.0	0.0	0.0	0.0	0.0	0.0	0.0	0.0	0.0	0.0	0.0	0.0	0.0	0.0	0.0	0.0	0.0	0.0	0.0	0.0	0.0	0.0	0.0	0.0	0.0	0.0	0.0	0.0	0.0	0.0	0.0	0.0	0.0	0.0	0.0	0.0	0.0	0.0	0.0	0.0	0.0	0.0	0.0	0.0	0.0	0.0	0.0	0.0	0.0	0.0	0.0	0.0	0.0	0.0	1.0	0.0	0.0	0.0	0.0	0.0	0.0	0.0	0.0	0.0	0.0	0.0	0.0	0.0	0.0	0.0	0.0	0.0	0.0	0.0	0.0	0.0	0.0	0.0	0.0	0.0	0.0	0.0	0.0	0.0	0.0	0.0	0.0	0.0	0.0	0.0	0.0	0.0	0.0	0.0	0.0	0.0	0.0	0.0	0.0	0.0	0.0	0.0	0.0	1.0	0.0	0.0	0.0	0.0	0.0	0.0	0.0	0.0	0.0	0.0	0.0	0.0	0.0	0.0	0.0	0.0	0.0	0.0	0.0	0.0	0.0	0.0	0.0	0.0	0.0	0.0	0.0	0.0	0.0	0.0	0.0	0.0	0.0	0.0	0.0	0.0	0.0	0.0	0.0	0.0	0.0	0.0	0.0	0.0	0.0	0.0	0.0	0.0	0.0	0.0	2.0	0.0	0.0	0.0	0.0	0.0	0.0	0.0	0.0	0.0	0.0	0.0	0.0	0.0	0.0	0.0	0.0	0.0	0.0	0.0	0.0	0.0	0.0	0.0	0.0	0.0	0.0	0.0	0.0	0.0	0.0	0.0	0.0	0.0	0.0	0.0	0.0	0.0	0.0	0.0	0.0	0.0	0.0	0.0	0.0	0.0	0.0	0.0	0.0	0.0	0.0	0.0	0.0	0.0	0.0	0.0	0.0	0.0	0.0	0.0	0.0	0.0	0.0	0.0	0.0	0.0	0.0	0.0	0.0	0.0	0.0	0.0	0.0	0.0	0.0	0.0	0.0	0.0
June	4	0.0	0.0	0.0	0.0	0.0	0.0	0.0	0.0	0.0	0.0	0.0	0.0	0.0	0.0	0.0	0.0	0.0	0.0	0.0	0.0	0.0	0.0	0.0	0.0	0.0	0.0	0.0	0.0	0.0	0.0	0.0	0.0	0.0	0.0	0.0	0.0	0.0	0.0	0.0	0.0	0.0	0.0	0.0	0.0	0.0	0.0	0.0	0.0	0.0	0.0	0.0	0.0	0.0	0.0	0.0	0.0	0.0	0.0	0.0	0.0	0.0	0.0	0.0	0.0	0.0	0.0	0.0	0.0	0.0	0.0	0.0	0.0	0.0	0.0	0.0	3.0	0.0	0.0	0.0	0.0	0.0	0.0	0.0	0.0	0.0	0.0	0.0	0.0	0.0	0.0	0.0	0.0	0.0	0.0	0.0	0.0	0.0	0.0	0.0	0.0	0.0	0.0	0.0	0.0	0.0	0.0	0.0	0.0	0.0	0.0	0.0	0.0	0.0	0.0	0.0	0.0	0.0	0.0	0.0	0.0	0.0	0.0	0.0	0.0	0.0	0.0	0.0	0.0	0.0	0.0	0.0	0.0	0.0	0.0	0.0	0.0	0.0	0.0	0.0	0.0	0.0	0.0	0.0	0.0	0.0	0.0	0.0	0.0	0.0	0.0	0.0	0.0	0.0	0.0	0.0	0.0	0.0	2.0	0.0	0.0	0.0	0.0	0.0	0.0	0.0	0.0	0.0	0.0	0.0	0.0	0.0	0.0	0.0	0.0	0.0	0.0	0.0	0.0	0.0	0.0	0.0	0.0	0.0	0.0	0.0	0.0	0.0	0.0	0.0	0.0	0.0	0.0	0.0	0.0	0.0	0.0	0.0	0.0	0.0	0.0	0.0	0.0	0.0	0.0	0.0	0.0	0.0	0.0	0.0	0.0	0.0	0.0	0.0	0.0	0.0	0.0	0.0	0.0	0.0	0.0	0.0	0.0	0.0	0.0	0.0	0.0	0.0	0.0	0.0	0.0	0.0	0.0	0.0	0.0	0.0	0.0	0.0	0.0	0.0	1.0	0.0	0.0	0.0	0.0	0.0	0.0	0.0	0.0	0.0	0.0	0.0	0.0	0.0	0.0	0.0	0.0	0.0	0.0	0.0	0.0	0.0	0.0	0.0	0.0	0.0	0.0	0.0	0.0	0.0	0.0	0.0	0.0	0.0	0.0	0.0	0.0	0.0	0.0	0.0	0.0	0.0	0.0	0.0	0.0	0.0	0.0	0.0	0.0	0.0	0.0	0.0	0.0	0.0	0.0	0.0	0.0	0.0	0.0	0.0	0.0	0.0	0.0	0.0	0.0	0.0	0.0	0.0	0.0	0.0	0.0	0.0	0.0	0.0	0.0	0.0	0.0	0.0	0.0	0.0	0.0	0.0	0.0	0.0	0.0	0.0	0.0	0.0	0.0	0.0	0.0	0.0	0.0	0.0	0.0	0.0	0.0	0.0	0.0	0.0	0.0	0.0	0.0	0.0	0.0	0.0	0.0	0.0	0.0	0.0	0.0	0.0	0.0	0.0	0.0	0.0	0.0	0.0	0.0	0.0	0.0	0.0	0.0	0.0	0.0	0.0	0.0	0.0	0.0	0.0	0.0	0.0	3.0	0.0	0.0	0.0	0.0	0.0	0.0	0.0	0.0	0.0	0.0	0.0	0.0	0.0	0.0	0.0	0.0	0.0	0.0	0.0	0.0	0.0	0.0	0.0	0.0	0.0	0.0	0.0	0.0	0.0	0.0	0.0	0.0	0.0	0.0	0.0	0.0	0.0	0.0	0.0	0.0	0.0	0.0	0.0	0.0	0.0	0.0	0.0	0.0	0.0	0.0	1.0	0.0	0.0	0.0	0.0	0.0	0.0	0.0	0.0	0.0	0.0	0.0	0.0	0.0	0.0	0.0	0.0	0.0	0.0	0.0	0.0	0.0	0.0	0.0	0.0	0.0	0.0	0.0	0.0	0.0	0.0	0.0	0.0	0.0	0.0	0.0	0.0	0.0	0.0	0.0	0.0	0.0	0.0	0.0	0.0	0.0	0.0	0.0	0.0	0.0	0.0	0.0	0.0	0.0	0.0	0.0	0.0	0.0	0.0	0.0	0.0	0.0	0.0	0.0	0.0	0.0	0.0	0.0	0.0	0.0	0.0	0.0	0.0	0.0	0.0	0.0	0.0	0.0
June	P	0.0	1.0	0.0	0.0	0.0	0.0	0.0	0.0	0.0	0.0	0.0	0.0	0.0	0.0	1.0	0.0	0.0	0.0	0.0	0.0	0.0	0.0	0.0	0.0	0.0	0.0	0.0	4.0	0.0	0.0	0.0	0.0	0.0	0.0	0.0	0.0	0.0	0.0	0.0	1.0	0.0	0.0	4.0	0.0	0.0	0.0	0.0	0.0	0.0	0.0	0.0	0.0	21637.0	0.0	0.0	0.0	0.0	0.0	0.0	0.0	0.0	0.0	1.0	0.0	0.0	0.0	0.0	0.0	0.0	0.0	0.0	0.0	0.0	0.0	0.0	227.0	0.0	0.0	0.0	0.0	0.0	0.0	0.0	0.0	0.0	0.0	0.0	0.0	53.0	1.0	0.0	0.0	0.0	0.0	0.0	4.0	0.0	0.0	0.0	0.0	1.0	0.0	0.0	0.0	0.0	0.0	0.0	0.0	0.0	0.0	0.0	0.0	0.0	0.0	0.0	0.0	0.0	0.0	0.0	1.0	2.0	0.0	0.0	0.0	0.0	0.0	0.0	0.0	0.0	0.0	0.0	0.0	0.0	0.0	0.0	0.0	0.0	0.0	0.0	0.0	0.0	0.0	0.0	1.0	0.0	0.0	5.0	0.0	0.0	0.0	0.0	0.0	0.0	0.0	0.0	0.0	0.0	98064.0	8747.0	0.0	0.0	0.0	0.0	0.0	0.0	0.0	0.0	0.0	21.0	0.0	0.0	0.0	0.0	0.0	0.0	0.0	0.0	5.0	0.0	0.0	0.0	0.0	0.0	0.0	0.0	0.0	1.0	0.0	0.0	0.0	0.0	0.0	0.0	0.0	0.0	0.0	1.0	0.0	0.0	0.0	0.0	0.0	0.0	0.0	0.0	0.0	1.0	0.0	1.0	0.0	0.0	0.0	0.0	0.0	0.0	0.0	0.0	0.0	0.0	0.0	0.0	0.0	0.0	0.0	0.0	0.0	0.0	0.0	0.0	1.0	0.0	0.0	0.0	0.0	0.0	0.0	0.0	0.0	0.0	8145.0	0.0	0.0	0.0	0.0	0.0	0.0	0.0	0.0	0.0	0.0	0.0	0.0	13486.0	0.0	0.0	0.0	0.0	0.0	0.0	0.0	0.0	0.0	0.0	0.0	0.0	0.0	0.0	0.0	0.0	0.0	0.0	0.0	0.0	0.0	0.0	0.0	0.0	0.0	20.0	0.0	0.0	19.0	0.0	0.0	0.0	0.0	0.0	1.0	1.0	0.0	0.0	0.0	0.0	3.0	0.0	0.0	0.0	0.0	0.0	48.0	0.0	0.0	0.0	0.0	0.0	0.0	0.0	0.0	0.0	1.0	0.0	0.0	0.0	0.0	0.0	0.0	0.0	0.0	0.0	0.0	0.0	0.0	2.0	0.0	0.0	0.0	0.0	0.0	0.0	0.0	0.0	0.0	0.0	0.0	0.0	0.0	0.0	0.0	0.0	0.0	0.0	0.0	0.0	0.0	0.0	0.0	0.0	0.0	0.0	0.0	0.0	0.0	0.0	0.0	0.0	0.0	0.0	0.0	0.0	1.0	0.0	0.0	1365.0	0.0	0.0	0.0	0.0	0.0	3.0	3.0	0.0	53.0	0.0	8.0	0.0	0.0	0.0	0.0	0.0	0.0	0.0	0.0	0.0	0.0	0.0	0.0	0.0	0.0	0.0	0.0	0.0	0.0	0.0	0.0	0.0	0.0	0.0	0.0	0.0	0.0	0.0	0.0	0.0	0.0	0.0	0.0	0.0	0.0	3.0	0.0	0.0	0.0	0.0	0.0	0.0	0.0	0.0	0.0	0.0	0.0	18.0	0.0	58.0	0.0	2.0	0.0	17034.0	0.0	1.0	0.0	0.0	0.0	0.0	0.0	0.0	0.0	0.0	0.0	0.0	0.0	0.0	0.0	0.0	0.0	0.0	0.0	0.0	0.0	0.0	0.0	0.0	0.0	0.0	0.0	0.0	0.0	0.0	0.0	0.0	0.0	0.0	0.0	0.0	0.0	0.0	1.0	0.0	0.0	0.0	0.0	0.0	1.0	0.0	0.0	0.0	0.0	0.0	10.0	0.0	0.0	0.0	0.0	0.0	0.0	0.0	0.0	2.0	5.0	0.0	0.0	0.0	0.0	0.0	0.0	0.0	0.0	0.0	0.0	1.0	0.0
June	3	0.0	0.0	0.0	0.0	0.0	0.0	0.0	0.0	0.0	0.0	0.0	0.0	0.0	0.0	0.0	0.0	0.0	0.0	0.0	0.0	0.0	0.0	0.0	0.0	0.0	0.0	0.0	0.0	0.0	0.0	0.0	0.0	0.0	0.0	0.0	0.0	0.0	0.0	0.0	0.0	0.0	0.0	0.0	0.0	0.0	0.0	0.0	0.0	0.0	0.0	0.0	0.0	0.0	0.0	0.0	0.0	0.0	0.0	0.0	0.0	0.0	0.0	0.0	0.0	0.0	0.0	0.0	0.0	0.0	0.0	0.0	0.0	0.0	0.0	0.0	1.0	0.0	0.0	0.0	0.0	0.0	0.0	0.0	0.0	0.0	0.0	0.0	0.0	0.0	0.0	0.0	0.0	0.0	0.0	0.0	0.0	0.0	0.0	0.0	0.0	0.0	0.0	0.0	0.0	0.0	0.0	0.0	0.0	0.0	0.0	0.0	0.0	0.0	0.0	0.0	0.0	0.0	0.0	0.0	0.0	0.0	0.0	0.0	0.0	0.0	0.0	0.0	0.0	0.0	0.0	0.0	0.0	0.0	0.0	0.0	0.0	0.0	0.0	0.0	0.0	0.0	0.0	0.0	0.0	0.0	0.0	0.0	0.0	0.0	0.0	0.0	0.0	0.0	0.0	0.0	0.0	0.0	10.0	0.0	0.0	0.0	0.0	0.0	0.0	0.0	0.0	0.0	0.0	0.0	0.0	0.0	0.0	0.0	0.0	0.0	0.0	0.0	0.0	0.0	0.0	0.0	0.0	0.0	0.0	0.0	0.0	0.0	0.0	0.0	0.0	0.0	0.0	0.0	0.0	0.0	0.0	0.0	0.0	0.0	0.0	0.0	0.0	0.0	0.0	0.0	0.0	0.0	0.0	0.0	0.0	0.0	0.0	0.0	0.0	0.0	0.0	0.0	0.0	0.0	0.0	0.0	0.0	0.0	0.0	0.0	0.0	0.0	0.0	0.0	0.0	0.0	0.0	0.0	0.0	0.0	0.0	0.0	0.0	0.0	0.0	0.0	0.0	0.0	0.0	0.0	0.0	0.0	0.0	0.0	0.0	0.0	0.0	0.0	0.0	0.0	0.0	0.0	0.0	0.0	0.0	0.0	0.0	0.0	0.0	0.0	0.0	0.0	0.0	0.0	0.0	0.0	0.0	0.0	0.0	0.0	0.0	0.0	0.0	0.0	0.0	0.0	0.0	0.0	0.0	0.0	0.0	0.0	0.0	0.0	0.0	0.0	0.0	0.0	0.0	0.0	0.0	0.0	0.0	0.0	0.0	0.0	0.0	0.0	0.0	0.0	0.0	0.0	0.0	0.0	0.0	0.0	0.0	0.0	0.0	0.0	0.0	0.0	0.0	0.0	0.0	0.0	0.0	0.0	0.0	0.0	0.0	0.0	0.0	0.0	0.0	0.0	0.0	0.0	0.0	0.0	0.0	0.0	0.0	0.0	0.0	0.0	0.0	0.0	0.0	0.0	0.0	0.0	0.0	0.0	0.0	0.0	0.0	0.0	0.0	0.0	0.0	0.0	0.0	0.0	0.0	0.0	0.0	0.0	0.0	0.0	0.0	0.0	0.0	0.0	0.0	0.0	1.0	0.0	0.0	0.0	0.0	0.0	0.0	0.0	0.0	0.0	0.0	0.0	0.0	0.0	0.0	0.0	0.0	0.0	0.0	0.0	0.0	0.0	0.0	0.0	0.0	0.0	0.0	0.0	0.0	0.0	0.0	0.0	0.0	0.0	0.0	0.0	0.0	0.0	0.0	0.0	0.0	0.0	0.0	0.0	0.0	0.0	0.0	0.0	0.0	0.0	0.0	0.0	0.0	0.0	0.0	0.0	0.0	0.0	0.0	0.0	0.0	0.0	0.0	0.0	0.0	0.0	0.0	0.0	0.0	0.0	0.0	0.0	0.0	0.0	0.0	0.0	0.0	0.0	0.0	0.0	0.0	0.0	0.0	0.0	0.0	0.0	0.0	0.0	0.0	0.0	0.0	0.0	0.0	0.0	0.0	0.0	0.0	0.0	0.0	0.0	0.0	0.0	0.0	0.0	0.0	0.0	0.0	0.0	0.0	0.0	0.0	0.0	0.0	0.0	0.0	0.0	0.0	0.0	0.0	0.0	0.0	0.0	0.0	0.0	0.0	0.0	0.0	0.0	0.0
June	2	0.0	0.0	0.0	0.0	0.0	0.0	0.0	0.0	0.0	0.0	0.0	0.0	0.0	0.0	0.0	0.0	0.0	0.0	0.0	0.0	0.0	0.0	0.0	0.0	0.0	0.0	0.0	0.0	0.0	0.0	0.0	0.0	0.0	0.0	0.0	0.0	0.0	0.0	0.0	0.0	0.0	0.0	0.0	0.0	0.0	0.0	0.0	0.0	0.0	0.0	0.0	0.0	0.0	0.0	0.0	0.0	0.0	0.0	0.0	0.0	0.0	0.0	0.0	0.0	0.0	0.0	0.0	0.0	0.0	0.0	0.0	0.0	0.0	0.0	0.0	0.0	0.0	0.0	0.0	0.0	0.0	0.0	0.0	0.0	0.0	0.0	0.0	0.0	0.0	0.0	0.0	0.0	0.0	0.0	0.0	0.0	0.0	0.0	0.0	0.0	0.0	0.0	0.0	0.0	0.0	0.0	0.0	0.0	0.0	0.0	0.0	0.0	0.0	0.0	0.0	0.0	0.0	0.0	0.0	0.0	0.0	0.0	0.0	0.0	0.0	0.0	0.0	0.0	0.0	0.0	0.0	0.0	0.0	0.0	0.0	0.0	0.0	0.0	0.0	0.0	0.0	0.0	0.0	0.0	0.0	0.0	0.0	0.0	0.0	0.0	0.0	0.0	0.0	0.0	0.0	0.0	0.0	1.0	0.0	0.0	0.0	0.0	0.0	0.0	0.0	0.0	0.0	0.0	0.0	0.0	0.0	0.0	0.0	0.0	0.0	0.0	0.0	0.0	0.0	0.0	0.0	0.0	0.0	0.0	0.0	0.0	0.0	0.0	0.0	0.0	0.0	0.0	0.0	0.0	0.0	0.0	0.0	0.0	0.0	0.0	0.0	0.0	0.0	0.0	0.0	0.0	0.0	0.0	0.0	0.0	0.0	0.0	0.0	0.0	0.0	0.0	0.0	0.0	0.0	0.0	0.0	0.0	0.0	0.0	0.0	0.0	0.0	0.0	0.0	0.0	0.0	0.0	0.0	0.0	0.0	0.0	0.0	0.0	0.0	0.0	0.0	0.0	0.0	0.0	0.0	0.0	0.0	0.0	0.0	0.0	0.0	0.0	0.0	0.0	0.0	0.0	0.0	0.0	0.0	0.0	0.0	0.0	0.0	0.0	0.0	0.0	0.0	0.0	0.0	0.0	0.0	0.0	0.0	0.0	0.0	0.0	0.0	0.0	0.0	0.0	0.0	0.0	0.0	0.0	0.0	0.0	0.0	0.0	0.0	0.0	0.0	0.0	0.0	0.0	0.0	0.0	0.0	0.0	0.0	0.0	0.0	0.0	0.0	0.0	0.0	0.0	0.0	0.0	0.0	0.0	0.0	0.0	0.0	0.0	0.0	0.0	0.0	0.0	0.0	0.0	0.0	0.0	0.0	0.0	0.0	0.0	0.0	0.0	0.0	0.0	0.0	0.0	0.0	0.0	0.0	0.0	0.0	0.0	0.0	0.0	0.0	0.0	0.0	0.0	0.0	0.0	0.0	0.0	0.0	0.0	0.0	0.0	0.0	0.0	0.0	0.0	0.0	0.0	0.0	0.0	0.0	0.0	0.0	0.0	0.0	0.0	0.0	0.0	0.0	0.0	0.0	0.0	0.0	0.0	0.0	0.0	0.0	0.0	0.0	0.0	0.0	0.0	0.0	0.0	0.0	0.0	0.0	0.0	0.0	0.0	0.0	0.0	0.0	0.0	0.0	0.0	0.0	0.0	0.0	0.0	0.0	0.0	0.0	0.0	0.0	0.0	0.0	0.0	0.0	0.0	0.0	0.0	0.0	0.0	0.0	0.0	0.0	0.0	0.0	0.0	0.0	0.0	0.0	0.0	0.0	0.0	0.0	0.0	0.0	0.0	0.0	0.0	0.0	0.0	0.0	0.0	0.0	0.0	0.0	0.0	0.0	0.0	0.0	0.0	0.0	0.0	0.0	0.0	0.0	0.0	0.0	0.0	0.0	0.0	0.0	0.0	0.0	0.0	0.0	0.0	0.0	0.0	0.0	0.0	0.0	0.0	0.0	0.0	0.0	0.0	0.0	0.0	0.0	0.0	0.0	0.0	0.0	0.0	0.0	0.0	0.0	0.0	0.0	0.0	0.0	0.0	0.0	0.0	0.0	0.0	0.0	0.0	0.0	0.0	0.0	0.0	0.0	0.0	0.0	0.0
June	1	24.0	3.0	0.0	1.0	0.0	5.0	6.0	4.0	0.0	9.0	0.0	0.0	1.0	0.0	12.0	0.0	35.0	1.0	0.0	13.0	0.0	0.0	0.0	0.0	0.0	0.0	0.0	522.0	0.0	0.0	0.0	122.0	0.0	0.0	0.0	1.0	1.0	41.0	0.0	313.0	0.0	1.0	11.0	0.0	22.0	0.0	10.0	0.0	0.0	2.0	0.0	0.0	29.0	5.0	4.0	0.0	0.0	0.0	0.0	0.0	0.0	0.0	8.0	0.0	44.0	0.0	0.0	0.0	0.0	5.0	0.0	0.0	0.0	0.0	0.0	32081.0	0.0	0.0	0.0	0.0	0.0	0.0	0.0	1.0	0.0	0.0	0.0	0.0	16.0	30.0	0.0	9.0	40.0	0.0	0.0	109.0	0.0	0.0	21.0	0.0	56.0	0.0	0.0	0.0	0.0	0.0	0.0	39.0	0.0	0.0	0.0	0.0	3.0	0.0	0.0	1.0	0.0	0.0	0.0	5.0	323.0	26.0	6.0	0.0	4.0	0.0	2.0	0.0	0.0	0.0	0.0	1.0	0.0	1.0	0.0	0.0	0.0	1.0	0.0	0.0	0.0	1.0	0.0	70.0	0.0	0.0	368.0	9.0	1.0	0.0	0.0	0.0	2.0	0.0	0.0	1.0	0.0	404.0	13.0	0.0	0.0	0.0	6.0	0.0	0.0	0.0	0.0	0.0	6.0	5.0	0.0	0.0	0.0	45.0	0.0	0.0	0.0	1569.0	0.0	0.0	0.0	0.0	0.0	0.0	0.0	5.0	45.0	0.0	5.0	20.0	19.0	8.0	0.0	0.0	0.0	0.0	52.0	1.0	5.0	0.0	0.0	2.0	1.0	2.0	2.0	6.0	19.0	2.0	93.0	5.0	7.0	0.0	0.0	0.0	50.0	0.0	0.0	4.0	0.0	3.0	0.0	2.0	0.0	0.0	0.0	0.0	0.0	0.0	0.0	3.0	0.0	0.0	2.0	0.0	0.0	0.0	1.0	0.0	38.0	14.0	0.0	0.0	31.0	0.0	1.0	22.0	2.0	0.0	12.0	0.0	1.0	1.0	10.0	0.0	0.0	0.0	0.0	0.0	0.0	0.0	0.0	0.0	0.0	0.0	0.0	6.0	0.0	0.0	0.0	0.0	0.0	0.0	0.0	1.0	26.0	3.0	1.0	0.0	1683.0	0.0	2.0	3134.0	0.0	0.0	0.0	7.0	9.0	9.0	10.0	0.0	0.0	2.0	0.0	180.0	0.0	0.0	0.0	0.0	0.0	7372.0	0.0	0.0	0.0	0.0	0.0	6.0	0.0	0.0	0.0	106.0	13.0	1.0	5.0	0.0	0.0	50.0	0.0	0.0	1.0	14.0	1.0	10.0	245.0	1.0	0.0	3.0	0.0	0.0	0.0	0.0	1.0	0.0	0.0	7.0	2.0	22.0	0.0	0.0	0.0	0.0	0.0	0.0	1.0	97.0	0.0	0.0	7.0	2.0	7.0	1.0	3.0	9.0	1.0	0.0	4.0	5.0	0.0	12.0	7.0	27.0	0.0	24.0	187.0	0.0	20.0	0.0	0.0	16.0	152.0	113.0	54.0	2436.0	0.0	556.0	3.0	0.0	5.0	0.0	3.0	10.0	0.0	0.0	5.0	0.0	0.0	63.0	0.0	0.0	0.0	1.0	0.0	0.0	1.0	1.0	198.0	0.0	4.0	0.0	14.0	0.0	0.0	0.0	0.0	0.0	0.0	0.0	8.0	0.0	24.0	0.0	0.0	0.0	0.0	0.0	1.0	3.0	14.0	3.0	8.0	0.0	1628.0	6.0	16587.0	22.0	685.0	0.0	10.0	0.0	73.0	11.0	7.0	0.0	2.0	3.0	67.0	0.0	0.0	0.0	3.0	4.0	0.0	0.0	0.0	6.0	0.0	0.0	15.0	0.0	4.0	0.0	1.0	0.0	0.0	0.0	0.0	0.0	0.0	0.0	0.0	0.0	0.0	0.0	0.0	0.0	21.0	135.0	0.0	0.0	0.0	0.0	0.0	59.0	0.0	0.0	16.0	0.0	0.0	0.0	0.0	0.0	0.0	0.0	1.0	0.0	1.0	3.0	40.0	207.0	1.0	0.0	0.0	1.0	2.0	0.0	10.0	1.0	0.0	0.0	43.0	0.0
June	N	0.0	0.0	0.0	0.0	0.0	0.0	0.0	0.0	0.0	0.0	0.0	0.0	0.0	0.0	0.0	0.0	0.0	0.0	0.0	0.0	0.0	0.0	0.0	0.0	0.0	0.0	0.0	0.0	0.0	0.0	0.0	0.0	0.0	0.0	0.0	0.0	0.0	0.0	0.0	0.0	0.0	0.0	0.0	0.0	0.0	0.0	0.0	0.0	0.0	0.0	0.0	0.0	0.0	0.0	0.0	0.0	0.0	0.0	0.0	0.0	0.0	0.0	0.0	0.0	0.0	0.0	0.0	0.0	0.0	0.0	0.0	0.0	0.0	0.0	0.0	5.0	0.0	0.0	0.0	0.0	0.0	0.0	0.0	0.0	0.0	0.0	0.0	0.0	0.0	0.0	0.0	0.0	0.0	0.0	0.0	0.0	0.0	0.0	0.0	0.0	0.0	0.0	0.0	0.0	0.0	0.0	0.0	0.0	0.0	0.0	0.0	0.0	0.0	0.0	0.0	0.0	0.0	0.0	0.0	0.0	0.0	0.0	0.0	0.0	0.0	0.0	0.0	0.0	0.0	0.0	0.0	0.0	0.0	0.0	0.0	0.0	0.0	0.0	0.0	0.0	0.0	0.0	0.0	0.0	0.0	0.0	0.0	0.0	0.0	0.0	0.0	0.0	0.0	0.0	0.0	0.0	0.0	2.0	0.0	0.0	0.0	0.0	0.0	0.0	0.0	0.0	0.0	0.0	0.0	0.0	0.0	0.0	0.0	0.0	0.0	0.0	0.0	0.0	0.0	0.0	0.0	0.0	0.0	0.0	0.0	0.0	0.0	0.0	0.0	0.0	0.0	0.0	0.0	0.0	0.0	0.0	0.0	0.0	0.0	0.0	0.0	0.0	0.0	0.0	0.0	0.0	0.0	0.0	0.0	0.0	0.0	0.0	0.0	0.0	0.0	0.0	0.0	0.0	0.0	0.0	0.0	0.0	0.0	0.0	0.0	0.0	0.0	0.0	0.0	0.0	0.0	0.0	0.0	0.0	0.0	0.0	0.0	0.0	0.0	0.0	0.0	0.0	0.0	0.0	0.0	0.0	0.0	0.0	0.0	0.0	0.0	0.0	0.0	0.0	0.0	0.0	0.0	0.0	0.0	0.0	0.0	0.0	0.0	0.0	0.0	0.0	0.0	0.0	0.0	0.0	0.0	0.0	0.0	0.0	0.0	0.0	0.0	0.0	0.0	0.0	0.0	0.0	0.0	0.0	0.0	0.0	0.0	0.0	0.0	0.0	0.0	0.0	0.0	0.0	0.0	0.0	0.0	0.0	0.0	4.0	0.0	0.0	0.0	0.0	0.0	0.0	0.0	0.0	0.0	0.0	0.0	0.0	0.0	0.0	0.0	0.0	0.0	0.0	0.0	0.0	0.0	0.0	0.0	0.0	0.0	0.0	0.0	0.0	0.0	0.0	0.0	0.0	0.0	0.0	0.0	0.0	0.0	0.0	0.0	0.0	0.0	0.0	0.0	0.0	0.0	0.0	0.0	0.0	0.0	0.0	0.0	0.0	0.0	0.0	0.0	0.0	0.0	0.0	0.0	0.0	0.0	0.0	0.0	0.0	0.0	0.0	0.0	0.0	0.0	0.0	0.0	0.0	0.0	0.0	0.0	0.0	0.0	0.0	0.0	0.0	0.0	0.0	0.0	0.0	0.0	0.0	0.0	0.0	0.0	0.0	0.0	0.0	0.0	0.0	0.0	0.0	0.0	0.0	0.0	0.0	0.0	0.0	0.0	0.0	0.0	0.0	0.0	0.0	0.0	0.0	0.0	0.0	0.0	0.0	0.0	0.0	0.0	0.0	0.0	0.0	0.0	0.0	4.0	0.0	0.0	0.0	0.0	0.0	0.0	0.0	0.0	0.0	0.0	0.0	0.0	0.0	0.0	0.0	0.0	0.0	0.0	0.0	0.0	0.0	0.0	0.0	0.0	0.0	0.0	0.0	0.0	0.0	0.0	0.0	0.0	0.0	0.0	0.0	0.0	0.0	0.0	0.0	0.0	0.0	0.0	0.0	0.0	0.0	0.0	0.0	0.0	0.0	0.0	0.0	0.0	0.0	0.0	0.0	0.0	0.0	0.0	0.0	0.0	0.0	0.0	0.0	0.0	0.0	0.0	0.0	0.0	0.0	0.0	0.0	0.0	0.0	0.0	0.0	0.0	0.0
August	9.1	93.0	1.0	0.0	2.0	0.0	233.0	51.0	1.0	7.0	134.0	0.0	3.0	0.0	0.0	21.0	0.0	118.0	18.0	14.0	2.0	0.0	0.0	0.0	0.0	0.0	4.0	1.0	259.0	0.0	0.0	0.0	38.0	0.0	0.0	1.0	1.0	2.0	45.0	3.0	30976.0	0.0	0.0	4221.0	0.0	19.0	34.0	5.0	0.0	0.0	1.0	16.0	0.0	73.0	8.0	31.0	1.0	0.0	0.0	46.0	7.0	0.0	1.0	71.0	0.0	268.0	0.0	0.0	0.0	4.0	22.0	0.0	0.0	0.0	0.0	0.0	34645.0	0.0	0.0	0.0	0.0	0.0	9.0	0.0	19.0	0.0	0.0	5.0	0.0	42.0	184.0	1.0	41.0	40.0	42.0	1.0	3490.0	0.0	0.0	35.0	0.0	26.0	7.0	0.0	0.0	72.0	0.0	0.0	260.0	0.0	0.0	0.0	1.0	4.0	1.0	0.0	26.0	1.0	3.0	0.0	40.0	1280.0	476.0	502.0	0.0	652.0	545.0	8.0	0.0	0.0	1.0	6.0	0.0	3.0	0.0	0.0	0.0	16.0	5.0	1.0	0.0	0.0	2.0	2.0	163.0	0.0	0.0	319.0	2.0	1.0	0.0	0.0	0.0	0.0	3.0	0.0	3.0	0.0	316.0	22.0	0.0	0.0	6.0	5.0	0.0	0.0	1.0	1.0	5.0	30.0	28.0	0.0	0.0	0.0	79.0	0.0	0.0	0.0	1904.0	0.0	0.0	0.0	6.0	0.0	2.0	0.0	2.0	34.0	0.0	29.0	32.0	648.0	8.0	2.0	0.0	4.0	0.0	71.0	2.0	9.0	0.0	0.0	0.0	1.0	5.0	62.0	7.0	15.0	0.0	196.0	1.0	9.0	0.0	0.0	0.0	776.0	0.0	3.0	17.0	0.0	4.0	0.0	11.0	4.0	0.0	0.0	4.0	1.0	0.0	0.0	2.0	0.0	2.0	7.0	1.0	1.0	1.0	22.0	14.0	139.0	15.0	0.0	0.0	136.0	11.0	28.0	26.0	5.0	20.0	33.0	0.0	6.0	0.0	18.0	0.0	0.0	1.0	0.0	0.0	1.0	0.0	0.0	0.0	1.0	8.0	2.0	27.0	0.0	6.0	11.0	0.0	0.0	0.0	0.0	9.0	34.0	0.0	3.0	0.0	1262.0	0.0	35.0	3555.0	0.0	0.0	1.0	2.0	66.0	26.0	36.0	19.0	9.0	59.0	0.0	43.0	0.0	0.0	6.0	0.0	0.0	53984.0	0.0	189.0	0.0	3.0	0.0	99.0	0.0	0.0	0.0	95.0	38.0	3.0	10.0	0.0	0.0	0.0	0.0	0.0	1.0	9.0	0.0	23.0	81.0	0.0	0.0	1.0	0.0	1.0	0.0	2.0	1.0	0.0	0.0	12.0	17.0	177.0	1.0	0.0	0.0	0.0	1.0	0.0	2.0	618.0	0.0	0.0	18.0	16.0	1.0	12.0	3.0	16.0	3.0	0.0	1.0	42.0	0.0	41.0	27.0	0.0	0.0	42.0	18.0	0.0	22.0	0.0	0.0	133.0	195.0	2311.0	180.0	7215.0	0.0	970.0	0.0	0.0	87.0	11.0	99.0	135.0	3.0	0.0	5.0	1.0	0.0	328.0	1.0	1.0	0.0	10.0	0.0	0.0	0.0	1.0	136.0	0.0	0.0	0.0	135.0	0.0	0.0	0.0	1.0	0.0	3.0	1.0	5.0	0.0	130.0	0.0	0.0	0.0	0.0	0.0	29.0	6.0	18.0	8.0	116.0	0.0	13541.0	11.0	68444.0	24.0	9791.0	0.0	20.0	1.0	125.0	21.0	0.0	0.0	0.0	1.0	597.0	1.0	0.0	8.0	2.0	9.0	4.0	1.0	0.0	9.0	0.0	0.0	28.0	1.0	6.0	0.0	0.0	0.0	0.0	0.0	0.0	0.0	0.0	2.0	0.0	0.0	0.0	0.0	0.0	0.0	9.0	649.0	1.0	1.0	2.0	5.0	0.0	46.0	0.0	0.0	45.0	16.0	3.0	1.0	82.0	0.0	0.0	0.0	6.0	28.0	4.0	2.0	282.0	493.0	13.0	0.0	1.0	0.0	5.0	0.0	64.0	1.0	0.0	0.0	503.0	5.0
August	9.2	9.0	1.0	0.0	0.0	0.0	34.0	3.0	0.0	0.0	6.0	0.0	0.0	0.0	1.0	13.0	0.0	18.0	0.0	0.0	0.0	0.0	0.0	0.0	0.0	0.0	2.0	0.0	42.0	0.0	1.0	0.0	14.0	0.0	0.0	0.0	0.0	0.0	11.0	0.0	6204.0	0.0	1.0	419.0	0.0	3.0	4.0	1.0	0.0	0.0	0.0	1.0	0.0	15.0	4.0	9.0	0.0	0.0	0.0	4.0	2.0	0.0	1.0	10.0	0.0	47.0	0.0	0.0	0.0	0.0	5.0	0.0	0.0	0.0	0.0	0.0	8432.0	0.0	0.0	0.0	0.0	0.0	0.0	0.0	0.0	0.0	0.0	0.0	0.0	5.0	30.0	0.0	1.0	5.0	4.0	1.0	440.0	0.0	0.0	1.0	0.0	3.0	0.0	0.0	0.0	7.0	0.0	0.0	69.0	0.0	0.0	0.0	0.0	0.0	0.0	0.0	7.0	0.0	0.0	0.0	12.0	183.0	34.0	75.0	1.0	114.0	114.0	2.0	0.0	0.0	0.0	0.0	0.0	0.0	0.0	0.0	0.0	1.0	0.0	0.0	0.0	0.0	0.0	0.0	17.0	0.0	0.0	43.0	1.0	0.0	0.0	0.0	0.0	0.0	0.0	0.0	0.0	0.0	54.0	8.0	0.0	0.0	0.0	2.0	0.0	0.0	0.0	0.0	0.0	10.0	6.0	0.0	0.0	0.0	9.0	0.0	0.0	0.0	445.0	0.0	0.0	0.0	0.0	0.0	0.0	0.0	1.0	1.0	0.0	6.0	7.0	138.0	1.0	0.0	0.0	0.0	1.0	8.0	3.0	0.0	0.0	0.0	0.0	0.0	2.0	10.0	1.0	6.0	2.0	31.0	0.0	0.0	0.0	0.0	0.0	116.0	0.0	0.0	1.0	0.0	0.0	1.0	1.0	0.0	0.0	0.0	0.0	0.0	2.0	0.0	0.0	0.0	0.0	0.0	1.0	0.0	0.0	0.0	0.0	16.0	2.0	0.0	0.0	27.0	1.0	2.0	3.0	0.0	0.0	3.0	0.0	2.0	0.0	3.0	0.0	0.0	0.0	0.0	0.0	0.0	0.0	0.0	0.0	0.0	0.0	0.0	1.0	0.0	1.0	1.0	0.0	0.0	0.0	0.0	0.0	6.0	0.0	1.0	0.0	234.0	0.0	3.0	410.0	0.0	0.0	0.0	0.0	15.0	2.0	7.0	2.0	2.0	11.0	0.0	12.0	0.0	0.0	0.0	0.0	0.0	6103.0	0.0	33.0	0.0	0.0	0.0	35.0	0.0	0.0	0.0	14.0	4.0	0.0	1.0	0.0	0.0	0.0	0.0	0.0	0.0	7.0	0.0	1.0	11.0	0.0	0.0	0.0	0.0	0.0	0.0	0.0	0.0	0.0	0.0	0.0	3.0	16.0	0.0	0.0	0.0	0.0	0.0	0.0	0.0	97.0	0.0	0.0	19.0	0.0	4.0	2.0	1.0	2.0	0.0	1.0	0.0	1.0	0.0	2.0	3.0	0.0	0.0	7.0	4.0	0.0	2.0	0.0	0.0	12.0	35.0	322.0	46.0	1036.0	0.0	262.0	0.0	1.0	10.0	0.0	18.0	11.0	1.0	0.0	0.0	0.0	0.0	41.0	0.0	0.0	0.0	1.0	0.0	0.0	0.0	0.0	32.0	0.0	0.0	0.0	9.0	0.0	0.0	0.0	0.0	0.0	1.0	0.0	0.0	0.0	15.0	0.0	0.0	0.0	0.0	0.0	1.0	0.0	0.0	0.0	22.0	0.0	1646.0	2.0	7842.0	5.0	1450.0	0.0	8.0	0.0	14.0	2.0	0.0	0.0	0.0	1.0	55.0	1.0	0.0	0.0	2.0	0.0	0.0	0.0	0.0	0.0	0.0	0.0	4.0	0.0	0.0	0.0	0.0	0.0	0.0	0.0	0.0	0.0	0.0	0.0	0.0	0.0	0.0	0.0	0.0	0.0	1.0	59.0	0.0	0.0	0.0	1.0	0.0	10.0	0.0	0.0	7.0	1.0	0.0	0.0	8.0	0.0	0.0	0.0	6.0	4.0	0.0	0.0	28.0	80.0	0.0	0.0	0.0	0.0	0.0	0.0	11.0	0.0	0.0	0.0	64.0	1.0
August	8	0.0	0.0	0.0	0.0	0.0	0.0	0.0	0.0	0.0	0.0	0.0	0.0	0.0	1.0	0.0	0.0	1.0	0.0	0.0	0.0	0.0	0.0	0.0	0.0	0.0	0.0	0.0	0.0	0.0	0.0	0.0	0.0	0.0	0.0	0.0	0.0	0.0	0.0	0.0	8.0	0.0	0.0	2.0	0.0	0.0	0.0	0.0	0.0	0.0	0.0	0.0	0.0	8.0	0.0	0.0	0.0	0.0	0.0	0.0	0.0	0.0	0.0	0.0	0.0	1.0	0.0	0.0	0.0	0.0	0.0	0.0	0.0	0.0	0.0	0.0	26.0	0.0	0.0	0.0	0.0	0.0	0.0	0.0	0.0	0.0	0.0	0.0	0.0	0.0	0.0	0.0	1.0	1.0	0.0	0.0	1.0	0.0	0.0	0.0	0.0	0.0	0.0	0.0	0.0	0.0	0.0	0.0	0.0	0.0	0.0	0.0	0.0	0.0	0.0	0.0	0.0	0.0	0.0	0.0	0.0	0.0	0.0	0.0	0.0	1.0	2.0	0.0	0.0	0.0	0.0	0.0	0.0	0.0	0.0	0.0	0.0	0.0	0.0	0.0	0.0	0.0	0.0	0.0	0.0	0.0	0.0	0.0	0.0	0.0	0.0	0.0	0.0	0.0	0.0	0.0	0.0	0.0	6.0	1.0	0.0	0.0	0.0	0.0	0.0	0.0	0.0	0.0	0.0	0.0	0.0	0.0	0.0	0.0	0.0	0.0	0.0	0.0	3.0	0.0	0.0	0.0	1.0	0.0	0.0	0.0	0.0	0.0	0.0	0.0	0.0	0.0	0.0	0.0	0.0	0.0	0.0	1.0	0.0	0.0	0.0	0.0	0.0	0.0	0.0	0.0	0.0	0.0	0.0	0.0	0.0	0.0	0.0	0.0	0.0	0.0	0.0	0.0	0.0	0.0	0.0	0.0	0.0	0.0	0.0	0.0	0.0	0.0	0.0	0.0	0.0	0.0	0.0	0.0	0.0	0.0	0.0	0.0	0.0	0.0	1.0	0.0	0.0	0.0	0.0	0.0	0.0	0.0	0.0	0.0	0.0	0.0	0.0	2.0	0.0	0.0	0.0	0.0	0.0	0.0	0.0	0.0	0.0	0.0	0.0	0.0	0.0	0.0	0.0	0.0	0.0	0.0	0.0	0.0	0.0	0.0	0.0	0.0	0.0	0.0	0.0	0.0	1.0	0.0	0.0	0.0	0.0	0.0	1.0	1.0	0.0	0.0	0.0	0.0	0.0	0.0	0.0	0.0	0.0	0.0	37.0	0.0	0.0	0.0	0.0	0.0	0.0	0.0	0.0	0.0	0.0	0.0	0.0	0.0	0.0	0.0	0.0	0.0	0.0	0.0	0.0	0.0	0.0	1.0	0.0	0.0	0.0	0.0	0.0	0.0	0.0	0.0	0.0	0.0	0.0	0.0	0.0	0.0	0.0	0.0	0.0	0.0	0.0	0.0	0.0	0.0	0.0	0.0	0.0	0.0	0.0	0.0	0.0	0.0	0.0	0.0	0.0	0.0	0.0	0.0	0.0	0.0	0.0	1.0	0.0	0.0	0.0	0.0	0.0	1.0	0.0	0.0	4.0	0.0	1.0	0.0	0.0	0.0	0.0	1.0	0.0	0.0	0.0	0.0	0.0	0.0	0.0	0.0	0.0	0.0	0.0	0.0	0.0	0.0	0.0	0.0	0.0	0.0	0.0	0.0	0.0	0.0	0.0	0.0	0.0	0.0	0.0	0.0	0.0	0.0	0.0	0.0	0.0	0.0	0.0	0.0	0.0	0.0	0.0	0.0	0.0	1.0	0.0	15.0	0.0	5.0	0.0	5.0	0.0	0.0	0.0	0.0	0.0	0.0	0.0	0.0	0.0	0.0	0.0	0.0	0.0	0.0	0.0	0.0	0.0	0.0	0.0	0.0	0.0	0.0	0.0	0.0	0.0	0.0	0.0	0.0	0.0	0.0	0.0	0.0	0.0	0.0	0.0	0.0	0.0	0.0	2.0	0.0	0.0	0.0	0.0	0.0	0.0	0.0	0.0	0.0	0.0	0.0	0.0	0.0	0.0	0.0	0.0	0.0	0.0	0.0	0.0	0.0	2.0	0.0	0.0	0.0	0.0	0.0	0.0	0.0	0.0	0.0	0.0	0.0	0.0
August	7	0.0	0.0	0.0	0.0	0.0	0.0	0.0	0.0	0.0	0.0	0.0	0.0	0.0	0.0	0.0	0.0	0.0	0.0	0.0	0.0	0.0	0.0	0.0	0.0	0.0	0.0	0.0	1.0	0.0	0.0	0.0	0.0	0.0	0.0	0.0	0.0	0.0	0.0	0.0	3.0	0.0	0.0	4.0	0.0	0.0	0.0	1.0	0.0	0.0	0.0	0.0	0.0	2.0	0.0	0.0	0.0	0.0	0.0	0.0	0.0	0.0	0.0	1.0	0.0	0.0	0.0	0.0	0.0	0.0	0.0	0.0	0.0	0.0	0.0	0.0	57.0	0.0	0.0	0.0	0.0	0.0	0.0	0.0	0.0	0.0	0.0	0.0	0.0	0.0	0.0	0.0	0.0	0.0	1.0	0.0	1.0	0.0	0.0	0.0	0.0	0.0	0.0	0.0	0.0	0.0	0.0	0.0	0.0	0.0	0.0	0.0	0.0	0.0	0.0	0.0	0.0	0.0	0.0	0.0	0.0	0.0	0.0	0.0	0.0	0.0	0.0	0.0	0.0	0.0	0.0	0.0	0.0	0.0	0.0	0.0	0.0	0.0	0.0	0.0	0.0	0.0	0.0	0.0	1.0	0.0	0.0	3.0	0.0	0.0	0.0	0.0	0.0	0.0	0.0	0.0	0.0	0.0	8.0	1.0	0.0	0.0	0.0	0.0	0.0	0.0	0.0	0.0	0.0	0.0	0.0	0.0	0.0	0.0	0.0	0.0	0.0	0.0	2.0	0.0	0.0	0.0	0.0	0.0	0.0	0.0	0.0	0.0	0.0	0.0	0.0	0.0	0.0	0.0	0.0	0.0	0.0	1.0	0.0	0.0	0.0	0.0	0.0	0.0	0.0	0.0	0.0	0.0	0.0	0.0	0.0	0.0	0.0	0.0	0.0	1.0	0.0	0.0	0.0	0.0	0.0	0.0	0.0	0.0	0.0	0.0	0.0	0.0	0.0	0.0	0.0	0.0	0.0	0.0	0.0	0.0	0.0	0.0	0.0	0.0	0.0	0.0	0.0	0.0	0.0	0.0	0.0	0.0	0.0	0.0	0.0	0.0	0.0	1.0	0.0	0.0	0.0	0.0	0.0	0.0	0.0	0.0	0.0	0.0	0.0	0.0	0.0	0.0	0.0	0.0	0.0	0.0	0.0	0.0	0.0	0.0	0.0	0.0	0.0	3.0	0.0	0.0	11.0	0.0	0.0	0.0	0.0	0.0	0.0	0.0	0.0	0.0	0.0	0.0	0.0	0.0	0.0	0.0	0.0	0.0	20.0	0.0	0.0	0.0	0.0	0.0	0.0	0.0	0.0	0.0	0.0	0.0	0.0	0.0	0.0	0.0	0.0	0.0	0.0	0.0	0.0	0.0	0.0	0.0	0.0	0.0	0.0	0.0	0.0	0.0	0.0	0.0	0.0	0.0	0.0	0.0	0.0	0.0	0.0	0.0	0.0	0.0	0.0	0.0	0.0	0.0	0.0	0.0	0.0	0.0	0.0	0.0	0.0	0.0	0.0	0.0	0.0	0.0	0.0	0.0	0.0	0.0	0.0	0.0	0.0	0.0	0.0	0.0	0.0	0.0	2.0	0.0	7.0	0.0	1.0	0.0	0.0	0.0	0.0	0.0	0.0	0.0	0.0	0.0	0.0	0.0	0.0	0.0	0.0	0.0	0.0	0.0	0.0	0.0	0.0	1.0	0.0	0.0	0.0	0.0	0.0	0.0	0.0	0.0	0.0	0.0	0.0	0.0	0.0	1.0	0.0	0.0	0.0	0.0	0.0	0.0	0.0	0.0	0.0	0.0	0.0	4.0	0.0	18.0	0.0	4.0	0.0	4.0	0.0	0.0	0.0	0.0	0.0	0.0	0.0	0.0	0.0	0.0	0.0	0.0	1.0	0.0	0.0	0.0	0.0	0.0	0.0	0.0	0.0	0.0	0.0	0.0	0.0	0.0	0.0	0.0	0.0	0.0	0.0	0.0	0.0	0.0	0.0	0.0	0.0	0.0	1.0	0.0	0.0	0.0	0.0	0.0	0.0	0.0	0.0	0.0	0.0	0.0	0.0	0.0	0.0	0.0	0.0	0.0	0.0	0.0	0.0	0.0	0.0	0.0	0.0	0.0	0.0	0.0	0.0	0.0	0.0	0.0	0.0	0.0	0.0
August	6	265.0	19.0	5.0	55.0	0.0	54.0	41.0	28.0	10.0	30.0	0.0	3.0	9.0	1.0	157.0	6.0	309.0	19.0	27.0	12.0	0.0	1.0	0.0	0.0	0.0	0.0	2.0	486.0	0.0	0.0	10.0	72.0	0.0	0.0	10.0	2.0	4.0	54.0	13.0	5894.0	3.0	9.0	8424.0	1.0	155.0	5.0	130.0	6.0	0.0	37.0	163.0	7.0	535.0	158.0	19.0	0.0	0.0	0.0	56.0	18.0	2.0	0.0	673.0	1.0	460.0	0.0	0.0	0.0	18.0	62.0	0.0	0.0	0.0	0.0	0.0	308551.0	1.0	0.0	0.0	0.0	0.0	1.0	1.0	15.0	2.0	7.0	34.0	0.0	171.0	408.0	0.0	19.0	267.0	97.0	1.0	6331.0	1.0	0.0	123.0	0.0	116.0	13.0	0.0	0.0	11.0	0.0	0.0	1200.0	0.0	1.0	0.0	1.0	3.0	0.0	0.0	18.0	1.0	0.0	1.0	82.0	1138.0	87.0	23.0	2.0	347.0	215.0	17.0	2.0	0.0	1.0	0.0	34.0	0.0	0.0	0.0	0.0	65.0	35.0	16.0	0.0	1.0	13.0	14.0	458.0	0.0	0.0	6268.0	31.0	7.0	2.0	2.0	0.0	1.0	3.0	0.0	3.0	0.0	754.0	99.0	0.0	0.0	12.0	11.0	1.0	7.0	0.0	0.0	61.0	87.0	52.0	2.0	2.0	1.0	336.0	0.0	5.0	0.0	3182.0	6.0	0.0	0.0	12.0	1.0	2.0	0.0	35.0	452.0	7.0	34.0	214.0	1453.0	128.0	1.0	0.0	4.0	1.0	656.0	26.0	7.0	0.0	1.0	22.0	4.0	22.0	56.0	36.0	130.0	2.0	531.0	10.0	25.0	0.0	12.0	0.0	339.0	1.0	29.0	25.0	1.0	74.0	1.0	3.0	0.0	1.0	0.0	0.0	0.0	9.0	0.0	15.0	0.0	6.0	0.0	0.0	0.0	0.0	0.0	2.0	559.0	70.0	9.0	1.0	347.0	19.0	32.0	25.0	5.0	36.0	72.0	1.0	1.0	1.0	61.0	0.0	1.0	3.0	4.0	1.0	3.0	11.0	0.0	0.0	0.0	10.0	0.0	48.0	0.0	13.0	16.0	0.0	0.0	0.0	1.0	0.0	242.0	21.0	11.0	0.0	13112.0	0.0	17.0	9526.0	0.0	3.0	4.0	3.0	72.0	79.0	34.0	1.0	27.0	129.0	0.0	125.0	0.0	0.0	0.0	15.0	3.0	116183.0	1.0	251.0	1.0	9.0	0.0	28.0	0.0	0.0	0.0	818.0	112.0	2.0	11.0	0.0	0.0	0.0	0.0	0.0	3.0	228.0	2.0	265.0	1394.0	1.0	0.0	36.0	0.0	4.0	0.0	9.0	7.0	0.0	0.0	143.0	13.0	770.0	0.0	1.0	0.0	0.0	4.0	2.0	47.0	1338.0	10.0	1.0	12.0	50.0	61.0	9.0	89.0	33.0	23.0	0.0	8.0	44.0	0.0	123.0	17.0	1.0	0.0	76.0	121.0	0.0	94.0	1.0	0.0	101.0	638.0	2562.0	420.0	12644.0	0.0	2780.0	2.0	4.0	178.0	7.0	162.0	88.0	18.0	0.0	22.0	6.0	0.0	715.0	4.0	2.0	0.0	28.0	0.0	0.0	0.0	0.0	1738.0	0.0	0.0	1.0	105.0	0.0	2.0	1.0	1.0	0.0	1.0	1.0	69.0	0.0	637.0	0.0	1.0	0.0	0.0	0.0	13.0	25.0	20.0	33.0	126.0	0.0	11775.0	37.0	75678.0	66.0	4265.0	0.0	71.0	2.0	341.0	35.0	7.0	0.0	1.0	63.0	359.0	28.0	0.0	8.0	2.0	231.0	34.0	3.0	21.0	17.0	0.0	0.0	189.0	7.0	2.0	2.0	0.0	3.0	0.0	0.0	1.0	0.0	1.0	55.0	0.0	0.0	0.0	0.0	0.0	0.0	10.0	2164.0	3.0	2.0	10.0	12.0	2.0	558.0	2.0	0.0	220.0	124.0	3.0	0.0	9.0	0.0	1.0	0.0	37.0	11.0	22.0	19.0	539.0	2809.0	36.0	0.0	1.0	10.0	38.0	1.0	71.0	3.0	0.0	0.0	601.0	0.0
August	5	223.0	7.0	0.0	76.0	2.0	49.0	24.0	43.0	0.0	36.0	0.0	1.0	4.0	4.0	120.0	0.0	151.0	10.0	20.0	13.0	0.0	7.0	1.0	0.0	0.0	8.0	0.0	299.0	1.0	0.0	4.0	156.0	0.0	3.0	1.0	0.0	0.0	92.0	16.0	7633.0	0.0	7.0	5087.0	2.0	255.0	5.0	111.0	15.0	0.0	48.0	137.0	4.0	699.0	172.0	45.0	0.0	0.0	0.0	37.0	22.0	0.0	1.0	336.0	0.0	269.0	0.0	0.0	1.0	14.0	45.0	0.0	0.0	0.0	0.0	0.0	256678.0	4.0	1.0	1.0	1.0	0.0	3.0	4.0	4.0	1.0	9.0	46.0	0.0	240.0	209.0	0.0	33.0	248.0	103.0	1.0	3514.0	0.0	0.0	144.0	5.0	138.0	64.0	1.0	0.0	6.0	0.0	0.0	939.0	4.0	0.0	0.0	0.0	10.0	0.0	0.0	13.0	1.0	0.0	0.0	76.0	1472.0	70.0	37.0	4.0	155.0	145.0	39.0	1.0	0.0	1.0	15.0	28.0	1.0	0.0	2.0	0.0	46.0	57.0	12.0	0.0	0.0	14.0	35.0	304.0	0.0	0.0	7072.0	19.0	10.0	0.0	2.0	0.0	0.0	8.0	0.0	9.0	0.0	505.0	76.0	0.0	0.0	15.0	45.0	1.0	3.0	0.0	0.0	12.0	130.0	73.0	3.0	5.0	0.0	559.0	0.0	0.0	1.0	3315.0	10.0	6.0	1.0	27.0	4.0	3.0	1.0	31.0	666.0	3.0	30.0	164.0	681.0	89.0	0.0	0.0	3.0	0.0	765.0	4.0	11.0	1.0	5.0	33.0	8.0	10.0	60.0	64.0	159.0	6.0	385.0	16.0	9.0	0.0	4.0	0.0	254.0	1.0	11.0	10.0	0.0	73.0	0.0	10.0	0.0	0.0	2.0	3.0	3.0	15.0	0.0	10.0	0.0	4.0	2.0	3.0	0.0	1.0	1.0	4.0	628.0	114.0	5.0	1.0	386.0	31.0	49.0	43.0	9.0	24.0	47.0	1.0	14.0	3.0	68.0	0.0	1.0	5.0	4.0	0.0	7.0	5.0	0.0	0.0	2.0	28.0	1.0	62.0	0.0	12.0	8.0	0.0	0.0	0.0	0.0	4.0	162.0	55.0	18.0	0.0	9948.0	0.0	27.0	8272.0	0.0	7.0	11.0	7.0	94.0	110.0	24.0	3.0	20.0	85.0	7.0	92.0	0.0	7.0	5.0	2.0	1.0	161034.0	0.0	1103.0	1.0	18.0	1.0	59.0	1.0	0.0	2.0	962.0	106.0	3.0	12.0	0.0	0.0	1.0	0.0	0.0	2.0	200.0	0.0	321.0	2105.0	2.0	0.0	26.0	0.0	4.0	7.0	2.0	7.0	1.0	0.0	234.0	46.0	337.0	0.0	0.0	3.0	1.0	3.0	0.0	85.0	1396.0	11.0	0.0	1.0	54.0	44.0	25.0	105.0	29.0	18.0	1.0	1.0	30.0	0.0	228.0	27.0	0.0	0.0	52.0	50.0	0.0	95.0	0.0	0.0	86.0	394.0	1595.0	353.0	7771.0	0.0	3327.0	0.0	14.0	175.0	13.0	55.0	66.0	9.0	0.0	19.0	3.0	0.0	741.0	10.0	3.0	1.0	17.0	1.0	0.0	0.0	0.0	1508.0	3.0	0.0	0.0	101.0	1.0	3.0	0.0	5.0	1.0	0.0	1.0	103.0	3.0	470.0	1.0	3.0	1.0	1.0	1.0	18.0	24.0	22.0	18.0	245.0	0.0	6422.0	39.0	76754.0	71.0	3430.0	0.0	61.0	0.0	222.0	85.0	17.0	0.0	1.0	139.0	361.0	23.0	0.0	3.0	3.0	204.0	33.0	3.0	17.0	10.0	2.0	1.0	196.0	5.0	15.0	1.0	17.0	1.0	0.0	0.0	0.0	0.0	1.0	42.0	1.0	0.0	0.0	0.0	0.0	0.0	15.0	2143.0	2.0	17.0	10.0	8.0	1.0	378.0	2.0	1.0	371.0	120.0	4.0	0.0	2.0	0.0	1.0	0.0	14.0	14.0	25.0	7.0	365.0	2133.0	24.0	0.0	2.0	17.0	15.0	0.0	49.0	15.0	1.0	1.0	557.0	3.0
August	4	268.0	5.0	1.0	28.0	0.0	128.0	97.0	31.0	0.0	71.0	0.0	3.0	4.0	13.0	69.0	1.0	438.0	22.0	39.0	28.0	0.0	0.0	5.0	0.0	0.0	0.0	2.0	1650.0	0.0	4.0	11.0	1092.0	0.0	17.0	5.0	29.0	0.0	129.0	13.0	2825.0	17.0	18.0	2757.0	0.0	1303.0	16.0	313.0	20.0	0.0	407.0	202.0	4.0	901.0	258.0	49.0	0.0	0.0	1.0	13.0	21.0	0.0	0.0	465.0	0.0	773.0	0.0	0.0	0.0	11.0	78.0	0.0	0.0	0.0	3.0	8.0	259540.0	0.0	0.0	0.0	0.0	0.0	7.0	9.0	19.0	1.0	7.0	38.0	0.0	42.0	936.0	0.0	479.0	1134.0	34.0	0.0	1807.0	0.0	0.0	201.0	31.0	595.0	56.0	0.0	1.0	15.0	0.0	0.0	1623.0	5.0	0.0	5.0	0.0	26.0	1.0	1.0	11.0	0.0	0.0	1.0	82.0	1089.0	55.0	101.0	28.0	222.0	173.0	183.0	91.0	0.0	27.0	1.0	10.0	0.0	0.0	0.0	0.0	43.0	79.0	28.0	0.0	0.0	67.0	40.0	1048.0	1.0	1.0	10676.0	66.0	4.0	0.0	6.0	0.0	14.0	131.0	0.0	0.0	0.0	3299.0	140.0	0.0	16.0	3.0	60.0	3.0	2.0	0.0	0.0	17.0	169.0	75.0	0.0	0.0	5.0	1353.0	1.0	0.0	6.0	3948.0	1.0	0.0	0.0	18.0	12.0	0.0	0.0	121.0	736.0	59.0	58.0	618.0	1176.0	135.0	1.0	0.0	6.0	4.0	2586.0	31.0	95.0	0.0	0.0	16.0	18.0	10.0	44.0	109.0	147.0	5.0	1381.0	12.0	60.0	0.0	0.0	0.0	428.0	0.0	7.0	27.0	2.0	247.0	0.0	18.0	12.0	0.0	0.0	0.0	1.0	3.0	0.0	71.0	0.0	2.0	0.0	0.0	2.0	0.0	0.0	44.0	448.0	56.0	19.0	6.0	946.0	17.0	13.0	141.0	2.0	39.0	18.0	29.0	0.0	0.0	25.0	0.0	0.0	0.0	8.0	15.0	0.0	4.0	0.0	0.0	2.0	75.0	3.0	390.0	0.0	2.0	3.0	0.0	0.0	0.0	0.0	10.0	529.0	77.0	17.0	0.0	10578.0	0.0	244.0	13523.0	0.0	4.0	0.0	23.0	234.0	758.0	110.0	8.0	17.0	111.0	0.0	618.0	1.0	26.0	4.0	0.0	0.0	54021.0	0.0	442.0	0.0	59.0	0.0	50.0	1.0	1.0	0.0	1663.0	504.0	4.0	27.0	0.0	0.0	14.0	2.0	0.0	0.0	373.0	8.0	265.0	3728.0	28.0	0.0	70.0	1.0	21.0	0.0	0.0	0.0	0.0	2.0	789.0	41.0	1156.0	0.0	0.0	2.0	1.0	2.0	5.0	135.0	2312.0	13.0	0.0	14.0	121.0	153.0	50.0	219.0	125.0	18.0	1.0	0.0	28.0	0.0	208.0	27.0	0.0	0.0	68.0	434.0	0.0	258.0	0.0	0.0	384.0	3061.0	4038.0	582.0	17800.0	0.0	4945.0	5.0	34.0	767.0	6.0	149.0	128.0	1.0	0.0	131.0	10.0	1.0	1096.0	1.0	0.0	0.0	5.0	0.0	2.0	0.0	0.0	2194.0	0.0	0.0	0.0	205.0	0.0	0.0	12.0	0.0	4.0	0.0	2.0	481.0	0.0	270.0	0.0	10.0	2.0	24.0	0.0	43.0	124.0	30.0	50.0	200.0	0.0	11062.0	56.0	74939.0	334.0	5100.0	2.0	20.0	2.0	441.0	48.0	7.0	0.0	7.0	224.0	1176.0	45.0	0.0	3.0	0.0	369.0	30.0	1.0	82.0	7.0	2.0	0.0	409.0	5.0	10.0	0.0	4.0	0.0	0.0	0.0	0.0	0.0	8.0	34.0	0.0	1.0	1.0	0.0	0.0	0.0	0.0	5873.0	0.0	103.0	40.0	1.0	0.0	665.0	24.0	1.0	309.0	80.0	0.0	0.0	5.0	0.0	0.0	0.0	32.0	18.0	24.0	11.0	1255.0	3709.0	60.0	0.0	3.0	14.0	103.0	0.0	7.0	14.0	0.0	0.0	1224.0	0.0
August	P	4.0	0.0	0.0	0.0	0.0	1.0	1.0	1.0	0.0	1.0	0.0	0.0	0.0	0.0	0.0	1.0	4.0	0.0	0.0	0.0	0.0	0.0	1.0	1.0	1.0	0.0	4.0	21.0	0.0	1.0	1.0	11.0	0.0	0.0	0.0	1.0	0.0	0.0	0.0	105.0	0.0	1.0	57.0	0.0	5.0	0.0	0.0	0.0	0.0	1.0	1.0	0.0	200184.0	1.0	0.0	0.0	0.0	0.0	0.0	0.0	0.0	0.0	5.0	1.0	5.0	0.0	0.0	0.0	0.0	1.0	0.0	0.0	0.0	0.0	0.0	1424.0	0.0	0.0	0.0	0.0	0.0	0.0	0.0	0.0	0.0	0.0	0.0	1.0	1118.0	6.0	0.0	1.0	5.0	3.0	0.0	33.0	0.0	0.0	4.0	0.0	1.0	0.0	0.0	0.0	0.0	0.0	0.0	20.0	0.0	0.0	0.0	0.0	0.0	0.0	0.0	0.0	0.0	0.0	0.0	1.0	27.0	1.0	4.0	1.0	1.0	4.0	0.0	0.0	0.0	1.0	0.0	0.0	0.0	0.0	0.0	0.0	0.0	2.0	0.0	0.0	0.0	0.0	0.0	7.0	0.0	0.0	77.0	1.0	0.0	0.0	0.0	0.0	1.0	0.0	0.0	0.0	0.0	1020761.0	78156.0	0.0	0.0	4.0	0.0	0.0	0.0	0.0	0.0	3.0	297.0	2.0	0.0	0.0	1.0	9.0	0.0	0.0	0.0	61.0	0.0	1.0	0.0	1.0	0.0	0.0	0.0	0.0	8.0	0.0	1.0	3.0	9.0	0.0	0.0	0.0	0.0	0.0	12.0	0.0	1.0	0.0	0.0	0.0	1.0	0.0	1.0	2.0	6.0	0.0	3.0	0.0	0.0	1.0	0.0	0.0	4.0	0.0	0.0	0.0	0.0	1.0	0.0	0.0	1.0	0.0	0.0	0.0	0.0	0.0	0.0	2.0	0.0	0.0	0.0	0.0	0.0	0.0	0.0	1.0	13.0	75950.0	0.0	0.0	7.0	1.0	0.0	0.0	0.0	0.0	0.0	0.0	0.0	0.0	120574.0	0.0	0.0	0.0	0.0	0.0	0.0	0.0	0.0	0.0	0.0	0.0	0.0	1.0	1.0	0.0	0.0	0.0	0.0	0.0	0.0	0.0	3.0	0.0	1.0	0.0	107.0	0.0	1.0	179.0	0.0	0.0	0.0	0.0	0.0	3.0	1.0	0.0	0.0	0.0	0.0	22.0	0.0	0.0	0.0	0.0	0.0	429.0	0.0	3.0	0.0	0.0	0.0	1.0	0.0	0.0	0.0	11.0	1.0	0.0	1.0	0.0	0.0	0.0	0.0	0.0	0.0	3.0	0.0	7.0	22.0	1.0	0.0	0.0	0.0	0.0	0.0	0.0	0.0	0.0	0.0	8.0	0.0	8.0	0.0	0.0	0.0	0.0	13.0	0.0	2.0	20.0	0.0	0.0	0.0	0.0	0.0	0.0	22.0	0.0	0.0	0.0	0.0	0.0	0.0	2.0	2.0	0.0	1.0	2.0	11630.0	0.0	0.0	0.0	0.0	2.0	9.0	20.0	7.0	269.0	0.0	38.0	0.0	0.0	4.0	2.0	3.0	2.0	0.0	0.0	0.0	0.0	0.0	14.0	0.0	0.0	0.0	0.0	0.0	0.0	0.0	0.0	15.0	0.0	0.0	0.0	2.0	0.0	0.0	0.0	0.0	0.0	0.0	0.0	3.0	0.0	3.0	0.0	0.0	0.0	7.0	0.0	0.0	2.0	0.0	0.0	4.0	0.0	111.0	2.0	617.0	5.0	74.0	0.0	157581.0	0.0	5.0	7.0	0.0	0.0	0.0	3.0	5.0	0.0	0.0	0.0	1.0	1.0	0.0	0.0	0.0	1.0	0.0	0.0	2.0	0.0	0.0	0.0	0.0	0.0	0.0	0.0	0.0	1.0	1.0	0.0	0.0	0.0	0.0	0.0	0.0	0.0	0.0	27.0	0.0	1.0	0.0	0.0	0.0	6.0	0.0	0.0	6.0	0.0	0.0	107.0	0.0	0.0	0.0	0.0	0.0	0.0	0.0	0.0	7.0	36.0	0.0	0.0	0.0	0.0	1.0	0.0	2.0	0.0	0.0	0.0	13.0	0.0
August	3	0.0	0.0	0.0	0.0	0.0	0.0	0.0	0.0	0.0	0.0	0.0	0.0	0.0	0.0	0.0	0.0	0.0	0.0	0.0	0.0	0.0	0.0	0.0	0.0	0.0	0.0	0.0	0.0	0.0	0.0	0.0	0.0	0.0	0.0	0.0	0.0	0.0	0.0	0.0	5.0	0.0	0.0	2.0	0.0	0.0	0.0	0.0	0.0	0.0	0.0	0.0	0.0	0.0	0.0	0.0	0.0	0.0	0.0	0.0	0.0	0.0	0.0	0.0	0.0	0.0	0.0	0.0	0.0	0.0	0.0	0.0	0.0	0.0	0.0	0.0	34.0	0.0	0.0	0.0	0.0	0.0	0.0	0.0	0.0	0.0	0.0	0.0	0.0	0.0	0.0	0.0	0.0	0.0	0.0	0.0	0.0	0.0	0.0	0.0	0.0	0.0	0.0	0.0	0.0	0.0	0.0	0.0	0.0	0.0	0.0	0.0	0.0	0.0	0.0	0.0	0.0	0.0	0.0	0.0	0.0	2.0	0.0	0.0	0.0	0.0	0.0	0.0	0.0	0.0	0.0	0.0	0.0	0.0	0.0	0.0	0.0	0.0	0.0	0.0	0.0	0.0	0.0	0.0	0.0	0.0	0.0	0.0	0.0	0.0	0.0	0.0	0.0	0.0	0.0	0.0	0.0	0.0	58.0	1.0	0.0	0.0	0.0	0.0	0.0	0.0	0.0	0.0	0.0	0.0	0.0	0.0	0.0	0.0	0.0	0.0	0.0	0.0	12.0	0.0	0.0	0.0	1.0	0.0	0.0	0.0	0.0	0.0	0.0	0.0	0.0	0.0	0.0	0.0	0.0	0.0	0.0	0.0	0.0	0.0	0.0	0.0	0.0	0.0	0.0	0.0	0.0	0.0	0.0	0.0	0.0	0.0	0.0	0.0	0.0	1.0	0.0	0.0	0.0	0.0	0.0	0.0	0.0	0.0	0.0	0.0	0.0	0.0	0.0	0.0	0.0	0.0	0.0	0.0	0.0	0.0	0.0	0.0	0.0	0.0	1.0	0.0	0.0	1.0	0.0	0.0	0.0	0.0	0.0	0.0	0.0	0.0	0.0	1.0	0.0	0.0	0.0	0.0	0.0	0.0	0.0	0.0	0.0	0.0	0.0	0.0	0.0	0.0	0.0	0.0	0.0	0.0	0.0	0.0	0.0	0.0	0.0	0.0	0.0	1.0	0.0	0.0	4.0	0.0	0.0	0.0	0.0	0.0	0.0	0.0	0.0	0.0	1.0	0.0	0.0	0.0	0.0	0.0	0.0	0.0	10.0	0.0	0.0	0.0	0.0	0.0	0.0	0.0	0.0	0.0	0.0	0.0	0.0	0.0	0.0	0.0	0.0	0.0	0.0	0.0	0.0	0.0	0.0	0.0	0.0	0.0	0.0	0.0	0.0	0.0	0.0	0.0	0.0	0.0	0.0	0.0	0.0	0.0	0.0	0.0	0.0	0.0	0.0	0.0	0.0	0.0	0.0	0.0	0.0	0.0	0.0	0.0	0.0	0.0	0.0	0.0	0.0	0.0	0.0	0.0	0.0	0.0	0.0	0.0	0.0	0.0	0.0	0.0	0.0	0.0	0.0	0.0	3.0	0.0	1.0	0.0	0.0	0.0	0.0	0.0	0.0	0.0	0.0	0.0	0.0	0.0	0.0	0.0	0.0	0.0	0.0	0.0	0.0	0.0	0.0	0.0	0.0	0.0	0.0	0.0	0.0	0.0	0.0	0.0	0.0	0.0	0.0	0.0	0.0	0.0	0.0	0.0	0.0	0.0	0.0	0.0	0.0	0.0	0.0	0.0	0.0	3.0	0.0	9.0	0.0	4.0	0.0	1.0	0.0	0.0	0.0	0.0	0.0	0.0	0.0	0.0	0.0	0.0	0.0	0.0	0.0	0.0	0.0	0.0	0.0	0.0	0.0	0.0	0.0	0.0	0.0	0.0	0.0	0.0	0.0	0.0	0.0	0.0	0.0	0.0	0.0	0.0	0.0	0.0	0.0	0.0	1.0	0.0	0.0	0.0	0.0	0.0	0.0	0.0	0.0	0.0	1.0	0.0	0.0	0.0	0.0	0.0	0.0	0.0	0.0	0.0	0.0	1.0	0.0	0.0	0.0	0.0	0.0	0.0	0.0	1.0	0.0	0.0	0.0	0.0	0.0
August	2	19.0	0.0	0.0	2.0	0.0	49.0	22.0	9.0	0.0	26.0	0.0	6.0	0.0	0.0	23.0	1.0	33.0	19.0	8.0	0.0	0.0	0.0	0.0	0.0	0.0	1.0	0.0	211.0	0.0	0.0	1.0	40.0	0.0	0.0	0.0	0.0	0.0	42.0	0.0	587.0	1.0	0.0	26.0	0.0	153.0	5.0	45.0	0.0	0.0	14.0	8.0	0.0	76.0	10.0	11.0	0.0	0.0	0.0	62.0	1.0	0.0	0.0	15.0	3.0	170.0	0.0	0.0	0.0	4.0	14.0	0.0	0.0	1.0	0.0	0.0	39287.0	0.0	0.0	0.0	0.0	0.0	0.0	0.0	2.0	0.0	0.0	0.0	0.0	20.0	164.0	0.0	13.0	93.0	11.0	1.0	409.0	0.0	0.0	24.0	5.0	80.0	0.0	0.0	0.0	0.0	0.0	0.0	314.0	0.0	0.0	0.0	0.0	1.0	0.0	0.0	0.0	0.0	0.0	0.0	10.0	1216.0	2.0	24.0	0.0	0.0	13.0	9.0	6.0	0.0	0.0	0.0	4.0	0.0	0.0	0.0	0.0	3.0	5.0	1.0	0.0	0.0	0.0	2.0	226.0	0.0	1.0	507.0	31.0	5.0	0.0	0.0	0.0	0.0	2.0	0.0	0.0	0.0	243.0	5.0	0.0	0.0	7.0	0.0	0.0	0.0	0.0	0.0	2.0	24.0	5.0	0.0	0.0	0.0	158.0	0.0	0.0	0.0	3727.0	1.0	0.0	0.0	0.0	0.0	0.0	0.0	19.0	46.0	0.0	25.0	29.0	139.0	18.0	0.0	0.0	2.0	0.0	81.0	1.0	1.0	9.0	12.0	1.0	2.0	0.0	4.0	20.0	42.0	2.0	309.0	8.0	10.0	0.0	0.0	0.0	91.0	0.0	1.0	15.0	0.0	23.0	0.0	12.0	21.0	0.0	0.0	0.0	1.0	1.0	0.0	10.0	0.0	4.0	5.0	0.0	0.0	0.0	0.0	4.0	88.0	11.0	0.0	0.0	92.0	6.0	7.0	38.0	2.0	0.0	14.0	0.0	0.0	0.0	9.0	0.0	0.0	0.0	0.0	0.0	0.0	4.0	0.0	0.0	0.0	2.0	1.0	32.0	1.0	1.0	5.0	0.0	0.0	0.0	0.0	0.0	141.0	0.0	1.0	0.0	490.0	29.0	30.0	6055.0	0.0	1.0	0.0	7.0	64.0	11.0	38.0	0.0	2.0	12.0	1.0	100.0	0.0	0.0	2.0	0.0	0.0	5694.0	0.0	69.0	0.0	5.0	0.0	17.0	0.0	0.0	0.0	183.0	49.0	3.0	16.0	0.0	1.0	4.0	0.0	0.0	0.0	72.0	0.0	20.0	154.0	0.0	0.0	23.0	0.0	2.0	0.0	0.0	6.0	0.0	0.0	47.0	8.0	136.0	0.0	0.0	0.0	0.0	0.0	0.0	3.0	628.0	0.0	0.0	0.0	15.0	11.0	16.0	15.0	9.0	0.0	0.0	0.0	3.0	0.0	9.0	11.0	0.0	0.0	11.0	42.0	7.0	7.0	0.0	0.0	92.0	344.0	786.0	46.0	4354.0	0.0	595.0	6.0	0.0	65.0	0.0	10.0	37.0	12.0	0.0	13.0	0.0	0.0	136.0	0.0	5.0	0.0	0.0	0.0	0.0	0.0	0.0	266.0	0.0	0.0	0.0	57.0	0.0	0.0	0.0	0.0	0.0	0.0	0.0	16.0	2.0	49.0	0.0	0.0	0.0	0.0	0.0	10.0	1.0	16.0	3.0	156.0	0.0	5023.0	2.0	46924.0	23.0	2500.0	0.0	6.0	0.0	70.0	16.0	7.0	0.0	1.0	16.0	226.0	7.0	0.0	0.0	1.0	17.0	3.0	0.0	0.0	2.0	0.0	0.0	22.0	0.0	1.0	0.0	0.0	0.0	0.0	0.0	0.0	0.0	0.0	9.0	0.0	0.0	0.0	0.0	1.0	0.0	6.0	662.0	1.0	0.0	0.0	0.0	0.0	67.0	2.0	0.0	27.0	9.0	3.0	0.0	1.0	0.0	0.0	0.0	7.0	4.0	4.0	5.0	386.0	318.0	0.0	0.0	0.0	5.0	7.0	0.0	4.0	4.0	1.0	0.0	238.0	0.0
August	1	196.0	9.0	0.0	50.0	0.0	69.0	30.0	60.0	0.0	37.0	1.0	1.0	3.0	0.0	127.0	5.0	62.0	17.0	19.0	12.0	0.0	4.0	2.0	0.0	0.0	6.0	0.0	3097.0	0.0	4.0	2.0	665.0	0.0	1.0	6.0	2.0	0.0	259.0	10.0	5069.0	0.0	2.0	127.0	0.0	266.0	11.0	176.0	4.0	0.0	88.0	68.0	2.0	348.0	128.0	57.0	1.0	0.0	0.0	83.0	22.0	1.0	1.0	112.0	3.0	200.0	1.0	0.0	1.0	4.0	84.0	0.0	0.0	0.0	0.0	0.0	302231.0	4.0	0.0	2.0	5.0	0.0	9.0	0.0	14.0	0.0	2.0	16.0	0.0	140.0	229.0	1.0	145.0	495.0	71.0	0.0	1720.0	0.0	1.0	109.0	9.0	485.0	0.0	0.0	0.0	0.0	1.0	0.0	460.0	2.0	0.0	7.0	0.0	7.0	0.0	1.0	1.0	1.0	0.0	0.0	78.0	5071.0	85.0	48.0	0.0	7.0	63.0	82.0	7.0	0.0	5.0	0.0	5.0	4.0	0.0	0.0	0.0	35.0	38.0	12.0	0.0	0.0	9.0	29.0	384.0	0.0	0.0	6702.0	15.0	22.0	0.0	0.0	0.0	1.0	12.0	0.0	4.0	0.0	4149.0	76.0	1.0	1.0	1.0	27.0	1.0	9.0	0.0	0.0	2.0	92.0	30.0	0.0	0.0	1.0	922.0	0.0	12.0	0.0	16713.0	4.0	1.0	0.0	3.0	4.0	3.0	0.0	45.0	681.0	1.0	28.0	194.0	288.0	72.0	3.0	0.0	3.0	3.0	755.0	36.0	59.0	0.0	4.0	35.0	29.0	6.0	49.0	43.0	231.0	2.0	360.0	35.0	8.0	0.0	3.0	1.0	159.0	2.0	9.0	25.0	1.0	90.0	0.0	2.0	12.0	0.0	1.0	8.0	1.0	33.0	1.0	9.0	1.0	1.0	3.0	4.0	0.0	1.0	0.0	10.0	293.0	51.0	9.0	4.0	622.0	7.0	29.0	63.0	14.0	11.0	63.0	4.0	10.0	2.0	61.0	1.0	1.0	2.0	7.0	0.0	2.0	1.0	1.0	0.0	1.0	7.0	1.0	97.0	0.0	7.0	18.0	1.0	0.0	1.0	0.0	19.0	287.0	49.0	10.0	0.0	8246.0	0.0	26.0	23107.0	0.0	5.0	1.0	13.0	87.0	137.0	23.0	9.0	11.0	62.0	0.0	1532.0	1.0	6.0	11.0	5.0	3.0	50130.0	0.0	90.0	0.0	12.0	0.0	71.0	1.0	0.0	5.0	1522.0	169.0	12.0	44.0	1.0	0.0	1.0	0.0	0.0	10.0	152.0	1.0	64.0	1198.0	20.0	0.0	17.0	0.0	7.0	4.0	1.0	7.0	0.0	0.0	181.0	22.0	281.0	0.0	0.0	2.0	3.0	8.0	3.0	27.0	736.0	11.0	0.0	7.0	48.0	58.0	18.0	74.0	30.0	22.0	1.0	5.0	24.0	0.0	163.0	40.0	0.0	0.0	97.0	617.0	1.0	49.0	0.0	1.0	127.0	558.0	879.0	522.0	5914.0	0.0	6249.0	8.0	2.0	89.0	19.0	34.0	144.0	3.0	0.0	31.0	5.0	0.0	414.0	3.0	1.0	1.0	11.0	0.0	0.0	0.0	2.0	2052.0	0.0	0.0	0.0	160.0	1.0	1.0	5.0	9.0	0.0	8.0	2.0	200.0	6.0	345.0	0.0	1.0	1.0	5.0	0.0	9.0	21.0	176.0	14.0	519.0	0.0	8087.0	52.0	345514.0	319.0	4830.0	0.0	91.0	2.0	534.0	54.0	6.0	0.0	7.0	161.0	771.0	27.0	0.0	3.0	0.0	102.0	16.0	0.0	1.0	76.0	4.0	0.0	299.0	4.0	9.0	0.0	3.0	1.0	0.0	0.0	0.0	0.0	1.0	11.0	0.0	0.0	1.0	1.0	0.0	0.0	58.0	1979.0	0.0	2.0	1.0	4.0	1.0	776.0	4.0	0.0	190.0	85.0	0.0	6.0	2.0	0.0	0.0	0.0	35.0	27.0	38.0	15.0	498.0	3272.0	17.0	0.0	0.0	4.0	25.0	0.0	30.0	8.0	0.0	0.0	589.0	4.0
August	N	1.0	0.0	0.0	0.0	0.0	0.0	0.0	17.0	0.0	3.0	0.0	0.0	0.0	0.0	0.0	0.0	1.0	0.0	0.0	2.0	0.0	0.0	0.0	0.0	0.0	0.0	0.0	96.0	0.0	0.0	0.0	16.0	0.0	0.0	0.0	0.0	0.0	0.0	1.0	1112.0	0.0	0.0	147.0	0.0	132.0	0.0	2.0	0.0	0.0	0.0	1.0	0.0	42.0	0.0	0.0	0.0	0.0	0.0	0.0	0.0	0.0	0.0	2.0	0.0	634.0	0.0	0.0	0.0	0.0	1.0	0.0	0.0	0.0	0.0	0.0	8282.0	0.0	0.0	0.0	0.0	0.0	0.0	0.0	0.0	0.0	0.0	0.0	0.0	26.0	0.0	0.0	0.0	102.0	0.0	0.0	241.0	0.0	0.0	0.0	0.0	8.0	0.0	0.0	0.0	0.0	0.0	0.0	51.0	0.0	0.0	0.0	0.0	0.0	0.0	0.0	0.0	0.0	0.0	0.0	6.0	281.0	0.0	10.0	0.0	0.0	0.0	1.0	0.0	0.0	0.0	0.0	0.0	0.0	0.0	0.0	0.0	0.0	2.0	0.0	0.0	0.0	0.0	0.0	0.0	0.0	0.0	512.0	0.0	1.0	0.0	0.0	0.0	0.0	0.0	0.0	0.0	0.0	568.0	0.0	0.0	0.0	0.0	0.0	0.0	0.0	0.0	0.0	0.0	0.0	0.0	0.0	0.0	0.0	6.0	0.0	0.0	0.0	2024.0	0.0	0.0	0.0	0.0	0.0	0.0	0.0	0.0	92.0	0.0	0.0	0.0	13.0	0.0	0.0	0.0	13.0	0.0	37.0	29.0	2.0	0.0	0.0	0.0	0.0	0.0	0.0	59.0	0.0	8.0	0.0	0.0	0.0	0.0	0.0	0.0	3.0	0.0	0.0	7.0	0.0	0.0	0.0	0.0	0.0	0.0	0.0	0.0	0.0	0.0	0.0	0.0	0.0	0.0	0.0	0.0	0.0	0.0	0.0	0.0	21.0	1.0	0.0	0.0	1.0	0.0	0.0	0.0	0.0	0.0	0.0	0.0	0.0	1.0	3.0	0.0	0.0	0.0	0.0	0.0	0.0	0.0	0.0	0.0	0.0	0.0	0.0	0.0	0.0	0.0	0.0	0.0	0.0	0.0	0.0	0.0	9.0	5.0	0.0	0.0	448.0	0.0	0.0	1287.0	0.0	0.0	0.0	0.0	0.0	0.0	0.0	0.0	0.0	0.0	0.0	4.0	0.0	0.0	0.0	0.0	0.0	4491.0	0.0	5.0	0.0	0.0	0.0	2.0	0.0	0.0	0.0	0.0	0.0	0.0	0.0	0.0	0.0	0.0	0.0	0.0	0.0	0.0	0.0	0.0	47.0	1.0	0.0	0.0	0.0	0.0	1.0	0.0	0.0	0.0	0.0	33.0	1.0	3.0	0.0	0.0	0.0	0.0	0.0	0.0	0.0	788.0	0.0	0.0	0.0	1.0	0.0	0.0	4.0	0.0	0.0	0.0	0.0	0.0	0.0	1.0	0.0	0.0	0.0	1.0	19.0	0.0	23.0	0.0	0.0	7.0	6.0	115.0	0.0	122.0	0.0	195.0	0.0	0.0	1.0	0.0	0.0	0.0	0.0	0.0	0.0	0.0	0.0	149.0	0.0	0.0	0.0	0.0	0.0	0.0	0.0	0.0	32.0	0.0	0.0	0.0	0.0	0.0	0.0	0.0	0.0	0.0	0.0	0.0	3.0	0.0	26.0	0.0	0.0	0.0	0.0	0.0	0.0	0.0	4.0	0.0	17.0	0.0	462.0	0.0	14275.0	317.0	133.0	0.0	0.0	0.0	429.0	3.0	0.0	0.0	0.0	0.0	67.0	0.0	0.0	0.0	0.0	0.0	0.0	0.0	0.0	0.0	0.0	0.0	0.0	0.0	0.0	0.0	0.0	0.0	0.0	0.0	0.0	0.0	0.0	22.0	0.0	0.0	0.0	0.0	0.0	0.0	0.0	3.0	0.0	0.0	0.0	0.0	0.0	300.0	68.0	0.0	0.0	0.0	0.0	0.0	0.0	0.0	0.0	0.0	0.0	0.0	1.0	0.0	1971.0	108.0	0.0	0.0	0.0	0.0	0.0	0.0	0.0	0.0	0.0	0.0	53.0	0.0
