	1-April_genus.tsv	1-August_genus.tsv	1-June_genus.tsv	2-April_genus.tsv	2-August_genus.tsv	3-April_genus.tsv	4-April_genus.tsv	4-August_genus.tsv	5-April_genus.tsv	5-August_genus.tsv	6-August_genus.tsv	6-June_genus.tsv	7-April_genus.tsv	8-April_genus.tsv	9.1-August_genus.tsv	Mock-April_genus.tsv	Mock-August_genus.tsv	Mock-June_genus.tsv
1174-901-12	0.0	0.0	0.0	0.0	0.0	0.0	0.0	0.0	0.0	0.0	0.0	0.0	0.0	0.0	0.0	0.0	0.0	0.0
966-1	0.0	1.0	4.0	14.0	2.0	0.0	2.0	2.0	3.0	2.0	2.0	0.0	1.0	2.0	0.0	0.0	0.0	0.0
A7P-90m	0.0	0.0	0.0	0.0	0.0	0.0	0.0	0.0	0.0	0.0	0.0	0.0	0.0	0.0	6.0	0.0	0.0	0.0
AAP99	4.0	1.0	1.0	11.0	3.0	6.0	9.0	18.0	28.0	3.0	4.0	0.0	0.0	98.0	3.0	0.0	0.0	0.0
AKYG587	0.0	1.0	0.0	0.0	0.0	0.0	3.0	9.0	0.0	1.0	0.0	4.0	14.0	0.0	2.0	0.0	0.0	0.0
AT-s3-44	0.0	0.0	0.0	4.0	2.0	0.0	0.0	3.0	0.0	0.0	0.0	0.0	0.0	0.0	3.0	0.0	0.0	0.0
Acanthopleuribacter	0.0	0.0	0.0	0.0	0.0	0.0	0.0	0.0	0.0	0.0	0.0	0.0	0.0	0.0	0.0	0.0	0.0	0.0
Acetanaerobacterium	0.0	0.0	0.0	0.0	0.0	0.0	0.0	0.0	0.0	0.0	0.0	0.0	0.0	0.0	0.0	0.0	0.0	0.0
Acetitomaculum	0.0	0.0	0.0	0.0	0.0	0.0	0.0	0.0	0.0	0.0	0.0	0.0	0.0	0.0	1.0	0.0	0.0	0.0
Acetoanaerobium	0.0	0.0	0.0	0.0	0.0	0.0	0.0	0.0	0.0	0.0	0.0	0.0	0.0	0.0	0.0	0.0	0.0	0.0
Acetobacter	0.0	0.0	0.0	0.0	0.0	0.0	0.0	0.0	0.0	1.0	0.0	0.0	0.0	0.0	0.0	0.0	0.0	0.0
Acetobacterium	0.0	1.0	0.0	0.0	0.0	0.0	2.0	1.0	1.0	2.0	1.0	0.0	0.0	4.0	0.0	0.0	0.0	0.0
Acetobacteroides	0.0	0.0	0.0	0.0	0.0	0.0	0.0	0.0	0.0	0.0	1.0	0.0	0.0	0.0	0.0	0.0	0.0	0.0
Acetonema	0.0	0.0	0.0	0.0	0.0	0.0	0.0	0.0	0.0	0.0	0.0	0.0	0.0	2.0	0.0	0.0	0.0	0.0
Achromobacter	3.0	1.0	0.0	0.0	0.0	0.0	0.0	2.0	0.0	0.0	0.0	0.0	0.0	0.0	0.0	0.0	0.0	0.0
Acidaminobacter	4.0	2.0	0.0	5.0	6.0	7.0	6.0	8.0	7.0	3.0	0.0	0.0	0.0	4.0	3.0	0.0	0.0	0.0
Acidaminococcus	0.0	0.0	0.0	2.0	0.0	0.0	0.0	0.0	0.0	0.0	0.0	0.0	0.0	5.0	3.0	0.0	0.0	0.0
Acidibacter	0.0	0.0	4.0	6.0	0.0	0.0	0.0	5.0	0.0	1.0	0.0	0.0	1.0	10.0	5.0	0.0	0.0	0.0
Acidiphilium	0.0	0.0	0.0	0.0	0.0	0.0	0.0	0.0	0.0	0.0	0.0	0.0	4.0	0.0	0.0	0.0	0.0	0.0
Acidovorax	543.0	148.0	183.0	1995.0	125.0	368.0	555.0	469.0	508.0	151.0	79.0	100.0	194.0	1016.0	47.0	0.0	0.0	0.0
Acinetobacter	10.0	14.0	20.0	7.0	6.0	2.0	11.0	4.0	7.0	0.0	3.0	3.0	242.0	42.0	2.0	0.0	1.0	0.0
Actibacter	0.0	0.0	0.0	0.0	0.0	0.0	1.0	0.0	0.0	0.0	3.0	0.0	0.0	0.0	0.0	0.0	0.0	0.0
Actimicrobium	0.0	0.0	0.0	0.0	0.0	0.0	0.0	0.0	0.0	0.0	0.0	0.0	2.0	0.0	0.0	0.0	0.0	0.0
Actinomyces	0.0	0.0	0.0	3.0	0.0	0.0	0.0	0.0	0.0	1.0	0.0	0.0	0.0	2.0	0.0	0.0	0.0	0.0
Actinophytocola	0.0	0.0	0.0	1.0	0.0	0.0	0.0	0.0	0.0	0.0	0.0	0.0	0.0	0.0	0.0	0.0	0.0	0.0
Actinoplanes	0.0	1.0	1.0	0.0	0.0	0.0	0.0	1.0	0.0	0.0	0.0	0.0	0.0	0.0	0.0	0.0	0.0	0.0
Adhaeribacter	0.0	0.0	0.0	0.0	0.0	0.0	0.0	0.0	0.0	0.0	0.0	0.0	0.0	0.0	0.0	0.0	0.0	0.0
Aeromicrobium	0.0	1.0	0.0	0.0	0.0	0.0	0.0	0.0	0.0	0.0	0.0	0.0	0.0	0.0	0.0	0.0	0.0	0.0
Aeromonas	86.0	66.0	159.0	134.0	17.0	23.0	40.0	65.0	24.0	20.0	35.0	37.0	156.0	179.0	38.0	0.0	0.0	0.0
Aestuariicella	0.0	0.0	0.0	0.0	0.0	0.0	0.0	0.0	0.0	0.0	0.0	0.0	0.0	0.0	0.0	0.0	0.0	0.0
Aetherobacter	0.0	0.0	0.0	4.0	0.0	0.0	0.0	0.0	0.0	0.0	0.0	0.0	0.0	2.0	0.0	0.0	0.0	0.0
Afipia	0.0	0.0	0.0	2.0	0.0	0.0	0.0	0.0	0.0	0.0	0.0	0.0	5.0	30.0	6.0	0.0	0.0	0.0
Agathobacter	24.0	0.0	0.0	18.0	3.0	27.0	5.0	0.0	16.0	3.0	3.0	0.0	5.0	18.0	2.0	0.0	0.0	0.0
Alcanivorax	0.0	0.0	0.0	0.0	0.0	0.0	0.0	0.0	0.0	0.0	0.0	0.0	1.0	0.0	0.0	0.0	0.0	0.0
Algoriphagus	35.0	2.0	0.0	12.0	7.0	52.0	33.0	9.0	30.0	8.0	14.0	2.0	20.0	8.0	107.0	0.0	0.0	0.0
Alicycliphilus	0.0	1.0	0.0	0.0	0.0	0.0	0.0	0.0	0.0	1.0	0.0	0.0	0.0	1.0	0.0	0.0	0.0	0.0
Alistipes	10.0	0.0	0.0	1.0	0.0	8.0	1.0	0.0	4.0	0.0	0.0	0.0	0.0	1.0	0.0	0.0	0.0	0.0
Aliterella CENA595	0.0	0.0	0.0	0.0	0.0	0.0	0.0	5.0	0.0	2.0	0.0	0.0	0.0	0.0	0.0	0.0	0.0	0.0
Alkalibacter	0.0	0.0	0.0	0.0	0.0	0.0	0.0	1.0	0.0	0.0	0.0	0.0	0.0	0.0	0.0	0.0	0.0	0.0
Alkaliphilus	0.0	0.0	0.0	0.0	0.0	0.0	0.0	0.0	0.0	0.0	0.0	0.0	0.0	0.0	0.0	0.0	0.0	0.0
Alkanibacter	0.0	6.0	0.0	0.0	3.0	0.0	0.0	2.0	0.0	2.0	0.0	0.0	2.0	0.0	0.0	0.0	0.0	0.0
Alkanindiges	2.0	2.0	8.0	3.0	0.0	0.0	0.0	1.0	0.0	0.0	0.0	0.0	55.0	2.0	0.0	0.0	0.0	0.0
Alloiococcus	0.0	0.0	0.0	0.0	0.0	0.0	0.0	0.0	0.0	0.0	0.0	0.0	0.0	0.0	0.0	0.0	0.0	0.0
Allorhizobium-Neorhizobium-Pararhizobium-Rhizobium	21.0	12.0	59.0	74.0	64.0	19.0	65.0	214.0	25.0	27.0	37.0	58.0	322.0	69.0	12.0	0.0	1.0	0.0
Alsobacter	0.0	0.0	0.0	0.0	0.0	0.0	0.0	5.0	0.0	5.0	10.0	0.0	0.0	0.0	62.0	0.0	0.0	0.0
Altererythrobacter	5.0	5.0	63.0	78.0	46.0	15.0	13.0	43.0	23.0	32.0	21.0	93.0	176.0	10.0	73.0	0.0	0.0	0.0
Alysiella	0.0	0.0	0.0	0.0	0.0	0.0	0.0	0.0	0.0	0.0	0.0	0.0	2.0	0.0	0.0	0.0	0.0	0.0
Amaricoccus	0.0	0.0	4.0	9.0	6.0	0.0	2.0	9.0	0.0	0.0	2.0	7.0	23.0	84.0	15.0	0.0	0.0	0.0
Aminobacter	0.0	0.0	7.0	11.0	0.0	0.0	4.0	8.0	0.0	1.0	3.0	0.0	19.0	10.0	3.0	0.0	0.0	0.0
Ampullimonas	0.0	0.0	0.0	0.0	0.0	0.0	0.0	2.0	0.0	0.0	0.0	0.0	0.0	0.0	0.0	0.0	0.0	0.0
Anaerobacterium	0.0	0.0	0.0	0.0	0.0	0.0	0.0	0.0	0.0	3.0	0.0	0.0	0.0	0.0	1.0	0.0	0.0	0.0
Anaerobiospirillum	0.0	0.0	0.0	0.0	0.0	0.0	0.0	0.0	0.0	0.0	0.0	0.0	3.0	0.0	0.0	0.0	0.0	0.0
Anaerocolumna	0.0	0.0	0.0	0.0	0.0	0.0	0.0	1.0	0.0	2.0	1.0	0.0	0.0	0.0	0.0	0.0	0.0	0.0
Anaerofilum	0.0	0.0	0.0	0.0	0.0	0.0	0.0	1.0	0.0	0.0	0.0	0.0	0.0	1.0	0.0	0.0	0.0	0.0
Anaeromyxobacter	0.0	1.0	0.0	3.0	0.0	0.0	0.0	1.0	0.0	2.0	0.0	0.0	10.0	1.0	0.0	0.0	0.0	0.0
Anaerosinus	0.0	0.0	0.0	0.0	0.0	0.0	0.0	0.0	0.0	4.0	0.0	0.0	0.0	0.0	0.0	0.0	0.0	0.0
Anaerospora	0.0	0.0	0.0	0.0	0.0	0.0	0.0	4.0	0.0	0.0	1.0	0.0	0.0	0.0	0.0	0.0	0.0	0.0
Anaerosporobacter	0.0	0.0	0.0	0.0	0.0	0.0	0.0	1.0	0.0	1.0	2.0	0.0	0.0	0.0	0.0	0.0	0.0	0.0
Anaerosporomusa	0.0	0.0	0.0	2.0	0.0	0.0	0.0	1.0	0.0	0.0	0.0	0.0	2.0	0.0	0.0	0.0	0.0	0.0
Anaerostipes	1.0	0.0	0.0	1.0	0.0	1.0	2.0	0.0	0.0	0.0	0.0	0.0	0.0	7.0	0.0	0.0	0.0	0.0
Anaerovibrio	0.0	0.0	0.0	0.0	0.0	0.0	0.0	0.0	0.0	0.0	0.0	0.0	0.0	0.0	3.0	0.0	0.0	0.0
Anaerovorax	1.0	1.0	0.0	0.0	1.0	0.0	0.0	1.0	0.0	3.0	0.0	0.0	0.0	4.0	2.0	0.0	0.0	0.0
Ancalomicrobium	0.0	0.0	0.0	0.0	0.0	0.0	0.0	1.0	0.0	1.0	0.0	0.0	0.0	0.0	0.0	0.0	0.0	0.0
Ancylobacter	0.0	0.0	0.0	8.0	31.0	0.0	0.0	1.0	0.0	0.0	0.0	0.0	7.0	0.0	0.0	0.0	0.0	0.0
Anoxybacillus	0.0	0.0	0.0	1.0	0.0	0.0	0.0	0.0	0.0	0.0	0.0	0.0	0.0	0.0	0.0	0.0	0.0	0.0
Aphanizomenon NIES81	0.0	0.0	27.0	0.0	0.0	0.0	0.0	0.0	0.0	0.0	0.0	0.0	0.0	0.0	0.0	0.0	0.0	0.0
Aquabacterium	730.0	224.0	993.0	1301.0	135.0	551.0	311.0	370.0	701.0	153.0	174.0	43.0	346.0	323.0	48.0	1.0	4.0	0.0
Aquamicrobium	0.0	0.0	0.0	0.0	0.0	0.0	0.0	0.0	0.0	0.0	0.0	0.0	0.0	0.0	1.0	0.0	0.0	0.0
Aquaspirillum	0.0	2.0	7.0	2.0	0.0	0.0	0.0	0.0	1.0	4.0	3.0	0.0	18.0	0.0	3.0	0.0	0.0	0.0
Aquicella	6.0	3.0	0.0	12.0	5.0	1.0	2.0	3.0	0.0	8.0	6.0	0.0	37.0	12.0	7.0	0.0	0.0	0.0
Aquimonas	0.0	1.0	0.0	6.0	3.0	0.0	0.0	4.0	3.0	5.0	4.0	0.0	1.0	0.0	0.0	0.0	0.0	0.0
Aquisphaera	0.0	0.0	0.0	0.0	0.0	0.0	0.0	2.0	0.0	2.0	0.0	0.0	0.0	0.0	0.0	0.0	0.0	0.0
Arcicella	9.0	5.0	11.0	5.0	0.0	5.0	5.0	0.0	0.0	6.0	0.0	24.0	3.0	4.0	0.0	0.0	0.0	0.0
Arcobacter	3026.0	269.0	188.0	369.0	183.0	4462.0	1430.0	219.0	3871.0	675.0	459.0	29.0	790.0	5649.0	6258.0	3.0	2.0	0.0
Arenimonas	95.0	133.0	110.0	452.0	82.0	66.0	197.0	217.0	348.0	162.0	198.0	214.0	139.0	165.0	97.0	0.0	1.0	2.0
Armatimonas	6.0	3.0	7.0	17.0	11.0	5.0	15.0	216.0	15.0	447.0	659.0	212.0	10.0	1.0	837.0	0.0	5.0	0.0
Arsenicitalea	0.0	0.0	0.0	3.0	0.0	0.0	0.0	0.0	0.0	0.0	0.0	0.0	10.0	0.0	0.0	0.0	0.0	0.0
Arsenophonus	0.0	0.0	0.0	0.0	0.0	0.0	0.0	2.0	0.0	0.0	0.0	0.0	0.0	0.0	0.0	0.0	0.0	0.0
Arthrobacter	0.0	0.0	0.0	0.0	0.0	0.0	0.0	0.0	0.0	0.0	0.0	0.0	0.0	0.0	0.0	0.0	0.0	0.0
Asaia	0.0	0.0	0.0	0.0	0.0	0.0	0.0	0.0	0.0	0.0	1.0	0.0	0.0	0.0	0.0	0.0	0.0	0.0
Asticcacaulis	0.0	1.0	0.0	5.0	0.0	0.0	4.0	5.0	0.0	0.0	0.0	0.0	25.0	1.0	0.0	0.0	0.0	0.0
Atlantibacter	0.0	0.0	0.0	0.0	0.0	0.0	0.0	0.0	0.0	0.0	0.0	0.0	0.0	0.0	0.0	0.0	0.0	0.0
Atopococcus	0.0	0.0	0.0	2.0	0.0	1.0	0.0	0.0	0.0	0.0	0.0	0.0	0.0	10.0	0.0	0.0	0.0	0.0
Aurantimicrobium	10.0	84.0	361.0	18.0	140.0	3.0	7.0	173.0	2.0	113.0	83.0	50.0	1.0	8.0	106.0	0.0	2.0	4.0
Aureimonas	0.0	0.0	0.0	8.0	0.0	0.0	2.0	1.0	0.0	2.0	0.0	0.0	8.0	0.0	1.0	0.0	0.0	0.0
Azoarcus	0.0	0.0	0.0	2.0	0.0	1.0	0.0	2.0	0.0	0.0	0.0	0.0	0.0	1.0	0.0	0.0	0.0	0.0
Azohydromonas	0.0	0.0	0.0	0.0	0.0	0.0	0.0	0.0	0.0	1.0	0.0	0.0	0.0	0.0	0.0	0.0	0.0	0.0
Azonexus	0.0	0.0	0.0	0.0	0.0	0.0	0.0	1.0	0.0	0.0	0.0	0.0	2.0	0.0	0.0	0.0	0.0	0.0
Azorhizobium	0.0	0.0	0.0	0.0	0.0	0.0	0.0	0.0	0.0	0.0	0.0	0.0	0.0	0.0	0.0	0.0	0.0	0.0
Azospira	3.0	10.0	0.0	3.0	10.0	2.0	3.0	7.0	0.0	4.0	3.0	0.0	5.0	3.0	0.0	0.0	0.0	0.0
Azospirillum	0.0	1.0	4.0	0.0	9.0	0.0	0.0	9.0	0.0	3.0	4.0	0.0	7.0	0.0	0.0	0.0	0.0	0.0
Azotobacter	0.0	0.0	0.0	0.0	0.0	0.0	0.0	0.0	0.0	0.0	0.0	0.0	1.0	0.0	0.0	0.0	0.0	0.0
Azovibrio	0.0	0.0	0.0	0.0	0.0	0.0	0.0	0.0	0.0	1.0	0.0	0.0	0.0	0.0	0.0	0.0	0.0	0.0
BCf9-17 termite group	0.0	0.0	0.0	0.0	0.0	0.0	0.0	0.0	0.0	0.0	0.0	0.0	0.0	0.0	0.0	0.0	0.0	0.0
BD1-7 clade	12.0	16.0	12.0	15.0	10.0	3.0	29.0	20.0	4.0	4.0	3.0	12.0	393.0	22.0	7.0	0.0	0.0	0.0
BIyi10	5.0	2.0	7.0	4.0	3.0	0.0	3.0	0.0	0.0	0.0	2.0	0.0	171.0	0.0	0.0	0.0	0.0	0.0
BSV13	2.0	6.0	0.0	3.0	0.0	2.0	2.0	9.0	12.0	4.0	4.0	0.0	6.0	2.0	5.0	0.0	0.0	0.0
Bacillus	4.0	26.0	9.0	10.0	27.0	8.0	10.0	52.0	6.0	66.0	40.0	46.0	3.0	31.0	19.0	4635.0	4441.0	4762.0
Bact-08	1.0	0.0	0.0	0.0	0.0	0.0	0.0	0.0	0.0	0.0	0.0	0.0	0.0	0.0	0.0	0.0	0.0	0.0
Bacteriovorax	19.0	3.0	0.0	2.0	0.0	26.0	19.0	6.0	55.0	4.0	3.0	0.0	437.0	8.0	1.0	0.0	0.0	0.0
Bacteroides	20.0	4.0	0.0	14.0	4.0	18.0	12.0	5.0	15.0	2.0	4.0	0.0	2.0	4.0	9.0	0.0	0.0	0.0
Bauldia	0.0	4.0	4.0	5.0	9.0	5.0	1.0	19.0	4.0	2.0	4.0	4.0	24.0	2.0	1.0	0.0	0.0	0.0
Bdellovibrio	0.0	0.0	0.0	0.0	0.0	0.0	0.0	0.0	0.0	0.0	0.0	0.0	9.0	1.0	0.0	0.0	0.0	0.0
Beggiatoa	0.0	0.0	0.0	0.0	0.0	0.0	0.0	0.0	0.0	0.0	0.0	0.0	1.0	0.0	0.0	0.0	0.0	0.0
Belnapia	0.0	0.0	0.0	0.0	0.0	0.0	0.0	0.0	0.0	0.0	1.0	0.0	0.0	0.0	0.0	0.0	0.0	0.0
Blastochloris	0.0	0.0	0.0	0.0	0.0	0.0	0.0	0.0	0.0	0.0	0.0	0.0	0.0	0.0	0.0	0.0	0.0	0.0
Blastomonas	0.0	0.0	0.0	1.0	6.0	0.0	4.0	0.0	0.0	0.0	2.0	0.0	10.0	0.0	0.0	0.0	0.0	0.0
Blastopirellula	0.0	0.0	0.0	1.0	0.0	0.0	0.0	0.0	0.0	0.0	0.0	0.0	5.0	0.0	0.0	0.0	0.0	0.0
Blautia	30.0	5.0	2.0	21.0	5.0	26.0	17.0	5.0	24.0	14.0	5.0	2.0	15.0	66.0	5.0	0.0	0.0	0.0
Bosea	0.0	1.0	11.0	5.0	10.0	0.0	5.0	7.0	0.0	1.0	2.0	0.0	28.0	3.0	2.0	0.0	0.0	0.0
Brachymonas	0.0	1.0	0.0	0.0	0.0	0.0	0.0	0.0	3.0	2.0	1.0	0.0	0.0	2.0	0.0	0.0	0.0	0.0
Bradyrhizobium	9.0	1.0	1.0	35.0	13.0	5.0	7.0	17.0	2.0	7.0	8.0	0.0	103.0	30.0	17.0	0.0	0.0	0.0
Brenneria	0.0	0.0	0.0	0.0	0.0	0.0	0.0	0.0	0.0	0.0	0.0	0.0	0.0	0.0	0.0	0.0	0.0	0.0
Brevundimonas	2.0	3.0	8.0	41.0	11.0	14.0	8.0	2.0	17.0	1.0	3.0	20.0	103.0	13.0	2.0	0.0	0.0	0.0
Brooklawnia	0.0	0.0	0.0	0.0	0.0	0.0	0.0	0.0	0.0	1.0	0.0	0.0	0.0	0.0	0.0	0.0	0.0	0.0
Bryobacter	0.0	0.0	0.0	1.0	0.0	0.0	0.0	4.0	2.0	0.0	0.0	0.0	0.0	8.0	0.0	0.0	0.0	0.0
Bryocella	0.0	0.0	0.0	0.0	0.0	0.0	0.0	0.0	0.0	0.0	0.0	0.0	0.0	0.0	0.0	0.0	0.0	0.0
Budvicia	9.0	0.0	0.0	5.0	0.0	1.0	1.0	7.0	3.0	0.0	0.0	0.0	5.0	2.0	0.0	0.0	0.0	0.0
Burkholderia-Caballeronia-Paraburkholderia	0.0	0.0	0.0	0.0	0.0	0.0	0.0	0.0	0.0	0.0	0.0	0.0	0.0	0.0	0.0	0.0	0.0	0.0
Buttiauxella	14.0	6.0	4.0	9.0	3.0	0.0	15.0	10.0	3.0	0.0	0.0	0.0	20.0	4.0	0.0	1.0	1.0	0.0
Butyricicoccus	0.0	0.0	0.0	1.0	0.0	0.0	0.0	1.0	0.0	3.0	1.0	0.0	0.0	0.0	0.0	0.0	0.0	0.0
Butyricimonas	0.0	0.0	0.0	0.0	0.0	0.0	0.0	0.0	0.0	0.0	0.0	0.0	0.0	0.0	0.0	0.0	0.0	0.0
Butyrivibrio 2	0.0	0.0	0.0	0.0	0.0	0.0	0.0	0.0	0.0	0.0	0.0	0.0	0.0	2.0	0.0	0.0	0.0	0.0
C1-B045	0.0	0.0	0.0	0.0	0.0	0.0	0.0	0.0	0.0	0.0	0.0	0.0	34.0	0.0	0.0	0.0	0.0	0.0
C39	2.0	10.0	16.0	5.0	14.0	3.0	3.0	16.0	2.0	13.0	7.0	0.0	3.0	3.0	21.0	0.0	0.0	0.0
CAG-352	0.0	0.0	0.0	3.0	0.0	0.0	0.0	0.0	0.0	0.0	0.0	0.0	0.0	0.0	0.0	0.0	0.0	0.0
CAG-56	0.0	0.0	0.0	0.0	0.0	4.0	0.0	0.0	0.0	2.0	0.0	0.0	0.0	0.0	0.0	0.0	0.0	0.0
CL500-29 marine group	6.0	6.0	17.0	23.0	17.0	7.0	3.0	30.0	4.0	17.0	12.0	0.0	6.0	24.0	156.0	0.0	0.0	0.0
CL500-3	0.0	1.0	0.0	0.0	6.0	0.0	0.0	0.0	0.0	0.0	0.0	0.0	12.0	4.0	0.0	0.0	0.0	0.0
CM1G08	7.0	2.0	0.0	21.0	2.0	8.0	25.0	8.0	18.0	3.0	6.0	0.0	4.0	7.0	0.0	0.0	0.0	0.0
Caedibacter	0.0	0.0	0.0	0.0	0.0	0.0	0.0	0.0	0.0	0.0	0.0	0.0	8.0	1.0	0.0	0.0	0.0	0.0
Caenimonas	5.0	3.0	3.0	36.0	0.0	13.0	13.0	13.0	19.0	5.0	11.0	11.0	12.0	139.0	2.0	0.0	0.0	0.0
Caldicoprobacter	0.0	0.0	0.0	0.0	0.0	0.0	0.0	1.0	0.0	0.0	0.0	0.0	1.0	0.0	0.0	0.0	0.0	0.0
Caldisericum	0.0	0.0	0.0	0.0	0.0	0.0	0.0	0.0	0.0	0.0	0.0	0.0	1.0	0.0	0.0	0.0	0.0	0.0
Calothrix KVSF5	0.0	1.0	8.0	0.0	4.0	0.0	0.0	5.0	9.0	2.0	0.0	0.0	0.0	0.0	0.0	0.0	0.0	0.0
Campylobacter	3.0	1.0	0.0	0.0	0.0	3.0	1.0	5.0	5.0	4.0	3.0	0.0	0.0	0.0	0.0	0.0	0.0	0.0
Candidatus Accumulibacter	17.0	13.0	8.0	54.0	14.0	17.0	11.0	12.0	31.0	14.0	12.0	7.0	278.0	50.0	4.0	0.0	0.0	0.0
Candidatus Alysiosphaera	0.0	2.0	2.0	6.0	7.0	0.0	0.0	2.0	0.0	1.0	5.0	6.0	5.0	28.0	4.0	0.0	0.0	0.0
Candidatus Amoebophilus	0.0	0.0	0.0	0.0	0.0	0.0	0.0	0.0	0.0	0.0	0.0	0.0	0.0	0.0	0.0	0.0	0.0	0.0
Candidatus Anammoximicrobium	0.0	0.0	0.0	0.0	0.0	0.0	0.0	0.0	0.0	0.0	0.0	0.0	1.0	0.0	0.0	0.0	0.0	0.0
Candidatus Aquiluna	0.0	123.0	12.0	0.0	214.0	7.0	0.0	86.0	0.0	83.0	78.0	3.0	5.0	1.0	109.0	0.0	0.0	0.0
Candidatus Aquirestis	32.0	1.0	0.0	9.0	0.0	20.0	13.0	0.0	42.0	9.0	17.0	5.0	13.0	6.0	0.0	0.0	0.0	0.0
Candidatus Bacilloplasma	0.0	0.0	0.0	0.0	0.0	0.0	0.0	0.0	0.0	0.0	0.0	0.0	0.0	0.0	0.0	0.0	0.0	0.0
Candidatus Bealeia	0.0	1.0	0.0	0.0	0.0	0.0	0.0	0.0	0.0	0.0	0.0	0.0	10.0	2.0	3.0	0.0	0.0	0.0
Candidatus Berkiella	1.0	0.0	0.0	2.0	2.0	0.0	0.0	0.0	1.0	1.0	2.0	0.0	48.0	5.0	0.0	0.0	0.0	0.0
Candidatus Brocadia	0.0	0.0	0.0	0.0	0.0	0.0	0.0	1.0	0.0	0.0	0.0	0.0	0.0	0.0	0.0	0.0	0.0	0.0
Candidatus Captivus	0.0	1.0	0.0	0.0	0.0	0.0	0.0	0.0	0.0	0.0	0.0	0.0	5.0	1.0	3.0	0.0	0.0	0.0
Candidatus Competibacter	0.0	0.0	0.0	7.0	0.0	0.0	2.0	4.0	0.0	2.0	3.0	0.0	52.0	9.0	0.0	0.0	0.0	0.0
Candidatus Endoecteinascidia	3.0	0.0	0.0	1.0	3.0	3.0	6.0	2.0	1.0	2.0	0.0	0.0	44.0	2.0	2.0	0.0	0.0	0.0
Candidatus Endomicrobium	0.0	0.0	0.0	1.0	0.0	0.0	0.0	0.0	0.0	1.0	0.0	0.0	0.0	0.0	0.0	0.0	0.0	0.0
Candidatus Finniella	0.0	0.0	0.0	0.0	0.0	1.0	2.0	2.0	0.0	0.0	1.0	0.0	3.0	1.0	0.0	0.0	0.0	0.0
Candidatus Flaviluna	0.0	0.0	0.0	0.0	0.0	0.0	0.0	0.0	0.0	3.0	2.0	0.0	0.0	0.0	0.0	0.0	0.0	0.0
Candidatus Jidaibacter	0.0	0.0	0.0	0.0	0.0	0.0	0.0	0.0	4.0	0.0	0.0	0.0	0.0	0.0	0.0	0.0	0.0	0.0
Candidatus Limnoluna	4.0	19.0	4.0	1.0	4.0	9.0	4.0	4.0	1.0	14.0	5.0	0.0	0.0	0.0	10.0	0.0	0.0	0.0
Candidatus Megaira	0.0	1.0	0.0	0.0	0.0	3.0	6.0	4.0	3.0	2.0	5.0	0.0	16.0	3.0	10.0	0.0	0.0	0.0
Candidatus Methylomirabilis	1.0	2.0	0.0	1.0	0.0	0.0	1.0	3.0	0.0	6.0	0.0	0.0	4.0	2.0	0.0	0.0	0.0	0.0
Candidatus Methylopumilus	38.0	21.0	40.0	20.0	4.0	45.0	43.0	17.0	25.0	91.0	83.0	49.0	23.0	20.0	24.0	0.0	0.0	0.0
Candidatus Microthrix	0.0	0.0	0.0	2.0	0.0	0.0	0.0	0.0	0.0	0.0	0.0	0.0	0.0	43.0	0.0	0.0	0.0	0.0
Candidatus Midichloria	0.0	0.0	0.0	0.0	0.0	0.0	0.0	0.0	0.0	0.0	0.0	0.0	6.0	0.0	0.0	0.0	0.0	0.0
Candidatus Moduliflexus	0.0	0.0	0.0	0.0	0.0	0.0	0.0	0.0	0.0	0.0	0.0	0.0	0.0	0.0	0.0	0.0	0.0	0.0
Candidatus Nitrotoga	0.0	2.0	0.0	0.0	0.0	0.0	4.0	0.0	10.0	3.0	1.0	0.0	7.0	0.0	0.0	0.0	0.0	0.0
Candidatus Odyssella	0.0	0.0	0.0	0.0	0.0	0.0	0.0	0.0	0.0	0.0	0.0	0.0	0.0	0.0	7.0	0.0	0.0	0.0
Candidatus Omnitrophus	8.0	4.0	9.0	12.0	4.0	33.0	20.0	17.0	36.0	34.0	18.0	10.0	8.0	11.0	2.0	0.0	0.0	0.0
Candidatus Ovatusbacter	1.0	4.0	0.0	1.0	2.0	0.0	0.0	4.0	0.0	3.0	0.0	0.0	15.0	6.0	0.0	0.0	0.0	0.0
Candidatus Paracaedibacter	0.0	2.0	4.0	2.0	8.0	4.0	10.0	1.0	1.0	1.0	1.0	0.0	20.0	5.0	11.0	0.0	0.0	0.0
Candidatus Planktoluna	11.0	21.0	183.0	13.0	40.0	21.0	18.0	28.0	12.0	38.0	24.0	26.0	12.0	8.0	59.0	0.0	0.0	0.0
Candidatus Planktophila	8.0	1.0	9.0	4.0	2.0	4.0	6.0	31.0	9.0	16.0	16.0	0.0	4.0	2.0	102.0	0.0	0.0	0.0
Candidatus Soleaferrea	0.0	0.0	0.0	0.0	0.0	0.0	0.0	0.0	5.0	0.0	0.0	0.0	0.0	0.0	2.0	0.0	0.0	0.0
Candidatus Symbiobacter	256.0	43.0	25.0	311.0	23.0	143.0	320.0	15.0	256.0	68.0	46.0	48.0	96.0	147.0	8.0	0.0	0.0	0.0
Candidatus Turbabacter	0.0	0.0	0.0	0.0	0.0	0.0	0.0	0.0	0.0	0.0	0.0	0.0	0.0	0.0	0.0	0.0	0.0	0.0
Candidatus Xenohaliotis	0.0	0.0	0.0	0.0	0.0	0.0	0.0	0.0	1.0	0.0	0.0	0.0	0.0	0.0	0.0	0.0	0.0	0.0
Caproiciproducens	0.0	0.0	0.0	0.0	5.0	0.0	0.0	5.0	0.0	0.0	0.0	0.0	0.0	0.0	0.0	0.0	0.0	0.0
Carboxylicivirga	0.0	0.0	0.0	0.0	0.0	0.0	0.0	0.0	0.0	0.0	0.0	0.0	0.0	0.0	0.0	0.0	0.0	0.0
Carnobacterium	0.0	0.0	0.0	0.0	0.0	0.0	0.0	0.0	0.0	0.0	1.0	0.0	0.0	0.0	0.0	0.0	1.0	0.0
Catellicoccus	0.0	0.0	0.0	0.0	0.0	0.0	0.0	0.0	0.0	1.0	0.0	0.0	0.0	0.0	0.0	0.0	0.0	0.0
Caulobacter	28.0	8.0	6.0	66.0	27.0	36.0	51.0	50.0	56.0	12.0	21.0	17.0	457.0	33.0	21.0	0.0	0.0	0.0
Cavicella	0.0	5.0	0.0	0.0	0.0	0.0	0.0	0.0	0.0	0.0	0.0	0.0	7.0	0.0	0.0	0.0	0.0	0.0
Cedecea	0.0	1.0	0.0	0.0	0.0	0.0	0.0	8.0	0.0	0.0	0.0	0.0	0.0	0.0	0.0	0.0	0.0	0.0
Cellulosilyticum	0.0	0.0	0.0	0.0	0.0	0.0	0.0	0.0	0.0	0.0	0.0	0.0	0.0	0.0	0.0	0.0	0.0	0.0
Cellvibrio	4.0	6.0	2.0	7.0	4.0	6.0	9.0	41.0	0.0	3.0	3.0	0.0	13.0	2.0	10.0	0.0	0.0	0.0
Cephaloticoccus	0.0	1.0	0.0	4.0	0.0	0.0	4.0	1.0	7.0	2.0	2.0	0.0	30.0	0.0	0.0	0.0	0.0	0.0
Cerasicoccus	0.0	0.0	0.0	3.0	0.0	0.0	3.0	1.0	7.0	0.0	0.0	6.0	3.0	0.0	0.0	0.0	0.0	0.0
Cereibacter	4.0	1.0	15.0	22.0	2.0	10.0	16.0	3.0	2.0	0.0	1.0	24.0	70.0	7.0	0.0	0.0	0.0	0.0
Cetobacterium	0.0	0.0	0.0	0.0	0.0	0.0	0.0	3.0	0.0	0.0	0.0	0.0	0.0	0.0	0.0	0.0	0.0	0.0
Chamaesiphon PCC-7430	0.0	0.0	0.0	0.0	0.0	0.0	0.0	0.0	0.0	1.0	0.0	0.0	0.0	0.0	0.0	0.0	0.0	0.0
Chelatococcus	0.0	0.0	0.0	2.0	0.0	0.0	0.0	0.0	0.0	0.0	0.0	0.0	4.0	0.0	0.0	0.0	0.0	0.0
Chiayiivirga	0.0	0.0	0.0	0.0	0.0	0.0	0.0	0.0	0.0	0.0	0.0	0.0	0.0	1.0	0.0	0.0	0.0	0.0
Chitinibacter	0.0	13.0	6.0	0.0	21.0	0.0	3.0	33.0	0.0	6.0	8.0	0.0	8.0	0.0	1.0	0.0	0.0	0.0
Chitinilyticum	0.0	2.0	0.0	0.0	1.0	0.0	0.0	2.0	0.0	1.0	0.0	0.0	4.0	0.0	0.0	0.0	0.0	0.0
Chitinimonas	0.0	3.0	0.0	6.0	4.0	3.0	0.0	1.0	0.0	1.0	0.0	0.0	2.0	0.0	0.0	0.0	0.0	0.0
Chitinivorax	0.0	1.0	0.0	0.0	0.0	0.0	0.0	1.0	0.0	5.0	8.0	0.0	5.0	0.0	6.0	0.0	0.0	0.0
Chitinophaga	0.0	1.0	0.0	2.0	0.0	0.0	0.0	0.0	0.0	0.0	0.0	0.0	0.0	0.0	0.0	0.0	0.0	0.0
Christensenellaceae R-7 group	17.0	9.0	8.0	69.0	13.0	18.0	8.0	10.0	12.0	17.0	6.0	11.0	17.0	49.0	9.0	0.0	0.0	0.0
Chromatium	3.0	0.0	0.0	0.0	0.0	0.0	0.0	0.0	0.0	0.0	0.0	0.0	0.0	0.0	0.0	0.0	0.0	0.0
Chromobacterium	0.0	2.0	0.0	1.0	1.0	0.0	0.0	0.0	0.0	4.0	0.0	0.0	6.0	0.0	0.0	0.0	0.0	0.0
Chroococcidiopsis PCC-6712	0.0	0.0	0.0	0.0	0.0	0.0	0.0	0.0	0.0	0.0	2.0	0.0	0.0	0.0	0.0	0.0	0.0	0.0
Chryseobacterium	1.0	0.0	0.0	0.0	0.0	1.0	0.0	0.0	3.0	0.0	0.0	0.0	0.0	0.0	4.0	0.0	0.0	0.0
Chryseoglobus	0.0	0.0	0.0	0.0	0.0	0.0	0.0	0.0	0.0	1.0	0.0	0.0	0.0	0.0	0.0	0.0	0.0	0.0
Chryseolinea	0.0	0.0	0.0	1.0	0.0	0.0	0.0	0.0	5.0	0.0	1.0	0.0	0.0	1.0	0.0	0.0	0.0	0.0
Chryseomicrobium	0.0	0.0	0.0	0.0	0.0	0.0	0.0	3.0	0.0	0.0	0.0	0.0	0.0	0.0	0.0	0.0	0.0	0.0
Chthonobacter	0.0	3.0	2.0	11.0	0.0	0.0	0.0	4.0	0.0	2.0	4.0	0.0	7.0	3.0	1.0	0.0	0.0	0.0
Citrobacter	21.0	8.0	14.0	17.0	0.0	5.0	12.0	9.0	3.0	2.0	5.0	0.0	21.0	32.0	2.0	94.0	106.0	63.0
Cloacibacterium	0.0	1.0	0.0	0.0	0.0	0.0	0.0	0.0	0.0	0.0	1.0	0.0	0.0	0.0	0.0	0.0	0.0	0.0
Clostridium sensu stricto 1	24.0	20.0	18.0	13.0	71.0	15.0	18.0	84.0	25.0	73.0	82.0	50.0	22.0	80.0	44.0	0.0	0.0	0.0
Clostridium sensu stricto 10	0.0	0.0	0.0	0.0	0.0	0.0	0.0	6.0	0.0	0.0	0.0	0.0	0.0	0.0	0.0	0.0	0.0	0.0
Clostridium sensu stricto 11	0.0	1.0	0.0	0.0	0.0	0.0	0.0	3.0	0.0	1.0	1.0	0.0	0.0	0.0	0.0	0.0	0.0	0.0
Clostridium sensu stricto 12	0.0	2.0	0.0	0.0	0.0	0.0	0.0	3.0	0.0	0.0	5.0	0.0	3.0	0.0	1.0	0.0	0.0	0.0
Clostridium sensu stricto 13	4.0	2.0	0.0	0.0	7.0	3.0	5.0	4.0	8.0	2.0	4.0	11.0	11.0	2.0	0.0	0.0	0.0	0.0
Clostridium sensu stricto 18	0.0	0.0	0.0	0.0	0.0	0.0	0.0	2.0	0.0	0.0	0.0	0.0	0.0	0.0	0.0	0.0	0.0	0.0
Clostridium sensu stricto 19	0.0	0.0	0.0	0.0	0.0	0.0	0.0	0.0	0.0	0.0	1.0	0.0	0.0	0.0	0.0	0.0	0.0	0.0
Clostridium sensu stricto 2	0.0	0.0	0.0	0.0	0.0	0.0	0.0	0.0	0.0	0.0	0.0	0.0	0.0	0.0	0.0	0.0	0.0	0.0
Clostridium sensu stricto 3	0.0	1.0	0.0	0.0	4.0	0.0	0.0	3.0	0.0	0.0	1.0	0.0	0.0	0.0	0.0	0.0	0.0	0.0
Clostridium sensu stricto 5	0.0	2.0	0.0	0.0	0.0	0.0	0.0	2.0	0.0	0.0	1.0	6.0	0.0	0.0	0.0	0.0	0.0	0.0
Clostridium sensu stricto 8	0.0	0.0	0.0	0.0	6.0	0.0	0.0	3.0	0.0	3.0	0.0	0.0	0.0	0.0	0.0	0.0	0.0	0.0
Clostridium sensu stricto 9	0.0	0.0	0.0	0.0	2.0	0.0	1.0	4.0	0.0	1.0	4.0	0.0	1.0	1.0	4.0	0.0	0.0	0.0
Cnuella	0.0	0.0	0.0	0.0	0.0	0.0	0.0	0.0	0.0	0.0	0.0	0.0	0.0	0.0	0.0	0.0	0.0	0.0
Cohnella	0.0	0.0	0.0	3.0	2.0	0.0	0.0	1.0	0.0	5.0	0.0	0.0	0.0	0.0	0.0	0.0	0.0	0.0
Collimonas	0.0	2.0	0.0	1.0	0.0	0.0	0.0	1.0	0.0	0.0	0.0	0.0	5.0	0.0	0.0	0.0	0.0	0.0
Comamonas	27.0	44.0	47.0	124.0	36.0	25.0	59.0	43.0	52.0	44.0	39.0	20.0	21.0	110.0	24.0	0.0	0.0	0.0
Conexibacter	0.0	2.0	0.0	0.0	0.0	0.0	0.0	1.0	0.0	2.0	4.0	0.0	0.0	1.0	3.0	0.0	0.0	0.0
Confluentibacter	0.0	0.0	0.0	0.0	0.0	0.0	0.0	0.0	1.0	0.0	0.0	0.0	0.0	0.0	0.0	0.0	0.0	0.0
Coprococcus 1	0.0	0.0	0.0	3.0	0.0	2.0	0.0	0.0	0.0	0.0	0.0	0.0	1.0	0.0	0.0	0.0	0.0	0.0
Coprococcus 2	4.0	0.0	0.0	11.0	0.0	8.0	0.0	0.0	0.0	0.0	2.0	0.0	0.0	6.0	0.0	0.0	0.0	0.0
Coprococcus 3	2.0	0.0	0.0	0.0	0.0	1.0	0.0	2.0	0.0	0.0	0.0	0.0	2.0	5.0	0.0	0.0	0.0	0.0
Coraliomargarita	0.0	0.0	0.0	0.0	0.0	0.0	0.0	0.0	0.0	0.0	0.0	0.0	0.0	0.0	0.0	0.0	0.0	0.0
Coxiella	9.0	3.0	4.0	0.0	2.0	3.0	4.0	8.0	3.0	5.0	6.0	4.0	56.0	11.0	8.0	0.0	0.0	0.0
Crassaminicella	0.0	1.0	0.0	0.0	0.0	0.0	0.0	0.0	0.0	0.0	0.0	0.0	0.0	0.0	0.0	0.0	0.0	0.0
Crenobacter	0.0	0.0	0.0	0.0	0.0	0.0	0.0	0.0	0.0	0.0	0.0	0.0	0.0	0.0	0.0	0.0	0.0	0.0
Crenothrix	0.0	0.0	0.0	2.0	0.0	0.0	2.0	1.0	0.0	2.0	0.0	0.0	2.0	0.0	0.0	0.0	0.0	0.0
Crocinitomix	0.0	0.0	0.0	0.0	0.0	0.0	0.0	0.0	0.0	0.0	0.0	0.0	0.0	0.0	0.0	0.0	0.0	0.0
Cronobacter	0.0	0.0	0.0	0.0	0.0	0.0	0.0	0.0	0.0	0.0	0.0	0.0	0.0	0.0	0.0	3.0	3.0	3.0
Cryptanaerobacter	0.0	0.0	0.0	2.0	0.0	0.0	0.0	0.0	0.0	0.0	0.0	0.0	0.0	0.0	0.0	0.0	0.0	0.0
Cupriavidus	0.0	0.0	0.0	0.0	0.0	0.0	0.0	0.0	0.0	1.0	0.0	0.0	0.0	0.0	0.0	0.0	0.0	0.0
Curvibacter	31.0	53.0	19.0	30.0	59.0	23.0	25.0	75.0	22.0	77.0	55.0	48.0	19.0	32.0	24.0	0.0	0.0	0.0
Cyanobium PCC-6307	0.0	0.0	0.0	0.0	0.0	0.0	0.0	10.0	1.0	17.0	31.0	0.0	0.0	0.0	128.0	0.0	0.0	0.0
Cylindrospermum CENA33	0.0	0.0	0.0	0.0	0.0	0.0	0.0	0.0	0.0	0.0	0.0	0.0	0.0	0.0	0.0	0.0	0.0	0.0
Cytophaga	9.0	1.0	0.0	5.0	6.0	15.0	7.0	10.0	13.0	4.0	1.0	0.0	3.0	0.0	2.0	0.0	0.0	0.0
DMER64	0.0	0.0	0.0	0.0	0.0	0.0	0.0	0.0	5.0	0.0	0.0	0.0	0.0	6.0	2.0	0.0	0.0	0.0
DSSD61	0.0	0.0	0.0	4.0	0.0	0.0	0.0	5.0	0.0	0.0	2.0	0.0	0.0	0.0	0.0	0.0	0.0	0.0
Dechlorobacter	0.0	4.0	2.0	0.0	7.0	0.0	0.0	4.0	0.0	5.0	6.0	0.0	9.0	12.0	0.0	0.0	0.0	0.0
Dechloromonas	44.0	20.0	41.0	59.0	10.0	30.0	27.0	42.0	62.0	27.0	23.0	10.0	664.0	921.0	9.0	0.0	0.0	0.0
Dechlorosoma	1.0	0.0	0.0	0.0	0.0	0.0	0.0	0.0	0.0	0.0	0.0	0.0	2.0	1.0	0.0	0.0	0.0	0.0
Deefgea	8.0	7.0	13.0	23.0	18.0	13.0	29.0	37.0	16.0	12.0	10.0	0.0	166.0	6.0	2.0	0.0	0.0	0.0
Defluviicoccus	0.0	0.0	0.0	3.0	0.0	0.0	0.0	4.0	0.0	0.0	0.0	0.0	4.0	0.0	0.0	0.0	0.0	0.0
Defluviimonas	1.0	0.0	7.0	18.0	7.0	0.0	17.0	6.0	3.0	1.0	3.0	7.0	75.0	31.0	0.0	0.0	0.0	0.0
Defluviitaleaceae UCG-011	0.0	0.0	0.0	0.0	0.0	0.0	0.0	0.0	0.0	3.0	0.0	0.0	0.0	0.0	0.0	0.0	0.0	0.0
Deinobacterium	0.0	0.0	0.0	0.0	0.0	0.0	0.0	0.0	0.0	0.0	0.0	0.0	0.0	0.0	0.0	0.0	0.0	0.0
Deinococcus	0.0	0.0	0.0	1.0	0.0	0.0	0.0	2.0	0.0	1.0	3.0	0.0	0.0	13.0	0.0	0.0	0.0	0.0
Delftia	0.0	7.0	0.0	2.0	8.0	4.0	8.0	44.0	3.0	11.0	1.0	0.0	2.0	5.0	0.0	0.0	0.0	0.0
Demequina	0.0	0.0	0.0	0.0	0.0	0.0	0.0	0.0	0.0	0.0	0.0	0.0	0.0	0.0	0.0	0.0	0.0	0.0
Denitratisoma	15.0	19.0	13.0	140.0	12.0	6.0	47.0	27.0	127.0	14.0	17.0	7.0	58.0	61.0	2.0	0.0	0.0	0.0
Desulfatiglans	0.0	0.0	0.0	2.0	0.0	0.0	1.0	2.0	2.0	3.0	2.0	0.0	15.0	4.0	0.0	0.0	0.0	0.0
Desulfatirhabdium	0.0	0.0	0.0	4.0	0.0	0.0	0.0	0.0	0.0	1.0	0.0	0.0	8.0	0.0	0.0	0.0	0.0	0.0
Desulfobacca	0.0	1.0	0.0	15.0	0.0	0.0	2.0	3.0	1.0	5.0	3.0	6.0	34.0	8.0	0.0	0.0	0.0	0.0
Desulfobacter	3.0	0.0	0.0	0.0	0.0	3.0	0.0	1.0	0.0	0.0	0.0	0.0	0.0	0.0	0.0	0.0	0.0	0.0
Desulfobacterium	0.0	0.0	0.0	0.0	0.0	0.0	0.0	0.0	0.0	0.0	0.0	0.0	1.0	0.0	0.0	0.0	0.0	0.0
Desulfobulbus	0.0	0.0	0.0	1.0	0.0	0.0	0.0	0.0	1.0	0.0	0.0	0.0	0.0	0.0	0.0	0.0	0.0	0.0
Desulfomonile	0.0	1.0	0.0	4.0	0.0	0.0	1.0	4.0	0.0	0.0	0.0	0.0	9.0	4.0	0.0	0.0	0.0	0.0
Desulforhabdus	0.0	0.0	0.0	0.0	0.0	0.0	0.0	0.0	0.0	0.0	0.0	0.0	2.0	0.0	0.0	0.0	0.0	0.0
Desulfosporosinus	0.0	0.0	0.0	0.0	0.0	0.0	0.0	9.0	0.0	4.0	5.0	0.0	0.0	0.0	0.0	0.0	0.0	0.0
Desulfovibrio	1.0	0.0	0.0	7.0	0.0	0.0	0.0	8.0	0.0	0.0	1.0	0.0	7.0	4.0	0.0	0.0	0.0	0.0
Desulfovirga	0.0	0.0	0.0	0.0	0.0	0.0	0.0	0.0	0.0	0.0	0.0	0.0	10.0	0.0	0.0	0.0	0.0	0.0
Desulfuromonas	0.0	0.0	0.0	5.0	0.0	0.0	2.0	5.0	5.0	4.0	0.0	0.0	32.0	2.0	0.0	0.0	0.0	0.0
Devosia	18.0	22.0	48.0	88.0	68.0	25.0	38.0	64.0	28.0	30.0	50.0	29.0	306.0	62.0	34.0	0.0	0.0	0.0
Dialister	0.0	0.0	0.0	3.0	0.0	7.0	0.0	0.0	0.0	1.0	0.0	0.0	4.0	3.0	0.0	0.0	0.0	0.0
Diaminobutyricimonas	0.0	0.0	0.0	0.0	0.0	0.0	0.0	0.0	0.0	0.0	0.0	0.0	0.0	0.0	0.0	0.0	0.0	0.0
Diaphorobacter	3.0	2.0	0.0	14.0	0.0	3.0	1.0	2.0	0.0	2.0	3.0	0.0	2.0	7.0	1.0	0.0	0.0	0.0
Dickeya	0.0	18.0	0.0	0.0	0.0	0.0	0.0	12.0	0.0	2.0	2.0	0.0	0.0	0.0	0.0	0.0	0.0	0.0
Dinghuibacter	54.0	10.0	18.0	25.0	12.0	30.0	53.0	62.0	109.0	217.0	340.0	86.0	23.0	32.0	384.0	0.0	0.0	0.0
Diplorickettsia	0.0	2.0	0.0	0.0	4.0	0.0	0.0	2.0	0.0	4.0	3.0	0.0	11.0	0.0	0.0	0.0	0.0	0.0
Diplosphaera	0.0	0.0	0.0	0.0	0.0	1.0	4.0	3.0	0.0	0.0	0.0	0.0	5.0	0.0	0.0	0.0	0.0	0.0
Dissulfurimicrobium	0.0	0.0	0.0	0.0	0.0	0.0	0.0	0.0	0.0	0.0	0.0	0.0	0.0	0.0	0.0	0.0	0.0	0.0
Dokdonella	4.0	3.0	0.0	77.0	0.0	6.0	22.0	0.0	22.0	2.0	1.0	0.0	8.0	189.0	11.0	0.0	0.0	0.0
Domibacillus	0.0	1.0	0.0	0.0	0.0	0.0	0.0	0.0	0.0	0.0	0.0	0.0	0.0	0.0	0.0	0.0	0.0	0.0
Dongia	0.0	2.0	5.0	6.0	4.0	0.0	3.0	7.0	3.0	0.0	2.0	0.0	26.0	9.0	0.0	0.0	0.0	0.0
Dorea	5.0	0.0	0.0	11.0	2.0	9.0	2.0	0.0	7.0	1.0	2.0	0.0	1.0	17.0	0.0	0.0	0.0	0.0
Duganella	142.0	48.0	39.0	165.0	32.0	114.0	88.0	187.0	95.0	37.0	14.0	6.0	47.0	23.0	12.0	0.0	0.0	0.0
Dyadobacter	0.0	0.0	0.0	0.0	0.0	3.0	0.0	0.0	1.0	0.0	0.0	0.0	0.0	0.0	3.0	0.0	0.0	0.0
Dyella	0.0	0.0	0.0	0.0	0.0	0.0	0.0	1.0	0.0	0.0	0.0	0.0	0.0	0.0	0.0	0.0	0.0	0.0
Dysgonomonas	0.0	1.0	0.0	0.0	0.0	0.0	0.0	0.0	2.0	0.0	0.0	0.0	0.0	0.0	0.0	0.0	0.0	0.0
Edwardsiella	0.0	0.0	0.0	0.0	0.0	0.0	0.0	4.0	0.0	0.0	0.0	0.0	0.0	0.0	0.0	0.0	1.0	0.0
Eggerthella	0.0	0.0	0.0	0.0	0.0	0.0	0.0	0.0	0.0	0.0	0.0	0.0	0.0	0.0	0.0	0.0	0.0	0.0
Ekhidna	0.0	0.0	0.0	0.0	0.0	0.0	0.0	3.0	0.0	0.0	0.0	0.0	0.0	0.0	0.0	0.0	0.0	0.0
Elev-16S-1166	0.0	0.0	0.0	0.0	0.0	0.0	0.0	0.0	0.0	0.0	0.0	0.0	0.0	1.0	0.0	0.0	0.0	0.0
Ellin6067	12.0	27.0	37.0	147.0	27.0	4.0	23.0	54.0	57.0	48.0	34.0	22.0	46.0	69.0	15.0	0.0	0.0	0.0
Elstera	0.0	0.0	0.0	0.0	0.0	0.0	0.0	5.0	0.0	0.0	0.0	0.0	3.0	0.0	0.0	0.0	0.0	0.0
Emticicia	4.0	0.0	0.0	1.0	0.0	5.0	0.0	0.0	10.0	0.0	1.0	0.0	1.0	0.0	0.0	0.0	0.0	0.0
Enhydrobacter	0.0	0.0	0.0	0.0	0.0	0.0	0.0	0.0	0.0	0.0	0.0	0.0	2.0	0.0	0.0	0.0	0.0	0.0
Ensifer	0.0	0.0	0.0	2.0	0.0	0.0	0.0	0.0	0.0	0.0	0.0	0.0	1.0	0.0	0.0	0.0	0.0	0.0
Enterobacillus	0.0	0.0	0.0	0.0	0.0	0.0	0.0	0.0	0.0	0.0	0.0	0.0	0.0	0.0	0.0	0.0	0.0	0.0
Enterobacter	12.0	10.0	25.0	10.0	2.0	1.0	8.0	11.0	2.0	5.0	10.0	0.0	13.0	9.0	4.0	54.0	40.0	27.0
Enterococcus	1.0	4.0	6.0	1.0	2.0	3.0	0.0	12.0	1.0	6.0	9.0	8.0	0.0	7.0	4.0	1795.0	1739.0	1893.0
Epulopiscium	0.0	1.0	0.0	0.0	1.0	0.0	0.0	3.0	0.0	1.0	3.0	0.0	0.0	0.0	0.0	0.0	0.0	0.0
Erwinia	30.0	11.0	40.0	26.0	4.0	4.0	16.0	21.0	11.0	3.0	3.0	0.0	22.0	5.0	0.0	1.0	0.0	0.0
Erysipelotrichaceae UCG-003	0.0	0.0	0.0	0.0	0.0	0.0	0.0	0.0	0.0	0.0	1.0	0.0	0.0	0.0	0.0	0.0	0.0	0.0
Erythrobacter	4.0	0.0	8.0	6.0	2.0	3.0	3.0	2.0	2.0	2.0	1.0	21.0	34.0	0.0	0.0	0.0	0.0	0.0
Escherichia-Shigella	57.0	22.0	28.0	57.0	10.0	16.0	23.0	16.0	5.0	11.0	8.0	22.0	63.0	49.0	11.0	11778.0	12118.0	11052.0
Ethanoligenens	0.0	0.0	0.0	0.0	0.0	0.0	0.0	0.0	0.0	0.0	0.0	0.0	0.0	47.0	0.0	0.0	0.0	0.0
Eubacterium	0.0	0.0	0.0	0.0	0.0	0.0	0.0	0.0	0.0	0.0	0.0	0.0	0.0	0.0	0.0	0.0	0.0	0.0
Exiguobacterium	0.0	1.0	0.0	3.0	1.0	0.0	0.0	2.0	0.0	2.0	0.0	1.0	0.0	0.0	0.0	2.0	3.0	4.0
FFCH5858	0.0	0.0	0.0	0.0	0.0	0.0	0.0	0.0	0.0	0.0	0.0	0.0	0.0	0.0	0.0	0.0	0.0	0.0
Faecalibacterium	64.0	3.0	12.0	153.0	3.0	53.0	52.0	6.0	39.0	9.0	8.0	0.0	175.0	51.0	15.0	0.0	0.0	0.0
Falsirhodobacter	0.0	0.0	0.0	2.0	0.0	0.0	0.0	1.0	0.0	0.0	0.0	0.0	18.0	0.0	0.0	0.0	0.0	0.0
Family XIII AD3011 group	0.0	0.0	0.0	4.0	0.0	0.0	0.0	0.0	0.0	0.0	0.0	0.0	0.0	1.0	0.0	0.0	0.0	0.0
Ferribacterium	6.0	0.0	5.0	4.0	0.0	6.0	2.0	7.0	7.0	1.0	2.0	3.0	249.0	1628.0	4.0	0.0	0.0	0.0
Ferritrophicum	10.0	4.0	0.0	33.0	1.0	5.0	8.0	14.0	18.0	2.0	4.0	0.0	8.0	8.0	0.0	0.0	0.0	0.0
Ferrovibrio	0.0	0.0	0.0	0.0	0.0	0.0	0.0	0.0	0.0	0.0	0.0	0.0	4.0	0.0	0.0	0.0	0.0	0.0
Ferrovum	0.0	0.0	0.0	0.0	0.0	0.0	0.0	0.0	0.0	0.0	0.0	0.0	0.0	0.0	0.0	0.0	0.0	0.0
Ferruginibacter	16.0	1.0	0.0	10.0	3.0	9.0	19.0	4.0	37.0	3.0	11.0	20.0	15.0	193.0	2.0	0.0	0.0	0.0
Fibrobacter	0.0	0.0	0.0	0.0	0.0	0.0	0.0	0.0	0.0	0.0	0.0	0.0	0.0	0.0	0.0	0.0	0.0	0.0
Fictibacillus	0.0	0.0	0.0	0.0	0.0	0.0	0.0	2.0	0.0	1.0	0.0	0.0	0.0	0.0	0.0	0.0	0.0	0.0
Filomicrobium	0.0	0.0	0.0	0.0	0.0	0.0	0.0	0.0	0.0	0.0	0.0	0.0	1.0	0.0	0.0	0.0	0.0	0.0
Fimbriiglobus	0.0	1.0	0.0	8.0	4.0	0.0	4.0	9.0	0.0	2.0	0.0	0.0	7.0	10.0	0.0	0.0	0.0	0.0
Flavihumibacter	0.0	1.0	0.0	2.0	0.0	0.0	7.0	0.0	20.0	0.0	0.0	0.0	3.0	7.0	0.0	0.0	0.0	0.0
Flavisolibacter	0.0	0.0	0.0	2.0	0.0	0.0	0.0	0.0	0.0	0.0	0.0	0.0	0.0	0.0	0.0	0.0	0.0	0.0
Flavitalea	0.0	0.0	0.0	0.0	0.0	0.0	0.0	0.0	0.0	0.0	0.0	0.0	0.0	0.0	0.0	0.0	0.0	0.0
Flavobacterium	1610.0	779.0	917.0	295.0	1125.0	1865.0	1310.0	325.0	1413.0	293.0	228.0	147.0	465.0	378.0	375.0	1.0	3.0	0.0
Flavonifractor	0.0	0.0	0.0	0.0	0.0	0.0	0.0	0.0	0.0	0.0	0.0	0.0	0.0	0.0	0.0	0.0	0.0	0.0
Flectobacillus	0.0	0.0	28.0	0.0	0.0	0.0	0.0	1.0	0.0	8.0	3.0	10.0	0.0	3.0	1.0	0.0	0.0	0.0
Flexibacter	0.0	1.0	0.0	0.0	0.0	0.0	0.0	0.0	0.0	0.0	0.0	0.0	0.0	0.0	0.0	0.0	0.0	0.0
Flexithrix	0.0	0.0	0.0	0.0	0.0	0.0	0.0	2.0	0.0	0.0	0.0	0.0	0.0	0.0	0.0	0.0	0.0	0.0
Fluviicoccus	0.0	1.0	0.0	0.0	0.0	0.0	0.0	1.0	0.0	0.0	0.0	0.0	1.0	0.0	0.0	0.0	0.0	0.0
Fluviicola	247.0	242.0	198.0	59.0	386.0	311.0	153.0	81.0	244.0	135.0	86.0	24.0	98.0	60.0	264.0	0.0	0.0	0.0
Fluviimonas	0.0	0.0	0.0	0.0	0.0	0.0	0.0	0.0	0.0	0.0	1.0	0.0	0.0	0.0	0.0	0.0	0.0	0.0
Fodinicola	1.0	6.0	3.0	4.0	10.0	0.0	2.0	9.0	0.0	3.0	2.0	0.0	2.0	13.0	105.0	0.0	0.0	0.0
Fodinicurvata	0.0	0.0	0.0	0.0	0.0	0.0	0.0	0.0	0.0	0.0	1.0	0.0	0.0	0.0	0.0	0.0	0.0	0.0
Fonticella	0.0	0.0	0.0	0.0	0.0	0.0	0.0	0.0	0.0	2.0	0.0	0.0	2.0	0.0	0.0	0.0	0.0	0.0
Fontimonas	0.0	0.0	0.0	0.0	0.0	0.0	0.0	0.0	0.0	0.0	0.0	0.0	0.0	0.0	0.0	0.0	0.0	0.0
Formivibrio	1.0	3.0	7.0	1.0	1.0	0.0	1.0	9.0	0.0	2.0	1.0	0.0	15.0	4.0	2.0	0.0	0.0	0.0
Fournierella	0.0	0.0	0.0	0.0	0.0	0.0	0.0	0.0	0.0	3.0	0.0	0.0	0.0	0.0	0.0	0.0	0.0	0.0
Francisella	0.0	0.0	0.0	0.0	0.0	0.0	0.0	0.0	0.0	0.0	0.0	0.0	0.0	0.0	0.0	0.0	0.0	0.0
Franconibacter	0.0	0.0	0.0	0.0	0.0	0.0	0.0	0.0	0.0	0.0	0.0	0.0	0.0	0.0	0.0	2.0	1.0	0.0
Frondihabitans	0.0	0.0	0.0	0.0	0.0	0.0	0.0	0.0	0.0	0.0	0.0	0.0	0.0	0.0	0.0	0.0	0.0	0.0
FukuN57	0.0	0.0	4.0	0.0	0.0	0.0	1.0	3.0	0.0	1.0	0.0	0.0	7.0	0.0	0.0	0.0	0.0	0.0
Fusibacter	0.0	0.0	0.0	0.0	3.0	4.0	1.0	0.0	11.0	3.0	3.0	0.0	0.0	18.0	0.0	0.0	0.0	0.0
Fusicatenibacter	7.0	2.0	0.0	16.0	1.0	9.0	5.0	0.0	5.0	2.0	0.0	0.0	3.0	20.0	0.0	0.0	0.0	0.0
Fusobacterium	0.0	0.0	0.0	0.0	0.0	0.0	0.0	2.0	0.0	1.0	0.0	0.0	0.0	0.0	0.0	0.0	0.0	0.0
GCA-900066225	0.0	0.0	0.0	0.0	0.0	0.0	0.0	1.0	0.0	0.0	1.0	0.0	0.0	0.0	0.0	0.0	0.0	0.0
GCA-900066575	0.0	0.0	0.0	2.0	0.0	0.0	0.0	0.0	0.0	0.0	1.0	0.0	0.0	0.0	0.0	0.0	0.0	0.0
GKS98 freshwater group	339.0	69.0	355.0	345.0	57.0	132.0	53.0	244.0	224.0	332.0	365.0	212.0	128.0	146.0	638.0	0.0	2.0	0.0
GOUTA6	11.0	10.0	4.0	14.0	4.0	1.0	3.0	8.0	8.0	11.0	2.0	0.0	3.0	0.0	0.0	0.0	0.0	0.0
GOUTB8	0.0	0.0	0.0	0.0	0.0	0.0	0.0	2.0	0.0	0.0	0.0	0.0	0.0	0.0	0.0	0.0	0.0	0.0
GWE2-31-10	0.0	0.0	0.0	0.0	0.0	0.0	0.0	0.0	0.0	0.0	0.0	0.0	0.0	0.0	0.0	0.0	0.0	0.0
Gaiella	0.0	2.0	2.0	15.0	6.0	0.0	1.0	10.0	0.0	2.0	3.0	0.0	0.0	2.0	0.0	0.0	0.0	0.0
Galbitalea	0.0	1.0	0.0	2.0	8.0	0.0	5.0	0.0	0.0	0.0	0.0	0.0	0.0	2.0	0.0	0.0	0.0	0.0
Gallionella	38.0	22.0	17.0	41.0	9.0	27.0	35.0	29.0	57.0	32.0	12.0	0.0	42.0	7.0	2.0	0.0	0.0	0.0
Garciella	0.0	0.0	0.0	0.0	0.0	0.0	0.0	1.0	0.0	0.0	0.0	0.0	0.0	0.0	0.0	0.0	0.0	0.0
Geitlerinema PCC-7105	0.0	0.0	0.0	0.0	0.0	0.0	0.0	5.0	0.0	0.0	2.0	0.0	0.0	2.0	0.0	0.0	0.0	0.0
Geminicoccus	0.0	0.0	0.0	0.0	0.0	0.0	0.0	0.0	0.0	0.0	1.0	0.0	0.0	0.0	0.0	0.0	0.0	0.0
Geminocystis PCC-6308	0.0	0.0	0.0	0.0	0.0	0.0	0.0	0.0	0.0	0.0	0.0	0.0	0.0	2.0	0.0	0.0	0.0	0.0
Gemmata	0.0	0.0	8.0	19.0	6.0	0.0	4.0	11.0	4.0	7.0	1.0	7.0	5.0	5.0	4.0	0.0	0.0	0.0
Gemmatimonas	2.0	6.0	0.0	16.0	9.0	7.0	3.0	37.0	16.0	27.0	91.0	8.0	76.0	14.0	129.0	0.0	0.0	0.0
Gemmobacter	25.0	2.0	47.0	87.0	16.0	14.0	47.0	12.0	7.0	5.0	8.0	39.0	135.0	30.0	3.0	0.0	0.0	0.0
Geobacter	4.0	1.0	0.0	14.0	1.0	3.0	13.0	11.0	16.0	6.0	3.0	5.0	127.0	19.0	0.0	0.0	0.0	0.0
Georgfuchsia	4.0	1.0	0.0	1.0	1.0	0.0	0.0	5.0	8.0	2.0	0.0	0.0	0.0	4.0	0.0	0.0	0.0	0.0
Geothermobacter	0.0	3.0	4.0	2.0	2.0	0.0	7.0	0.0	4.0	3.0	2.0	0.0	42.0	5.0	0.0	0.0	0.0	0.0
Geothrix	0.0	0.0	0.0	1.0	0.0	0.0	1.0	0.0	3.0	1.0	2.0	4.0	1.0	1.0	0.0	0.0	0.0	0.0
Gibbsiella	0.0	0.0	0.0	0.0	0.0	0.0	0.0	0.0	0.0	0.0	0.0	0.0	0.0	0.0	0.0	0.0	0.0	0.0
Giesbergeria	3.0	1.0	4.0	5.0	6.0	6.0	5.0	6.0	0.0	0.0	3.0	0.0	0.0	4.0	6.0	0.0	0.0	0.0
Gilliamella	0.0	1.0	0.0	0.0	0.0	0.0	0.0	1.0	0.0	0.0	0.0	0.0	0.0	0.0	0.0	0.0	0.0	0.0
Glaciimonas	3.0	1.0	0.0	0.0	0.0	4.0	0.0	0.0	0.0	0.0	0.0	0.0	0.0	0.0	0.0	0.0	0.0	0.0
Gordonia	0.0	1.0	0.0	0.0	0.0	0.0	0.0	0.0	0.0	0.0	0.0	0.0	0.0	0.0	0.0	0.0	0.0	0.0
Gottschalkia	0.0	0.0	0.0	0.0	0.0	0.0	0.0	1.0	0.0	2.0	2.0	0.0	0.0	0.0	0.0	0.0	0.0	0.0
Gracilibacter	0.0	0.0	0.0	0.0	0.0	0.0	0.0	0.0	2.0	0.0	0.0	0.0	0.0	0.0	0.0	0.0	0.0	0.0
Granulicatella	0.0	0.0	0.0	0.0	0.0	0.0	0.0	0.0	0.0	0.0	0.0	0.0	0.0	0.0	0.0	18.0	30.0	16.0
Gulbenkiania	0.0	0.0	0.0	1.0	0.0	0.0	0.0	0.0	0.0	0.0	0.0	0.0	3.0	0.0	0.0	0.0	0.0	0.0
Haematobacter	0.0	0.0	0.0	0.0	0.0	0.0	1.0	0.0	0.0	0.0	0.0	0.0	3.0	0.0	0.0	0.0	0.0	0.0
Haematospirillum	0.0	1.0	0.0	0.0	8.0	0.0	0.0	42.0	0.0	18.0	15.0	0.0	7.0	0.0	17.0	0.0	0.0	0.0
Haemophilus	4.0	0.0	0.0	1.0	0.0	1.0	0.0	0.0	0.0	0.0	0.0	0.0	2.0	0.0	0.0	0.0	0.0	0.0
Hafnia-Obesumbacterium	1.0	1.0	0.0	0.0	0.0	0.0	0.0	6.0	0.0	1.0	0.0	0.0	2.0	0.0	0.0	0.0	0.0	0.0
Hahella	0.0	0.0	0.0	0.0	0.0	0.0	0.0	0.0	0.0	0.0	0.0	0.0	6.0	0.0	0.0	0.0	0.0	0.0
Haliangium	13.0	43.0	29.0	222.0	25.0	26.0	52.0	208.0	88.0	75.0	61.0	43.0	77.0	1504.0	16.0	0.0	0.0	0.0
Halioglobus	0.0	1.0	0.0	1.0	0.0	0.0	2.0	1.0	0.0	0.0	2.0	0.0	4.0	1.0	0.0	0.0	0.0	0.0
Haliscomenobacter	0.0	0.0	0.0	0.0	0.0	3.0	13.0	0.0	2.0	2.0	1.0	6.0	5.0	331.0	0.0	0.0	0.0	0.0
Halobacteriovorax	0.0	0.0	0.0	0.0	0.0	0.0	0.0	1.0	0.0	0.0	0.0	0.0	0.0	0.0	0.0	0.0	0.0	0.0
Halomonas	4.0	1.0	1.0	5.0	0.0	2.0	1.0	6.0	5.0	1.0	0.0	0.0	217.0	22.0	1.0	0.0	0.0	0.0
Halovulum	0.0	0.0	0.0	2.0	6.0	0.0	2.0	2.0	0.0	1.0	1.0	4.0	6.0	0.0	0.0	0.0	0.0	0.0
Hansschlegelia	0.0	0.0	0.0	0.0	5.0	0.0	0.0	0.0	0.0	0.0	0.0	0.0	0.0	0.0	0.0	0.0	0.0	0.0
HdN1	0.0	0.0	0.0	0.0	0.0	0.0	0.0	1.0	0.0	0.0	0.0	0.0	2.0	0.0	0.0	0.0	0.0	0.0
Helicobacter	1.0	0.0	0.0	0.0	4.0	0.0	0.0	0.0	0.0	0.0	0.0	0.0	0.0	0.0	0.0	0.0	0.0	0.0
Herbaspirillum	2.0	1.0	0.0	3.0	0.0	1.0	2.0	0.0	4.0	5.0	4.0	0.0	0.0	2.0	0.0	0.0	0.0	0.0
Herbinix	0.0	0.0	0.0	2.0	0.0	0.0	0.0	7.0	3.0	0.0	0.0	0.0	0.0	1.0	0.0	0.0	0.0	0.0
Herminiimonas	9.0	1.0	0.0	12.0	0.0	9.0	16.0	1.0	10.0	0.0	0.0	0.0	6.0	3.0	0.0	0.0	0.0	0.0
Herpetosiphon	0.0	1.0	0.0	0.0	0.0	0.0	0.0	1.0	0.0	2.0	0.0	0.0	0.0	0.0	0.0	0.0	0.0	0.0
Hydrocarboniphaga	0.0	0.0	0.0	0.0	0.0	0.0	0.0	0.0	0.0	0.0	0.0	0.0	0.0	0.0	0.0	0.0	0.0	0.0
Hydrogenispora	0.0	2.0	0.0	1.0	0.0	0.0	0.0	0.0	0.0	0.0	2.0	0.0	0.0	0.0	0.0	0.0	0.0	0.0
Hydrogenophaga	569.0	160.0	322.0	1051.0	171.0	306.0	361.0	395.0	399.0	290.0	251.0	231.0	245.0	296.0	300.0	1.0	0.0	0.0
Hylemonella	0.0	2.0	0.0	1.0	1.0	0.0	0.0	24.0	0.0	6.0	1.0	0.0	0.0	0.0	0.0	0.0	0.0	0.0
Hyphomicrobium	5.0	9.0	42.0	91.0	70.0	3.0	27.0	95.0	17.0	26.0	33.0	37.0	192.0	118.0	25.0	0.0	0.0	0.0
Hypnocyclicus	13.0	3.0	8.0	0.0	0.0	11.0	1.0	1.0	10.0	1.0	3.0	0.0	0.0	0.0	1.0	0.0	0.0	0.0
IMCC26134	13.0	24.0	120.0	46.0	16.0	26.0	48.0	206.0	102.0	122.0	87.0	342.0	97.0	11.0	5.0	0.0	0.0	0.0
IMCC26207	0.0	0.0	4.0	2.0	8.0	0.0	0.0	0.0	0.0	1.0	2.0	0.0	0.0	12.0	2.0	0.0	0.0	0.0
IS-44	2.0	3.0	1.0	18.0	0.0	0.0	2.0	1.0	9.0	1.0	4.0	0.0	5.0	2.0	0.0	0.0	0.0	0.0
Iamia	0.0	3.0	2.0	5.0	2.0	0.0	0.0	3.0	0.0	1.0	1.0	0.0	0.0	14.0	2.0	0.0	0.0	0.0
Ideonella	24.0	24.0	37.0	22.0	30.0	13.0	5.0	76.0	16.0	26.0	7.0	11.0	17.0	48.0	24.0	0.0	0.0	0.0
Ignatzschineria	0.0	1.0	0.0	0.0	0.0	0.0	4.0	0.0	0.0	0.0	0.0	0.0	8.0	0.0	0.0	0.0	0.0	0.0
Ignavibacterium	0.0	0.0	0.0	0.0	0.0	0.0	0.0	0.0	0.0	0.0	1.0	0.0	0.0	0.0	0.0	0.0	0.0	0.0
Ilumatobacter	0.0	3.0	10.0	14.0	3.0	0.0	2.0	3.0	4.0	2.0	5.0	8.0	3.0	6.0	7.0	0.0	0.0	0.0
Immundisolibacter	0.0	0.0	0.0	0.0	0.0	0.0	0.0	0.0	0.0	0.0	0.0	0.0	0.0	0.0	0.0	0.0	0.0	0.0
Inhella	0.0	4.0	1.0	0.0	9.0	0.0	0.0	19.0	3.0	14.0	8.0	9.0	0.0	38.0	4.0	0.0	0.0	0.0
Inquilinus	0.0	0.0	0.0	0.0	0.0	0.0	0.0	1.0	0.0	0.0	6.0	0.0	0.0	0.0	0.0	0.0	0.0	0.0
Insolitispirillum	0.0	0.0	0.0	0.0	0.0	0.0	0.0	2.0	0.0	0.0	0.0	0.0	0.0	0.0	0.0	0.0	0.0	0.0
Intestinibacter	1.0	1.0	10.0	3.0	5.0	0.0	0.0	16.0	4.0	19.0	16.0	8.0	0.0	8.0	8.0	0.0	0.0	0.0
Intestinimonas	0.0	0.0	0.0	0.0	0.0	0.0	0.0	0.0	0.0	0.0	0.0	0.0	0.0	0.0	0.0	0.0	0.0	0.0
Iodobacter	0.0	0.0	7.0	4.0	0.0	1.0	7.0	0.0	3.0	0.0	0.0	0.0	54.0	2.0	0.0	0.0	0.0	0.0
JGI 0001001-H03	0.0	0.0	0.0	0.0	0.0	0.0	0.0	1.0	5.0	0.0	5.0	0.0	0.0	0.0	0.0	0.0	0.0	0.0
Jannaschia	0.0	0.0	0.0	0.0	0.0	0.0	0.0	0.0	0.0	2.0	0.0	0.0	1.0	0.0	0.0	0.0	0.0	0.0
Janthinobacterium	111.0	6.0	7.0	148.0	5.0	64.0	93.0	5.0	95.0	4.0	2.0	2.0	42.0	16.0	0.0	0.0	0.0	0.0
KCM-B-112	0.0	0.0	0.0	0.0	0.0	0.0	0.0	0.0	0.0	0.0	0.0	0.0	1.0	0.0	0.0	0.0	0.0	0.0
Kaistia	0.0	1.0	0.0	6.0	4.0	3.0	2.0	6.0	0.0	2.0	0.0	0.0	9.0	4.0	0.0	0.0	0.0	0.0
Kerstersia	3.0	1.0	0.0	3.0	0.0	2.0	0.0	0.0	0.0	3.0	2.0	2.0	1.0	2.0	0.0	0.0	0.0	0.0
Ketogulonicigenium	0.0	1.0	5.0	8.0	3.0	2.0	14.0	4.0	10.0	4.0	2.0	17.0	42.0	7.0	1.0	0.0	0.0	0.0
Kineosporia	0.0	0.0	0.0	0.0	3.0	0.0	0.0	0.0	0.0	0.0	0.0	0.0	0.0	2.0	1.0	0.0	0.0	0.0
Kingella	0.0	0.0	0.0	0.0	0.0	0.0	0.0	0.0	0.0	0.0	0.0	0.0	1.0	0.0	0.0	0.0	0.0	0.0
Kinneretia	0.0	0.0	0.0	0.0	0.0	0.0	0.0	1.0	0.0	0.0	0.0	0.0	0.0	0.0	0.0	0.0	0.0	0.0
Klebsiella	20.0	10.0	12.0	19.0	0.0	5.0	7.0	6.0	0.0	4.0	0.0	0.0	30.0	21.0	3.0	46.0	25.0	16.0
Kluyvera	14.0	5.0	13.0	11.0	0.0	3.0	6.0	2.0	0.0	1.0	1.0	0.0	7.0	21.0	2.0	4.0	1.0	0.0
Kosakonia	0.0	0.0	0.0	0.0	0.0	0.0	0.0	1.0	0.0	0.0	0.0	0.0	0.0	0.0	0.0	11.0	6.0	2.0
Koukoulia	0.0	0.0	0.0	0.0	0.0	0.0	1.0	3.0	0.0	0.0	1.0	0.0	4.0	0.0	0.0	0.0	0.0	0.0
Kouleothrix	0.0	0.0	0.0	0.0	0.0	0.0	0.0	0.0	0.0	0.0	0.0	0.0	0.0	9.0	0.0	0.0	0.0	0.0
Kurthia	0.0	0.0	0.0	0.0	0.0	0.0	0.0	0.0	0.0	0.0	0.0	0.0	0.0	0.0	0.0	0.0	2.0	0.0
Labrys	0.0	0.0	0.0	0.0	0.0	0.0	0.0	3.0	0.0	0.0	0.0	0.0	5.0	9.0	1.0	0.0	0.0	0.0
Lachnoclostridium	8.0	0.0	0.0	18.0	0.0	0.0	0.0	0.0	7.0	1.0	1.0	0.0	2.0	6.0	4.0	0.0	0.0	0.0
Lachnoclostridium 5	0.0	0.0	0.0	0.0	0.0	0.0	0.0	2.0	0.0	0.0	0.0	0.0	0.0	0.0	1.0	0.0	0.0	0.0
Lachnospira	2.0	0.0	0.0	3.0	0.0	1.0	1.0	0.0	1.0	0.0	1.0	0.0	2.0	4.0	0.0	0.0	0.0	0.0
Lachnospiraceae FCS020 group	0.0	0.0	0.0	3.0	0.0	0.0	0.0	0.0	0.0	0.0	1.0	0.0	2.0	1.0	0.0	0.0	0.0	0.0
Lachnospiraceae NC2004 group	0.0	0.0	0.0	0.0	0.0	0.0	0.0	0.0	0.0	0.0	0.0	0.0	0.0	0.0	0.0	0.0	0.0	0.0
Lachnospiraceae ND3007 group	0.0	0.0	0.0	1.0	0.0	0.0	0.0	1.0	0.0	0.0	0.0	0.0	0.0	0.0	0.0	0.0	0.0	0.0
Lachnospiraceae NK3A20 group	0.0	0.0	0.0	0.0	0.0	0.0	0.0	0.0	0.0	0.0	0.0	0.0	0.0	2.0	0.0	0.0	0.0	0.0
Lachnospiraceae NK4A136 group	8.0	1.0	0.0	17.0	0.0	23.0	5.0	1.0	9.0	4.0	1.0	0.0	3.0	14.0	0.0	0.0	0.0	0.0
Lachnospiraceae UCG-004	1.0	0.0	0.0	7.0	0.0	2.0	0.0	0.0	0.0	0.0	0.0	0.0	0.0	1.0	0.0	0.0	0.0	0.0
Lachnotalea	0.0	0.0	0.0	0.0	3.0	0.0	0.0	0.0	0.0	2.0	0.0	0.0	0.0	0.0	0.0	0.0	0.0	0.0
Lacibacter	0.0	0.0	0.0	0.0	0.0	0.0	0.0	0.0	0.0	5.0	0.0	0.0	0.0	0.0	2.0	0.0	0.0	0.0
Lacibacterium	0.0	0.0	0.0	0.0	0.0	0.0	0.0	1.0	0.0	0.0	0.0	0.0	0.0	0.0	0.0	0.0	0.0	0.0
Lacihabitans	48.0	5.0	33.0	31.0	3.0	40.0	53.0	20.0	85.0	6.0	7.0	83.0	24.0	32.0	5.0	0.0	0.0	0.0
Lactobacillus	0.0	1.0	8.0	1.0	5.0	3.0	1.0	3.0	0.0	9.0	2.0	15.0	2.0	7.0	3.0	1659.0	1631.0	1678.0
Lactococcus	0.0	0.0	0.0	0.0	0.0	0.0	0.0	2.0	0.0	4.0	2.0	0.0	0.0	1.0	0.0	0.0	0.0	0.0
Lacunisphaera	8.0	19.0	22.0	34.0	11.0	22.0	41.0	55.0	54.0	50.0	24.0	50.0	119.0	19.0	7.0	0.0	0.0	0.0
Laribacter	0.0	0.0	0.0	0.0	0.0	0.0	0.0	0.0	0.0	0.0	0.0	0.0	1.0	3.0	1.0	0.0	0.0	0.0
Lautropia	11.0	12.0	12.0	28.0	3.0	7.0	6.0	31.0	28.0	23.0	39.0	1.0	11.0	135.0	5.0	0.0	0.0	0.0
Leadbetterella	1.0	1.0	0.0	0.0	0.0	0.0	0.0	0.0	0.0	0.0	0.0	0.0	0.0	0.0	0.0	0.0	0.0	0.0
Leeia	3.0	0.0	0.0	0.0	0.0	0.0	0.0	0.0	0.0	0.0	0.0	0.0	0.0	0.0	0.0	0.0	0.0	0.0
Legionella	32.0	31.0	20.0	39.0	28.0	16.0	28.0	59.0	10.0	27.0	31.0	16.0	340.0	63.0	22.0	0.0	1.0	0.0
Leifsonia	0.0	0.0	0.0	0.0	0.0	0.0	0.0	0.0	0.0	0.0	1.0	0.0	0.0	0.0	0.0	0.0	0.0	0.0
Lelliottia	7.0	5.0	3.0	9.0	0.0	0.0	3.0	8.0	0.0	0.0	2.0	0.0	2.0	8.0	13.0	0.0	0.0	0.0
Lentimonas	0.0	0.0	0.0	4.0	0.0	0.0	5.0	3.0	2.0	0.0	0.0	0.0	4.0	0.0	0.0	0.0	0.0	0.0
Lentisphaera	4.0	3.0	11.0	5.0	6.0	7.0	8.0	9.0	7.0	2.0	0.0	2.0	11.0	1.0	7.0	0.0	0.0	0.0
Leptolinea	0.0	0.0	0.0	0.0	0.0	0.0	0.0	0.0	0.0	0.0	0.0	0.0	0.0	0.0	0.0	0.0	0.0	0.0
Leptolyngbya LEGE-06070	0.0	0.0	0.0	0.0	0.0	0.0	0.0	1.0	0.0	0.0	0.0	0.0	0.0	0.0	0.0	0.0	0.0	0.0
Leptospira	0.0	0.0	0.0	0.0	0.0	0.0	2.0	3.0	2.0	4.0	9.0	0.0	0.0	33.0	5.0	0.0	0.0	0.0
Leptospirillum	0.0	0.0	0.0	0.0	0.0	0.0	0.0	0.0	0.0	0.0	0.0	0.0	1.0	0.0	0.0	0.0	0.0	0.0
Leptothrix	26.0	36.0	63.0	69.0	15.0	22.0	22.0	87.0	46.0	54.0	28.0	57.0	19.0	221.0	10.0	0.0	0.0	0.0
Leucobacter	0.0	4.0	10.0	2.0	8.0	0.0	0.0	0.0	0.0	3.0	0.0	0.0	0.0	1.0	5.0	0.0	0.0	0.0
Leuconostoc	0.0	0.0	0.0	3.0	0.0	0.0	0.0	2.0	0.0	0.0	0.0	0.0	0.0	0.0	0.0	0.0	0.0	0.0
Lewinella	0.0	0.0	0.0	0.0	0.0	0.0	0.0	0.0	0.0	1.0	0.0	0.0	0.0	0.0	0.0	0.0	0.0	0.0
Limnobacter	22.0	10.0	5.0	19.0	8.0	11.0	9.0	43.0	14.0	16.0	10.0	8.0	8.0	17.0	6.0	0.0	0.0	0.0
Limnohabitans	9284.0	12037.0	14274.0	13427.0	10509.0	8447.0	12549.0	16550.0	10371.0	19481.0	20393.0	25877.0	4162.0	5698.0	4504.0	5.0	23.0	27.0
Listeria	2.0	2.0	5.0	1.0	0.0	0.0	1.0	1.0	0.0	6.0	4.0	21.0	2.0	4.0	6.0	2799.0	2613.0	2916.0
Loktanella	0.0	0.0	0.0	0.0	0.0	0.0	0.0	0.0	0.0	0.0	0.0	0.0	1.0	0.0	0.0	0.0	0.0	0.0
Luteibacter	2.0	0.0	0.0	2.0	0.0	0.0	0.0	0.0	0.0	0.0	0.0	0.0	0.0	0.0	0.0	0.0	0.0	0.0
Luteimonas	0.0	4.0	0.0	4.0	0.0	3.0	0.0	1.0	0.0	0.0	1.0	0.0	4.0	0.0	0.0	0.0	0.0	0.0
Luteitalea	0.0	0.0	0.0	1.0	0.0	0.0	0.0	0.0	0.0	0.0	0.0	0.0	0.0	0.0	0.0	0.0	0.0	0.0
Luteolibacter	0.0	0.0	0.0	1.0	0.0	0.0	0.0	1.0	0.0	0.0	0.0	0.0	7.0	5.0	0.0	0.0	0.0	0.0
Lutispora	0.0	0.0	0.0	0.0	0.0	0.0	0.0	0.0	0.0	0.0	0.0	0.0	0.0	8.0	0.0	0.0	0.0	0.0
Lysinibacillus	0.0	1.0	0.0	0.0	2.0	0.0	0.0	3.0	0.0	2.0	0.0	0.0	0.0	0.0	0.0	0.0	0.0	0.0
Lysinimonas	0.0	0.0	0.0	3.0	0.0	0.0	0.0	0.0	0.0	0.0	0.0	0.0	0.0	0.0	0.0	0.0	0.0	0.0
Lysobacter	8.0	4.0	10.0	20.0	1.0	2.0	6.0	14.0	4.0	0.0	3.0	4.0	3.0	101.0	4.0	0.0	0.0	0.0
Lyticum	0.0	0.0	0.0	1.0	0.0	0.0	0.0	0.0	0.0	0.0	0.0	0.0	0.0	0.0	0.0	0.0	0.0	0.0
M2PT2-76 termite group	0.0	0.0	0.0	0.0	0.0	0.0	0.0	0.0	0.0	3.0	1.0	0.0	0.0	0.0	0.0	0.0	0.0	0.0
MD3-55	0.0	0.0	0.0	0.0	0.0	0.0	0.0	0.0	0.0	0.0	0.0	0.0	2.0	0.0	0.0	0.0	0.0	0.0
MM1	0.0	0.0	0.0	0.0	2.0	0.0	0.0	1.0	0.0	2.0	0.0	0.0	0.0	0.0	0.0	0.0	0.0	0.0
MM2	0.0	3.0	0.0	3.0	0.0	0.0	0.0	1.0	2.0	0.0	0.0	0.0	0.0	0.0	0.0	0.0	0.0	0.0
MND1	15.0	29.0	28.0	57.0	27.0	10.0	10.0	34.0	36.0	15.0	10.0	12.0	15.0	16.0	5.0	0.0	0.0	0.0
MSBL3	0.0	0.0	0.0	0.0	0.0	0.0	0.0	0.0	2.0	0.0	0.0	0.0	0.0	0.0	0.0	0.0	0.0	0.0
MWH-Ta3	1.0	98.0	93.0	4.0	129.0	6.0	3.0	155.0	5.0	80.0	65.0	21.0	2.0	3.0	40.0	0.0	1.0	0.0
MWH-UniP1 aquatic group	0.0	1.0	0.0	0.0	0.0	0.0	0.0	3.0	0.0	4.0	11.0	0.0	0.0	0.0	6.0	0.0	0.0	0.0
Macellibacteroides	2.0	0.0	0.0	0.0	0.0	5.0	0.0	0.0	0.0	0.0	0.0	0.0	2.0	0.0	0.0	0.0	0.0	0.0
Macrococcus	0.0	0.0	0.0	0.0	0.0	0.0	0.0	0.0	0.0	0.0	0.0	0.0	0.0	0.0	0.0	0.0	0.0	0.0
Macromonas	0.0	0.0	0.0	0.0	0.0	0.0	0.0	4.0	0.0	9.0	0.0	0.0	0.0	0.0	0.0	0.0	0.0	0.0
Magnetococcus	0.0	0.0	0.0	0.0	0.0	0.0	0.0	5.0	0.0	4.0	3.0	0.0	0.0	0.0	2.0	0.0	0.0	0.0
Magnetospira	0.0	0.0	0.0	0.0	0.0	0.0	0.0	0.0	0.0	0.0	0.0	0.0	2.0	0.0	0.0	0.0	0.0	0.0
Magnetospirillum	4.0	7.0	2.0	3.0	6.0	6.0	2.0	31.0	1.0	7.0	0.0	0.0	41.0	0.0	5.0	0.0	0.0	0.0
Malikia	278.0	18.0	100.0	664.0	29.0	340.0	344.0	29.0	492.0	31.0	50.0	112.0	145.0	66.0	13.0	0.0	0.0	0.0
Mangrovibacter	0.0	0.0	0.0	0.0	0.0	0.0	0.0	0.0	0.0	0.0	0.0	0.0	0.0	0.0	0.0	0.0	0.0	0.0
Marinagarivorans	0.0	0.0	0.0	0.0	0.0	0.0	1.0	0.0	0.0	0.0	0.0	0.0	1.0	0.0	0.0	0.0	0.0	0.0
Marinimicrobium	0.0	0.0	0.0	0.0	0.0	0.0	0.0	0.0	0.0	0.0	0.0	0.0	0.0	0.0	0.0	0.0	0.0	0.0
Marinoscillum	0.0	0.0	0.0	0.0	0.0	0.0	0.0	1.0	0.0	0.0	0.0	0.0	0.0	0.0	0.0	0.0	0.0	0.0
Marinospirillum	0.0	0.0	0.0	0.0	0.0	0.0	0.0	0.0	0.0	0.0	0.0	0.0	7.0	0.0	0.0	0.0	0.0	0.0
Marivirga	0.0	0.0	0.0	0.0	0.0	0.0	0.0	0.0	0.0	0.0	0.0	0.0	0.0	0.0	0.0	0.0	0.0	0.0
Marmoricola	0.0	0.0	0.0	0.0	0.0	0.0	0.0	0.0	0.0	0.0	0.0	0.0	0.0	10.0	0.0	0.0	0.0	0.0
Marvinbryantia	0.0	0.0	0.0	0.0	0.0	0.0	2.0	0.0	0.0	0.0	0.0	0.0	0.0	0.0	0.0	0.0	0.0	0.0
Massilia	520.0	39.0	23.0	589.0	17.0	373.0	338.0	77.0	462.0	25.0	14.0	10.0	280.0	220.0	0.0	0.0	0.0	0.0
Megamonas	11.0	0.0	0.0	0.0	0.0	2.0	0.0	1.0	6.0	7.0	1.0	0.0	0.0	2.0	0.0	0.0	0.0	0.0
Megasphaera	0.0	0.0	0.0	0.0	0.0	0.0	0.0	0.0	0.0	2.0	0.0	0.0	0.0	3.0	0.0	0.0	0.0	0.0
Meniscus	0.0	0.0	0.0	0.0	0.0	0.0	0.0	0.0	0.0	0.0	0.0	0.0	1.0	0.0	0.0	0.0	0.0	0.0
Mesorhizobium	1.0	1.0	2.0	18.0	9.0	1.0	6.0	11.0	2.0	3.0	5.0	9.0	48.0	18.0	7.0	0.0	0.0	0.0
Methylibium	2.0	1.0	0.0	10.0	0.0	2.0	1.0	3.0	0.0	6.0	16.0	0.0	1.0	0.0	17.0	0.0	0.0	0.0
Methylobacillus	0.0	1.0	0.0	0.0	0.0	0.0	0.0	9.0	0.0	2.0	1.0	0.0	0.0	0.0	0.0	0.0	0.0	0.0
Methylobacterium	2.0	0.0	7.0	7.0	0.0	0.0	3.0	2.0	5.0	2.0	0.0	0.0	644.0	3.0	7.0	0.0	0.0	0.0
Methyloceanibacter	0.0	0.0	0.0	0.0	0.0	0.0	0.0	2.0	0.0	0.0	0.0	0.0	0.0	0.0	0.0	0.0	0.0	0.0
Methylocystis	0.0	2.0	0.0	11.0	2.0	0.0	0.0	3.0	0.0	6.0	3.0	6.0	14.0	2.0	5.0	0.0	0.0	0.0
Methylomonas	0.0	0.0	0.0	0.0	0.0	0.0	0.0	0.0	0.0	3.0	0.0	0.0	0.0	0.0	0.0	0.0	0.0	0.0
Methyloparacoccus	0.0	0.0	0.0	0.0	0.0	0.0	0.0	0.0	0.0	0.0	0.0	0.0	2.0	0.0	1.0	0.0	0.0	0.0
Methylophilus	11.0	26.0	16.0	4.0	5.0	12.0	8.0	78.0	11.0	18.0	15.0	19.0	8.0	4.0	2.0	0.0	0.0	0.0
Methylorosula	0.0	0.0	0.0	0.0	0.0	0.0	0.0	0.0	0.0	0.0	0.0	0.0	4.0	42.0	8.0	0.0	0.0	0.0
Methylosinus	0.0	0.0	0.0	3.0	0.0	0.0	0.0	1.0	0.0	0.0	0.0	0.0	1.0	0.0	0.0	0.0	0.0	0.0
Methylotenera	468.0	87.0	177.0	112.0	12.0	123.0	221.0	90.0	115.0	32.0	43.0	67.0	504.0	186.0	25.0	0.0	0.0	0.0
Methyloversatilis	0.0	0.0	0.0	0.0	0.0	0.0	0.0	0.0	0.0	0.0	0.0	0.0	0.0	3.0	0.0	0.0	0.0	0.0
Methylovorus	0.0	0.0	0.0	0.0	0.0	0.0	0.0	0.0	0.0	0.0	0.0	0.0	0.0	0.0	0.0	0.0	0.0	0.0
Microbacterium	1.0	3.0	4.0	12.0	1.0	0.0	0.0	0.0	0.0	0.0	0.0	0.0	0.0	3.0	0.0	0.0	0.0	0.0
Microlunatus	0.0	1.0	0.0	1.0	0.0	0.0	0.0	0.0	0.0	0.0	0.0	0.0	0.0	0.0	0.0	0.0	0.0	0.0
Micromonospora	0.0	0.0	0.0	1.0	0.0	0.0	0.0	1.0	0.0	0.0	0.0	0.0	0.0	0.0	0.0	0.0	0.0	0.0
Micropepsis	0.0	2.0	0.0	0.0	4.0	0.0	0.0	1.0	0.0	0.0	0.0	0.0	0.0	0.0	0.0	0.0	0.0	0.0
Micropruina	0.0	0.0	0.0	0.0	0.0	0.0	0.0	0.0	0.0	0.0	0.0	0.0	0.0	51.0	0.0	0.0	0.0	0.0
Microvirga	0.0	0.0	0.0	1.0	8.0	0.0	1.0	2.0	0.0	2.0	0.0	0.0	16.0	0.0	0.0	0.0	0.0	0.0
Microvirgula	0.0	2.0	0.0	0.0	4.0	0.0	0.0	4.0	0.0	3.0	0.0	0.0	0.0	0.0	0.0	0.0	0.0	0.0
Mitsuaria	0.0	1.0	0.0	1.0	0.0	0.0	0.0	1.0	0.0	1.0	0.0	0.0	0.0	3.0	0.0	0.0	0.0	0.0
Mitsuokella	0.0	0.0	0.0	0.0	0.0	0.0	0.0	0.0	0.0	0.0	2.0	0.0	0.0	0.0	0.0	0.0	0.0	0.0
Moraxella	0.0	0.0	0.0	0.0	0.0	0.0	0.0	0.0	0.0	0.0	0.0	0.0	0.0	0.0	0.0	0.0	0.0	0.0
Morganella	0.0	0.0	0.0	0.0	0.0	0.0	0.0	0.0	0.0	0.0	0.0	0.0	0.0	0.0	0.0	0.0	0.0	0.0
Mucilaginibacter	21.0	4.0	0.0	7.0	6.0	12.0	8.0	8.0	20.0	5.0	0.0	0.0	8.0	2.0	1.0	0.0	0.0	0.0
Mucinivorans	0.0	0.0	0.0	0.0	0.0	0.0	0.0	0.0	0.0	0.0	0.0	0.0	3.0	0.0	0.0	0.0	0.0	0.0
Mucispirillum	0.0	0.0	0.0	0.0	0.0	0.0	0.0	4.0	0.0	0.0	0.0	0.0	0.0	0.0	0.0	0.0	0.0	0.0
Mycobacterium	0.0	0.0	0.0	0.0	0.0	0.0	0.0	0.0	0.0	0.0	0.0	0.0	0.0	0.0	1.0	0.0	0.0	0.0
Mycoplasma	0.0	0.0	0.0	0.0	0.0	0.0	0.0	0.0	0.0	0.0	0.0	0.0	0.0	0.0	0.0	0.0	0.0	0.0
Nannocystis	0.0	1.0	0.0	6.0	2.0	0.0	0.0	10.0	4.0	2.0	1.0	0.0	8.0	69.0	0.0	0.0	0.0	0.0
Negativibacillus	0.0	0.0	0.0	0.0	0.0	2.0	0.0	1.0	0.0	0.0	1.0	0.0	1.0	0.0	0.0	0.0	0.0	0.0
Neisseria	0.0	0.0	0.0	1.0	0.0	0.0	0.0	4.0	0.0	0.0	0.0	0.0	4.0	0.0	0.0	0.0	0.0	0.0
Neorhizobium	0.0	0.0	0.0	2.0	0.0	0.0	1.0	0.0	0.0	0.0	0.0	0.0	1.0	0.0	0.0	0.0	0.0	0.0
Nevskia	0.0	5.0	0.0	0.0	0.0	0.0	0.0	0.0	0.0	1.0	0.0	0.0	1.0	0.0	0.0	0.0	0.0	0.0
Nitratireductor	0.0	1.0	0.0	9.0	8.0	0.0	2.0	2.0	1.0	2.0	9.0	13.0	43.0	8.0	8.0	0.0	0.0	0.0
Nitrobacter	0.0	0.0	0.0	0.0	0.0	0.0	0.0	1.0	0.0	0.0	0.0	0.0	2.0	1.0	0.0	0.0	0.0	0.0
Nitrosomonas	0.0	0.0	0.0	2.0	0.0	0.0	0.0	3.0	1.0	5.0	3.0	0.0	18.0	74.0	1.0	0.0	0.0	0.0
Nitrosospira	0.0	0.0	0.0	0.0	0.0	0.0	0.0	0.0	0.0	0.0	0.0	0.0	4.0	0.0	0.0	0.0	0.0	0.0
Nitrospira	8.0	11.0	13.0	48.0	18.0	7.0	16.0	40.0	32.0	6.0	10.0	2.0	240.0	612.0	4.0	0.0	0.0	0.0
Nitrospirillum	0.0	0.0	0.0	0.0	0.0	0.0	0.0	2.0	0.0	0.0	0.0	0.0	0.0	0.0	0.0	0.0	0.0	0.0
Niveibacterium	0.0	0.0	0.0	0.0	0.0	0.0	0.0	0.0	0.0	0.0	3.0	0.0	0.0	0.0	0.0	0.0	0.0	0.0
Niveispirillum	0.0	10.0	3.0	0.0	28.0	0.0	2.0	93.0	0.0	20.0	6.0	9.0	1.0	0.0	1.0	0.0	0.0	0.0
Nocardioides	0.0	0.0	3.0	2.0	4.0	0.0	0.0	1.0	0.0	0.0	0.0	0.0	0.0	5.0	1.0	0.0	0.0	0.0
Nordella	0.0	2.0	7.0	23.0	38.0	0.0	4.0	15.0	5.0	2.0	4.0	3.0	39.0	7.0	10.0	0.0	0.0	0.0
Novibacillus	0.0	0.0	0.0	0.0	0.0	0.0	0.0	0.0	0.0	0.0	0.0	0.0	0.0	0.0	0.0	0.0	0.0	0.0
Noviherbaspirillum	45.0	2.0	11.0	21.0	0.0	35.0	39.0	14.0	52.0	32.0	106.0	8.0	29.0	15.0	25.0	0.0	0.0	0.0
Novispirillum	0.0	0.0	0.0	0.0	1.0	0.0	0.0	18.0	0.0	0.0	2.0	0.0	0.0	0.0	0.0	0.0	0.0	0.0
Novosphingobium	42.0	43.0	189.0	199.0	183.0	44.0	85.0	273.0	98.0	116.0	194.0	316.0	826.0	172.0	356.0	0.0	1.0	0.0
OLB12	0.0	0.0	0.0	0.0	4.0	0.0	3.0	2.0	16.0	0.0	1.0	0.0	4.0	20.0	1.0	0.0	0.0	0.0
OLB15	0.0	0.0	0.0	0.0	0.0	0.0	0.0	0.0	0.0	0.0	0.0	0.0	0.0	0.0	2.0	0.0	0.0	0.0
OLB8	0.0	0.0	0.0	0.0	0.0	0.0	0.0	0.0	0.0	0.0	0.0	0.0	0.0	13.0	0.0	0.0	0.0	0.0
OM27 clade	0.0	6.0	8.0	27.0	4.0	0.0	1.0	41.0	11.0	24.0	44.0	36.0	67.0	11.0	10.0	0.0	0.0	0.0
OM43 clade	0.0	2.0	0.0	0.0	0.0	0.0	0.0	0.0	0.0	0.0	0.0	0.0	0.0	0.0	0.0	0.0	0.0	0.0
OM60(NOR5) clade	0.0	0.0	0.0	3.0	0.0	0.0	4.0	1.0	0.0	0.0	1.0	0.0	5.0	9.0	0.0	0.0	0.0	0.0
Oceanobacter	0.0	0.0	0.0	0.0	0.0	0.0	0.0	0.0	0.0	0.0	0.0	0.0	0.0	0.0	0.0	0.0	0.0	0.0
Ochrobactrum	0.0	0.0	0.0	0.0	0.0	0.0	0.0	0.0	0.0	0.0	0.0	0.0	2.0	0.0	0.0	0.0	0.0	0.0
Odoribacter	0.0	0.0	0.0	0.0	0.0	0.0	0.0	0.0	1.0	0.0	0.0	0.0	1.0	0.0	0.0	0.0	0.0	0.0
Oleiphilus	0.0	1.0	0.0	0.0	0.0	0.0	0.0	0.0	0.0	0.0	0.0	0.0	0.0	0.0	0.0	0.0	0.0	0.0
Oleomonas	0.0	0.0	0.0	0.0	0.0	0.0	0.0	0.0	0.0	0.0	0.0	0.0	0.0	0.0	0.0	0.0	0.0	0.0
Oligoflexus	6.0	2.0	5.0	4.0	5.0	8.0	10.0	5.0	8.0	3.0	4.0	0.0	142.0	0.0	0.0	0.0	0.0	0.0
Opitutus	2.0	7.0	3.0	3.0	5.0	2.0	8.0	31.0	10.0	16.0	6.0	4.0	36.0	2.0	0.0	0.0	0.0	0.0
Ornithinibacter	0.0	1.0	0.0	2.0	0.0	0.0	0.0	0.0	0.0	0.0	0.0	0.0	0.0	17.0	0.0	0.0	0.0	0.0
Oscillibacter	0.0	0.0	0.0	3.0	0.0	0.0	1.0	0.0	0.0	0.0	0.0	0.0	0.0	0.0	0.0	0.0	0.0	0.0
Ottowia	0.0	1.0	0.0	5.0	0.0	5.0	1.0	0.0	3.0	0.0	6.0	0.0	0.0	2.0	0.0	0.0	0.0	0.0
Oxalicibacterium	7.0	0.0	0.0	5.0	0.0	1.0	4.0	0.0	1.0	2.0	1.0	0.0	0.0	3.0	0.0	0.0	0.0	0.0
Oxalobacter	3.0	0.0	0.0	8.0	0.0	4.0	9.0	0.0	0.0	0.0	1.0	0.0	6.0	1.0	0.0	0.0	0.0	0.0
Oxobacter	0.0	0.0	0.0	0.0	0.0	0.0	0.0	3.0	0.0	0.0	0.0	0.0	0.0	0.0	0.0	0.0	0.0	0.0
Paenarthrobacter	0.0	0.0	0.0	1.0	0.0	0.0	0.0	0.0	0.0	0.0	0.0	0.0	0.0	0.0	0.0	0.0	0.0	0.0
Paenibacillus	2.0	6.0	6.0	3.0	7.0	0.0	2.0	74.0	5.0	20.0	13.0	11.0	0.0	2.0	1.0	0.0	0.0	0.0
Paeniclostridium	0.0	0.0	0.0	0.0	2.0	0.0	0.0	1.0	0.0	2.0	0.0	0.0	0.0	0.0	0.0	0.0	0.0	0.0
Paenirhodobacter	0.0	0.0	26.0	0.0	1.0	0.0	0.0	2.0	0.0	0.0	1.0	5.0	0.0	0.0	0.0	0.0	0.0	0.0
Paenisporosarcina	0.0	0.0	0.0	0.0	0.0	0.0	0.0	1.0	0.0	2.0	2.0	0.0	0.0	1.0	0.0	0.0	0.0	0.0
Pajaroellobacter	0.0	1.0	0.0	3.0	0.0	0.0	0.0	0.0	2.0	1.0	1.0	0.0	8.0	20.0	0.0	0.0	0.0	0.0
Paludibacter	4.0	1.0	0.0	5.0	0.0	4.0	0.0	1.0	4.0	6.0	0.0	0.0	0.0	0.0	4.0	0.0	0.0	0.0
Paludibacterium	0.0	0.0	0.0	0.0	0.0	0.0	0.0	1.0	0.0	0.0	0.0	0.0	4.0	0.0	0.0	0.0	0.0	0.0
Paludibaculum	0.0	0.0	0.0	0.0	0.0	0.0	0.0	3.0	0.0	1.0	2.0	0.0	0.0	11.0	0.0	0.0	0.0	0.0
Paludisphaera	0.0	0.0	0.0	3.0	0.0	0.0	0.0	0.0	0.0	0.0	0.0	0.0	0.0	0.0	0.0	0.0	0.0	0.0
Panacagrimonas	0.0	1.0	0.0	0.0	0.0	0.0	0.0	0.0	0.0	0.0	0.0	0.0	2.0	0.0	0.0	0.0	0.0	0.0
Pantoea	5.0	14.0	12.0	3.0	12.0	0.0	9.0	15.0	0.0	0.0	3.0	0.0	1.0	1.0	0.0	1.0	5.0	1.0
Parabacteroides	2.0	0.0	0.0	0.0	0.0	0.0	1.0	1.0	2.0	2.0	0.0	0.0	0.0	1.0	0.0	0.0	0.0	0.0
Parablastomonas	0.0	0.0	0.0	2.0	0.0	0.0	0.0	0.0	0.0	0.0	0.0	0.0	5.0	0.0	0.0	0.0	0.0	0.0
Paraclostridium	0.0	1.0	0.0	0.0	0.0	0.0	0.0	0.0	0.0	0.0	1.0	0.0	0.0	0.0	0.0	0.0	0.0	0.0
Paracoccus	0.0	1.0	4.0	2.0	5.0	0.0	1.0	1.0	5.0	1.0	4.0	0.0	14.0	19.0	2.0	0.0	0.0	0.0
Paraperlucidibaca	2.0	0.0	0.0	1.0	0.0	0.0	0.0	0.0	0.0	0.0	0.0	0.0	3.0	0.0	0.0	0.0	0.0	0.0
Parapusillimonas	0.0	0.0	0.0	0.0	0.0	0.0	0.0	4.0	0.0	0.0	0.0	0.0	0.0	0.0	0.0	0.0	0.0	0.0
Pararhodospirillum	0.0	0.0	0.0	0.0	0.0	0.0	0.0	0.0	0.0	0.0	0.0	0.0	0.0	0.0	0.0	0.0	0.0	0.0
Patulibacter	0.0	0.0	0.0	0.0	0.0	0.0	0.0	0.0	0.0	0.0	1.0	0.0	0.0	0.0	0.0	0.0	0.0	0.0
Paucibacter	25.0	15.0	12.0	28.0	11.0	19.0	15.0	32.0	21.0	12.0	6.0	9.0	17.0	15.0	2.0	0.0	0.0	0.0
Pectobacterium	0.0	18.0	9.0	0.0	4.0	0.0	0.0	49.0	0.0	0.0	4.0	0.0	0.0	2.0	0.0	1.0	3.0	0.0
Pedobacter	21.0	3.0	4.0	9.0	2.0	8.0	8.0	0.0	23.0	2.0	2.0	0.0	4.0	20.0	9.0	0.0	0.0	0.0
Pedomicrobium	1.0	2.0	10.0	36.0	31.0	3.0	13.0	23.0	6.0	12.0	11.0	7.0	61.0	26.0	9.0	0.0	0.0	0.0
Pelagicoccus	0.0	0.0	0.0	1.0	0.0	0.0	0.0	0.0	0.0	0.0	0.0	0.0	0.0	0.0	0.0	0.0	0.0	0.0
Pelobacter	0.0	2.0	0.0	0.0	0.0	0.0	0.0	0.0	0.0	1.0	0.0	0.0	1.0	0.0	0.0	0.0	0.0	0.0
Pelomonas	10.0	13.0	10.0	26.0	4.0	12.0	16.0	61.0	13.0	17.0	8.0	8.0	9.0	9.0	7.0	0.0	0.0	0.0
Pelosinus	0.0	0.0	0.0	0.0	2.0	4.0	1.0	5.0	0.0	4.0	3.0	0.0	0.0	4.0	0.0	0.0	0.0	0.0
Peptoclostridium	0.0	0.0	0.0	0.0	0.0	0.0	0.0	1.0	0.0	0.0	0.0	0.0	0.0	0.0	0.0	0.0	0.0	0.0
Peptococcus	0.0	0.0	0.0	0.0	0.0	0.0	0.0	0.0	0.0	0.0	2.0	0.0	0.0	2.0	0.0	0.0	0.0	0.0
Peredibacter	3.0	1.0	0.0	0.0	0.0	4.0	3.0	8.0	5.0	11.0	7.0	0.0	60.0	3.0	0.0	0.0	0.0	0.0
Perlucidibaca	4.0	34.0	72.0	9.0	10.0	0.0	8.0	10.0	0.0	1.0	0.0	0.0	130.0	2.0	0.0	0.0	0.0	0.0
Permianibacter	0.0	0.0	0.0	0.0	0.0	0.0	0.0	1.0	0.0	0.0	0.0	0.0	3.0	0.0	0.0	0.0	0.0	0.0
Phaeodactylibacter	0.0	0.0	0.0	0.0	0.0	0.0	0.0	0.0	0.0	0.0	0.0	0.0	0.0	1.0	0.0	0.0	0.0	0.0
Phaeospirillum	0.0	0.0	0.0	0.0	0.0	0.0	0.0	5.0	0.0	0.0	1.0	0.0	1.0	0.0	0.0	0.0	0.0	0.0
Phascolarctobacterium	5.0	0.0	0.0	0.0	1.0	5.0	4.0	3.0	4.0	0.0	2.0	0.0	6.0	7.0	0.0	0.0	0.0	0.0
Phaselicystis	0.0	0.0	0.0	3.0	0.0	0.0	0.0	0.0	1.0	1.0	0.0	0.0	13.0	23.0	0.0	0.0	0.0	0.0
Phenylobacterium	1.0	2.0	0.0	20.0	0.0	6.0	10.0	5.0	6.0	7.0	10.0	0.0	63.0	6.0	6.0	0.0	0.0	0.0
Phormidesmis ANT.LACV5.1	0.0	0.0	0.0	0.0	0.0	0.0	4.0	0.0	0.0	0.0	0.0	0.0	0.0	0.0	0.0	0.0	0.0	0.0
Photorhabdus	0.0	3.0	0.0	0.0	1.0	0.0	0.0	9.0	0.0	0.0	0.0	0.0	0.0	0.0	0.0	0.0	0.0	0.0
Phreatobacter	2.0	1.0	11.0	12.0	18.0	2.0	5.0	8.0	5.0	2.0	4.0	5.0	65.0	16.0	4.0	0.0	0.0	0.0
Phyllobacterium	0.0	0.0	0.0	3.0	0.0	0.0	0.0	0.0	0.0	0.0	0.0	0.0	2.0	0.0	0.0	0.0	0.0	0.0
Pir2 lineage	0.0	0.0	0.0	0.0	0.0	0.0	0.0	0.0	0.0	0.0	0.0	0.0	6.0	0.0	0.0	0.0	0.0	0.0
Pir4 lineage	0.0	0.0	0.0	2.0	0.0	0.0	0.0	0.0	0.0	1.0	1.0	0.0	10.0	0.0	0.0	0.0	0.0	0.0
Pirellula	0.0	1.0	0.0	9.0	4.0	0.0	4.0	5.0	0.0	6.0	1.0	0.0	31.0	3.0	0.0	0.0	0.0	0.0
Piscinibacter	2.0	2.0	6.0	1.0	0.0	3.0	0.0	5.0	0.0	0.0	1.0	0.0	4.0	202.0	3.0	0.0	0.0	0.0
Planctopirus	0.0	0.0	0.0	0.0	0.0	0.0	0.0	0.0	0.0	0.0	0.0	0.0	2.0	0.0	0.0	0.0	0.0	0.0
Planktothrix NIVA-CYA 15	1.0	0.0	0.0	0.0	0.0	1.0	0.0	1.0	0.0	0.0	0.0	0.0	0.0	0.0	0.0	0.0	0.0	0.0
Planococcus	0.0	0.0	0.0	0.0	0.0	0.0	0.0	0.0	0.0	0.0	0.0	0.0	0.0	0.0	0.0	0.0	0.0	0.0
Planomicrobium	0.0	0.0	0.0	0.0	0.0	0.0	1.0	0.0	0.0	0.0	0.0	0.0	0.0	1.0	0.0	0.0	0.0	0.0
Plasticicumulans	0.0	0.0	0.0	0.0	0.0	0.0	0.0	0.0	0.0	0.0	0.0	0.0	0.0	2.0	8.0	0.0	0.0	0.0
Pleomorphomonas	0.0	0.0	0.0	1.0	0.0	0.0	0.0	0.0	0.0	0.0	0.0	0.0	0.0	0.0	0.0	0.0	0.0	0.0
Plesiomonas	0.0	1.0	0.0	0.0	0.0	0.0	0.0	3.0	0.0	1.0	2.0	0.0	0.0	0.0	0.0	0.0	0.0	0.0
Pleurocapsa PCC-7319	0.0	0.0	0.0	0.0	0.0	0.0	0.0	4.0	0.0	0.0	3.0	0.0	0.0	0.0	1.0	0.0	0.0	0.0
Pluralibacter	0.0	0.0	0.0	0.0	0.0	0.0	0.0	0.0	0.0	0.0	0.0	0.0	0.0	0.0	0.0	5.0	2.0	3.0
Polaromonas	797.0	5.0	31.0	1038.0	5.0	860.0	1159.0	14.0	891.0	7.0	16.0	41.0	595.0	405.0	25.0	0.0	0.0	0.0
Polyangium	0.0	0.0	0.0	3.0	0.0	0.0	0.0	0.0	0.0	0.0	0.0	0.0	6.0	10.0	0.0	0.0	0.0	0.0
Polycyclovorans	0.0	1.0	0.0	0.0	0.0	0.0	0.0	0.0	0.0	0.0	0.0	0.0	17.0	0.0	0.0	0.0	0.0	0.0
Polymorphobacter	1.0	0.0	0.0	34.0	0.0	9.0	11.0	0.0	9.0	0.0	0.0	0.0	102.0	8.0	0.0	0.0	0.0	0.0
Polynucleobacter	932.0	851.0	704.0	369.0	461.0	431.0	559.0	604.0	694.0	885.0	1131.0	407.0	353.0	400.0	488.0	0.0	3.0	0.0
Porphyrobacter	0.0	5.0	2.0	4.0	19.0	0.0	1.0	7.0	0.0	2.0	3.0	11.0	5.0	3.0	5.0	0.0	0.0	0.0
Porticoccus	0.0	0.0	0.0	0.0	0.0	0.0	0.0	0.0	0.0	0.0	0.0	0.0	16.0	0.0	0.0	0.0	0.0	0.0
Pragia	0.0	0.0	0.0	0.0	0.0	0.0	0.0	0.0	0.0	0.0	0.0	0.0	0.0	0.0	0.0	0.0	0.0	0.0
Prevotella 1	0.0	0.0	0.0	0.0	0.0	0.0	0.0	0.0	0.0	0.0	0.0	0.0	0.0	2.0	0.0	0.0	0.0	0.0
Prevotella 9	4.0	1.0	0.0	2.0	0.0	5.0	3.0	0.0	0.0	2.0	3.0	0.0	2.0	8.0	4.0	0.0	0.0	0.0
Prevotellaceae UCG-001	0.0	0.0	0.0	0.0	0.0	0.0	0.0	1.0	0.0	0.0	0.0	0.0	0.0	0.0	0.0	0.0	0.0	0.0
Prevotellaceae UCG-003	0.0	0.0	0.0	0.0	0.0	0.0	0.0	1.0	0.0	0.0	0.0	0.0	0.0	0.0	0.0	0.0	0.0	0.0
Propionispira	0.0	3.0	0.0	2.0	0.0	2.0	0.0	2.0	1.0	3.0	0.0	0.0	0.0	1.0	0.0	0.0	0.0	0.0
Propionispora	0.0	0.0	0.0	0.0	0.0	0.0	0.0	0.0	0.0	0.0	0.0	0.0	0.0	0.0	0.0	0.0	0.0	0.0
Propionivibrio	5.0	2.0	5.0	10.0	0.0	0.0	3.0	6.0	2.0	1.0	1.0	0.0	41.0	1.0	0.0	0.0	0.0	0.0
Prosthecobacter	0.0	0.0	0.0	0.0	0.0	0.0	0.0	0.0	0.0	0.0	0.0	0.0	0.0	1.0	0.0	0.0	0.0	0.0
Prosthecomicrobium	0.0	0.0	0.0	0.0	1.0	0.0	0.0	0.0	0.0	0.0	0.0	0.0	0.0	3.0	0.0	0.0	0.0	0.0
Proteiniclasticum	3.0	1.0	0.0	0.0	0.0	0.0	0.0	0.0	4.0	2.0	1.0	0.0	1.0	29.0	0.0	0.0	0.0	0.0
Proteocatella	2.0	0.0	0.0	0.0	1.0	2.0	3.0	0.0	0.0	0.0	0.0	0.0	0.0	3.0	0.0	0.0	0.0	0.0
Proteus	0.0	1.0	0.0	0.0	0.0	0.0	0.0	1.0	0.0	0.0	0.0	0.0	0.0	0.0	0.0	0.0	0.0	0.0
Providencia	5.0	5.0	0.0	0.0	0.0	0.0	1.0	5.0	0.0	0.0	0.0	0.0	1.0	0.0	4.0	0.0	0.0	0.0
Pseudanabaena PCC-7429	0.0	0.0	12.0	0.0	0.0	0.0	0.0	0.0	0.0	0.0	0.0	0.0	0.0	0.0	0.0	0.0	0.0	0.0
Pseudarcicella	9561.0	16939.0	9743.0	1733.0	14913.0	11997.0	6566.0	6115.0	6004.0	7022.0	5897.0	1066.0	2656.0	2937.0	13573.0	4.0	17.0	8.0
Pseudarthrobacter	0.0	0.0	0.0	0.0	0.0	0.0	0.0	0.0	0.0	0.0	0.0	0.0	0.0	0.0	0.0	0.0	0.0	0.0
Pseudochrobactrum	0.0	0.0	0.0	0.0	0.0	0.0	0.0	0.0	0.0	0.0	0.0	0.0	0.0	0.0	0.0	0.0	0.0	0.0
Pseudocitrobacter	0.0	0.0	0.0	0.0	0.0	0.0	0.0	0.0	0.0	0.0	0.0	0.0	0.0	0.0	0.0	1.0	0.0	0.0
Pseudoduganella	0.0	0.0	0.0	1.0	0.0	0.0	0.0	0.0	0.0	0.0	0.0	0.0	0.0	0.0	0.0	0.0	0.0	0.0
Pseudohongiella	10.0	4.0	9.0	4.0	0.0	3.0	8.0	2.0	0.0	3.0	9.0	4.0	255.0	0.0	12.0	0.0	0.0	0.0
Pseudolabrys	3.0	1.0	0.0	2.0	6.0	4.0	2.0	0.0	2.0	2.0	1.0	2.0	14.0	5.0	0.0	0.0	0.0	0.0
Pseudomonas	153.0	42.0	111.0	127.0	12.0	27.0	85.0	40.0	30.0	6.0	9.0	4.0	2610.0	89.0	4.0	261.0	285.0	314.0
Pseudorhodobacter	49.0	211.0	375.0	288.0	984.0	75.0	235.0	916.0	74.0	397.0	521.0	720.0	784.0	110.0	398.0	1.0	1.0	2.0
Pseudorhodoferax	0.0	2.0	0.0	2.0	0.0	2.0	2.0	2.0	0.0	3.0	1.0	0.0	1.0	0.0	0.0	0.0	0.0	0.0
Pseudorhodoplanes	0.0	4.0	4.0	7.0	20.0	4.0	4.0	10.0	0.0	5.0	9.0	5.0	54.0	4.0	6.0	0.0	0.0	0.0
Pseudoxanthobacter	0.0	0.0	0.0	0.0	0.0	0.0	0.0	0.0	0.0	0.0	0.0	0.0	0.0	0.0	0.0	0.0	0.0	0.0
Pseudoxanthomonas	7.0	1.0	3.0	58.0	1.0	3.0	10.0	27.0	16.0	2.0	0.0	1.0	6.0	10.0	0.0	0.0	0.0	0.0
Psychrobacillus	0.0	0.0	0.0	0.0	0.0	0.0	0.0	0.0	0.0	0.0	0.0	0.0	0.0	0.0	0.0	0.0	0.0	0.0
Psychrobacter	0.0	0.0	0.0	0.0	0.0	0.0	0.0	0.0	0.0	0.0	0.0	0.0	8.0	0.0	0.0	0.0	0.0	0.0
Psychroglaciecola	0.0	0.0	0.0	1.0	0.0	0.0	0.0	0.0	0.0	0.0	0.0	0.0	0.0	0.0	0.0	0.0	0.0	0.0
Puniceicoccus	0.0	0.0	0.0	0.0	0.0	0.0	1.0	2.0	1.0	0.0	0.0	0.0	1.0	0.0	0.0	0.0	0.0	0.0
Pusillimonas	0.0	0.0	0.0	0.0	0.0	0.0	0.0	0.0	0.0	0.0	0.0	0.0	1.0	0.0	0.0	0.0	0.0	0.0
Qipengyuania	0.0	0.0	0.0	0.0	0.0	0.0	0.0	0.0	0.0	6.0	0.0	0.0	0.0	0.0	0.0	0.0	0.0	0.0
Quatrionicoccus	0.0	1.0	0.0	0.0	3.0	0.0	0.0	2.0	0.0	0.0	0.0	0.0	5.0	0.0	0.0	0.0	0.0	0.0
RS62 marine group	0.0	0.0	0.0	1.0	0.0	1.0	2.0	0.0	3.0	4.0	2.0	0.0	0.0	1.0	0.0	0.0	0.0	0.0
Rahnella	13.0	9.0	0.0	13.0	6.0	6.0	4.0	9.0	5.0	2.0	0.0	0.0	15.0	3.0	0.0	0.0	0.0	0.0
Ralstonia	0.0	0.0	0.0	0.0	0.0	0.0	0.0	0.0	0.0	0.0	0.0	0.0	0.0	0.0	0.0	0.0	0.0	0.0
Ramlibacter	5.0	9.0	0.0	22.0	4.0	6.0	4.0	9.0	11.0	17.0	22.0	0.0	8.0	22.0	26.0	0.0	0.0	0.0
Raoultella	8.0	10.0	6.0	19.0	6.0	0.0	2.0	7.0	0.0	3.0	5.0	0.0	8.0	12.0	2.0	2.0	1.0	0.0
Reyranella	3.0	8.0	8.0	13.0	34.0	1.0	5.0	28.0	10.0	9.0	6.0	5.0	53.0	73.0	25.0	0.0	0.0	0.0
Rheinheimera	28.0	23.0	88.0	10.0	12.0	6.0	27.0	77.0	7.0	14.0	8.0	37.0	50.0	14.0	5.0	0.0	0.0	0.0
Rhizobacter	114.0	49.0	98.0	212.0	32.0	72.0	70.0	104.0	115.0	55.0	29.0	62.0	76.0	287.0	8.0	0.0	0.0	0.0
Rhizomicrobium	0.0	0.0	0.0	0.0	0.0	0.0	0.0	0.0	0.0	0.0	0.0	0.0	0.0	0.0	0.0	0.0	0.0	0.0
Rhizorhapis	3.0	1.0	7.0	29.0	4.0	2.0	11.0	1.0	8.0	0.0	1.0	12.0	94.0	8.0	0.0	0.0	0.0	0.0
Rhodanobacter	0.0	1.0	0.0	0.0	0.0	0.0	0.0	0.0	0.0	0.0	0.0	0.0	1.0	0.0	1.0	0.0	0.0	0.0
Rhodobacter	103.0	16.0	181.0	378.0	109.0	106.0	228.0	98.0	82.0	56.0	116.0	291.0	1176.0	511.0	467.0	0.0	0.0	2.0
Rhodococcus	0.0	0.0	0.0	6.0	0.0	0.0	0.0	0.0	0.0	0.0	0.0	0.0	0.0	0.0	0.0	0.0	0.0	0.0
Rhodocyclus	0.0	2.0	0.0	0.0	1.0	0.0	0.0	0.0	0.0	1.0	0.0	0.0	0.0	0.0	0.0	0.0	0.0	0.0
Rhodoferax	2652.0	329.0	691.0	3767.0	313.0	1909.0	4398.0	520.0	3479.0	529.0	531.0	1760.0	1303.0	1814.0	166.0	3.0	1.0	3.0
Rhodoligotrophos	0.0	0.0	0.0	0.0	0.0	0.0	0.0	0.0	0.0	0.0	0.0	0.0	1.0	0.0	0.0	0.0	0.0	0.0
Rhodoluna	84.0	761.0	1229.0	161.0	1413.0	110.0	113.0	665.0	98.0	427.0	459.0	132.0	35.0	46.0	394.0	0.0	1.0	2.0
Rhodomicrobium	0.0	0.0	0.0	2.0	1.0	0.0	0.0	0.0	0.0	0.0	0.0	0.0	4.0	0.0	0.0	0.0	0.0	0.0
Rhodoplanes	0.0	0.0	0.0	6.0	0.0	0.0	1.0	1.0	0.0	2.0	0.0	0.0	6.0	13.0	0.0	0.0	0.0	0.0
Rhodopseudomonas	0.0	0.0	0.0	1.0	0.0	0.0	0.0	0.0	0.0	0.0	0.0	0.0	3.0	0.0	0.0	0.0	0.0	0.0
Rhodovastum	0.0	0.0	0.0	0.0	0.0	0.0	0.0	0.0	0.0	3.0	0.0	0.0	6.0	1.0	0.0	0.0	0.0	0.0
Rickettsia	0.0	0.0	0.0	0.0	0.0	0.0	0.0	0.0	0.0	0.0	2.0	0.0	3.0	2.0	0.0	0.0	0.0	0.0
Rickettsiella	61.0	322.0	211.0	62.0	154.0	37.0	69.0	803.0	41.0	624.0	473.0	414.0	619.0	67.0	49.0	0.0	1.0	0.0
Rikenellaceae RC9 gut group	16.0	1.0	0.0	7.0	4.0	7.0	2.0	10.0	4.0	0.0	0.0	0.0	2.0	5.0	1.0	0.0	0.0	0.0
Rivibacter	0.0	0.0	0.0	0.0	0.0	0.0	0.0	0.0	0.0	0.0	0.0	0.0	0.0	0.0	0.0	0.0	0.0	0.0
Rivicola	27.0	7.0	22.0	36.0	8.0	17.0	15.0	4.0	11.0	2.0	2.0	0.0	252.0	18.0	2.0	0.0	0.0	0.0
Romboutsia	14.0	28.0	54.0	29.0	166.0	21.0	19.0	160.0	21.0	102.0	104.0	71.0	7.0	164.0	114.0	0.0	1.0	0.0
Roseateles	0.0	0.0	0.0	0.0	0.0	0.0	0.0	0.0	0.0	0.0	0.0	0.0	0.0	0.0	0.0	0.0	0.0	0.0
Roseburia	17.0	0.0	0.0	7.0	0.0	6.0	6.0	2.0	7.0	1.0	4.0	0.0	14.0	22.0	0.0	0.0	0.0	0.0
Roseimarinus	5.0	2.0	0.0	0.0	0.0	1.0	1.0	0.0	2.0	6.0	4.0	0.0	6.0	0.0	0.0	0.0	0.0	0.0
Roseobacter clade CHAB-I-5 lineage	0.0	0.0	0.0	0.0	0.0	0.0	0.0	0.0	0.0	0.0	0.0	0.0	0.0	1.0	0.0	0.0	0.0	0.0
Roseococcus	0.0	0.0	5.0	0.0	0.0	0.0	0.0	0.0	0.0	0.0	1.0	0.0	1.0	0.0	0.0	0.0	0.0	0.0
Roseomonas	0.0	3.0	8.0	16.0	1.0	0.0	4.0	20.0	6.0	10.0	10.0	7.0	67.0	17.0	21.0	0.0	0.0	0.0
Rubellimicrobium	0.0	1.0	0.0	2.0	0.0	0.0	0.0	4.0	0.0	2.0	0.0	0.0	10.0	0.0	0.0	0.0	0.0	0.0
Rubripirellula	0.0	1.0	0.0	0.0	0.0	0.0	0.0	0.0	0.0	0.0	0.0	0.0	0.0	0.0	0.0	0.0	0.0	0.0
Rubrivivax	5.0	11.0	8.0	21.0	5.0	2.0	6.0	25.0	11.0	12.0	0.0	3.0	5.0	141.0	3.0	0.0	0.0	0.0
Rubrobacter	0.0	0.0	0.0	0.0	0.0	0.0	0.0	0.0	0.0	0.0	0.0	0.0	0.0	0.0	0.0	0.0	0.0	0.0
Rugamonas	47.0	0.0	0.0	25.0	0.0	18.0	16.0	0.0	23.0	0.0	0.0	0.0	17.0	5.0	0.0	0.0	0.0	0.0
Ruminiclostridium	0.0	1.0	0.0	1.0	0.0	0.0	0.0	1.0	0.0	1.0	1.0	0.0	0.0	0.0	2.0	0.0	0.0	0.0
Ruminiclostridium 1	0.0	4.0	0.0	1.0	6.0	1.0	2.0	14.0	0.0	8.0	7.0	1.0	0.0	2.0	10.0	0.0	0.0	0.0
Ruminiclostridium 5	3.0	0.0	0.0	3.0	0.0	4.0	0.0	0.0	0.0	0.0	0.0	0.0	0.0	4.0	2.0	0.0	0.0	0.0
Ruminiclostridium 6	2.0	0.0	0.0	2.0	0.0	0.0	3.0	0.0	0.0	0.0	0.0	4.0	0.0	0.0	0.0	0.0	0.0	0.0
Ruminiclostridium 9	0.0	0.0	0.0	3.0	0.0	0.0	2.0	1.0	0.0	1.0	2.0	0.0	0.0	0.0	0.0	0.0	0.0	0.0
Ruminococcaceae NK4A214 group	0.0	2.0	0.0	6.0	0.0	0.0	0.0	2.0	0.0	0.0	1.0	0.0	0.0	10.0	3.0	0.0	0.0	0.0
Ruminococcaceae UCG-002	5.0	0.0	0.0	16.0	0.0	4.0	3.0	0.0	1.0	0.0	0.0	0.0	2.0	5.0	0.0	0.0	0.0	0.0
Ruminococcaceae UCG-003	0.0	1.0	0.0	0.0	0.0	0.0	1.0	0.0	0.0	0.0	0.0	0.0	0.0	0.0	0.0	0.0	0.0	0.0
Ruminococcaceae UCG-004	0.0	0.0	0.0	5.0	0.0	0.0	0.0	0.0	0.0	0.0	0.0	0.0	0.0	0.0	0.0	0.0	0.0	0.0
Ruminococcaceae UCG-005	3.0	0.0	0.0	4.0	0.0	4.0	4.0	10.0	2.0	1.0	1.0	0.0	4.0	5.0	0.0	0.0	0.0	0.0
Ruminococcaceae UCG-009	0.0	0.0	0.0	0.0	0.0	0.0	0.0	0.0	0.0	0.0	0.0	0.0	0.0	0.0	0.0	0.0	0.0	0.0
Ruminococcaceae UCG-010	0.0	1.0	0.0	2.0	0.0	0.0	4.0	2.0	0.0	1.0	0.0	0.0	0.0	1.0	1.0	0.0	0.0	0.0
Ruminococcaceae UCG-013	1.0	1.0	0.0	1.0	0.0	2.0	0.0	4.0	0.0	3.0	0.0	0.0	0.0	2.0	1.0	0.0	0.0	0.0
Ruminococcaceae UCG-014	5.0	2.0	0.0	0.0	0.0	0.0	0.0	0.0	5.0	3.0	0.0	0.0	0.0	5.0	2.0	0.0	0.0	0.0
Ruminococcus 1	12.0	1.0	0.0	10.0	0.0	2.0	3.0	7.0	3.0	7.0	3.0	0.0	7.0	4.0	2.0	0.0	0.0	0.0
Ruminococcus 2	6.0	0.0	0.0	7.0	0.0	12.0	4.0	0.0	1.0	1.0	0.0	0.0	2.0	32.0	0.0	0.0	0.0	0.0
Runella	6.0	1.0	6.0	0.0	22.0	0.0	4.0	0.0	4.0	10.0	6.0	12.0	3.0	71.0	3.0	0.0	0.0	0.0
SBZC-1223	0.0	0.0	0.0	0.0	0.0	0.0	0.0	1.0	0.0	0.0	0.0	0.0	0.0	0.0	0.0	0.0	0.0	0.0
SH-PL14	0.0	2.0	2.0	9.0	0.0	0.0	7.0	13.0	3.0	0.0	1.0	3.0	8.0	5.0	0.0	0.0	0.0	0.0
SM1A02	0.0	4.0	0.0	4.0	0.0	0.0	1.0	3.0	0.0	6.0	3.0	0.0	8.0	2.0	0.0	0.0	0.0	0.0
SN8	0.0	0.0	0.0	0.0	0.0	0.0	0.0	0.0	0.0	0.0	0.0	0.0	0.0	0.0	0.0	0.0	0.0	0.0
Saccharibacillus	0.0	1.0	0.0	0.0	0.0	0.0	0.0	5.0	0.0	2.0	0.0	0.0	0.0	0.0	0.0	0.0	0.0	0.0
Saccharofermentans	0.0	0.0	0.0	0.0	0.0	0.0	0.0	1.0	0.0	2.0	5.0	0.0	0.0	6.0	1.0	0.0	0.0	0.0
Saccharomonospora	0.0	0.0	0.0	0.0	0.0	0.0	0.0	0.0	0.0	0.0	0.0	0.0	0.0	0.0	0.0	0.0	0.0	0.0
Salinibacterium	0.0	0.0	0.0	1.0	0.0	0.0	0.0	0.0	0.0	0.0	0.0	0.0	0.0	0.0	0.0	0.0	0.0	0.0
Salinimicrobium	0.0	0.0	0.0	0.0	0.0	0.0	0.0	0.0	0.0	0.0	0.0	0.0	0.0	0.0	0.0	0.0	0.0	0.0
Salinispira	0.0	0.0	0.0	0.0	0.0	0.0	0.0	3.0	0.0	1.0	0.0	0.0	0.0	0.0	0.0	0.0	0.0	0.0
Salmonella	1.0	6.0	10.0	0.0	6.0	1.0	0.0	3.0	1.0	7.0	8.0	22.0	1.0	1.0	2.0	10284.0	10298.0	10459.0
Sandaracinobacter	0.0	0.0	0.0	0.0	0.0	0.0	0.0	0.0	0.0	0.0	0.0	0.0	3.0	0.0	0.0	0.0	0.0	0.0
Sandaracinus	0.0	0.0	0.0	0.0	0.0	0.0	0.0	4.0	4.0	0.0	1.0	0.0	3.0	0.0	0.0	0.0	0.0	0.0
Sandarakinorhabdus	0.0	0.0	0.0	7.0	0.0	0.0	4.0	0.0	1.0	1.0	4.0	0.0	43.0	3.0	7.0	0.0	0.0	0.0
Sanguibacter	0.0	0.0	0.0	0.0	0.0	0.0	0.0	0.0	0.0	0.0	0.0	0.0	0.0	0.0	0.0	0.0	0.0	0.0
Schizothrix LEGE 07164	0.0	0.0	0.0	0.0	0.0	0.0	0.0	0.0	0.0	0.0	1.0	0.0	0.0	0.0	0.0	0.0	0.0	0.0
Schlesneria	0.0	0.0	0.0	1.0	0.0	0.0	0.0	1.0	0.0	0.0	0.0	0.0	1.0	0.0	0.0	0.0	0.0	0.0
Sedimentibacter	0.0	0.0	0.0	0.0	0.0	0.0	0.0	1.0	0.0	0.0	0.0	0.0	0.0	5.0	0.0	0.0	0.0	0.0
Sediminibacterium	63.0	41.0	28.0	10.0	68.0	52.0	55.0	57.0	65.0	75.0	89.0	23.0	17.0	28.0	329.0	0.0	2.0	0.0
Sediminicola	0.0	0.0	0.0	0.0	0.0	0.0	0.0	0.0	0.0	0.0	0.0	0.0	0.0	0.0	0.0	0.0	0.0	0.0
Selenomonas	0.0	0.0	0.0	1.0	0.0	0.0	0.0	0.0	0.0	5.0	1.0	0.0	0.0	1.0	0.0	0.0	0.0	0.0
Sellimonas	0.0	0.0	0.0	0.0	0.0	0.0	0.0	0.0	0.0	0.0	0.0	0.0	0.0	2.0	0.0	0.0	0.0	0.0
Senegalimassilia	0.0	0.0	0.0	2.0	0.0	0.0	0.0	0.0	0.0	0.0	0.0	0.0	0.0	0.0	0.0	0.0	0.0	0.0
Serratia	37.0	27.0	13.0	37.0	7.0	12.0	21.0	17.0	6.0	5.0	7.0	0.0	33.0	7.0	4.0	0.0	3.0	2.0
Sh765B-TzT-35	0.0	0.0	0.0	3.0	0.0	0.0	0.0	4.0	0.0	2.0	2.0	0.0	0.0	5.0	0.0	0.0	0.0	0.0
Shewanella	0.0	0.0	0.0	0.0	0.0	0.0	0.0	3.0	0.0	0.0	0.0	0.0	0.0	0.0	0.0	0.0	0.0	0.0
Shimwellia	0.0	0.0	0.0	0.0	0.0	0.0	0.0	0.0	0.0	0.0	0.0	0.0	0.0	0.0	0.0	4.0	4.0	0.0
Shinella	0.0	2.0	5.0	6.0	2.0	5.0	0.0	4.0	1.0	1.0	1.0	0.0	26.0	3.0	0.0	0.0	0.0	0.0
Shuttleworthia	0.0	0.0	0.0	0.0	0.0	0.0	0.0	0.0	0.0	0.0	0.0	0.0	0.0	0.0	0.0	0.0	0.0	0.0
Siccibacter	0.0	0.0	0.0	0.0	0.0	0.0	0.0	0.0	0.0	0.0	0.0	0.0	0.0	0.0	0.0	0.0	0.0	0.0
Sideroxydans	18.0	6.0	7.0	16.0	5.0	11.0	19.0	23.0	26.0	15.0	11.0	7.0	19.0	8.0	0.0	0.0	0.0	0.0
Silanimonas	0.0	4.0	0.0	5.0	0.0	0.0	0.0	5.0	0.0	0.0	1.0	0.0	0.0	0.0	2.0	0.0	0.0	0.0
Silvanigrella	5.0	1.0	0.0	0.0	6.0	0.0	1.0	0.0	3.0	2.0	2.0	0.0	42.0	2.0	0.0	0.0	0.0	0.0
Simplicispira	178.0	13.0	35.0	597.0	18.0	100.0	112.0	10.0	218.0	23.0	17.0	16.0	104.0	307.0	7.0	0.0	0.0	0.0
Singulisphaera	0.0	0.0	0.0	3.0	0.0	0.0	0.0	5.0	0.0	1.0	0.0	0.0	0.0	2.0	0.0	0.0	0.0	0.0
Siphonobacter	0.0	0.0	0.0	0.0	0.0	0.0	0.0	0.0	0.0	0.0	0.0	0.0	0.0	0.0	0.0	0.0	0.0	0.0
Skermanella	0.0	0.0	0.0	0.0	0.0	0.0	0.0	2.0	0.0	6.0	0.0	0.0	4.0	1.0	1.0	0.0	0.0	0.0
Smithella	2.0	0.0	0.0	8.0	0.0	0.0	6.0	4.0	7.0	4.0	2.0	0.0	27.0	2.0	0.0	0.0	0.0	0.0
Snodgrassella	0.0	0.0	0.0	0.0	0.0	0.0	0.0	0.0	0.0	0.0	0.0	0.0	4.0	0.0	0.0	0.0	0.0	0.0
Sodalis	0.0	0.0	0.0	0.0	0.0	0.0	0.0	0.0	0.0	0.0	0.0	0.0	0.0	0.0	0.0	0.0	0.0	0.0
Solibacillus	0.0	0.0	0.0	0.0	0.0	0.0	0.0	0.0	0.0	0.0	0.0	0.0	0.0	0.0	0.0	0.0	0.0	0.0
Solimonas	0.0	0.0	0.0	0.0	0.0	0.0	0.0	0.0	0.0	0.0	0.0	0.0	3.0	0.0	0.0	0.0	0.0	0.0
Solirubrobacter	0.0	0.0	0.0	0.0	0.0	0.0	0.0	6.0	0.0	0.0	0.0	0.0	0.0	0.0	0.0	0.0	0.0	0.0
Solitalea	6.0	23.0	0.0	0.0	48.0	8.0	6.0	16.0	11.0	16.0	6.0	0.0	3.0	2.0	24.0	0.0	0.0	0.0
Sorangium	0.0	0.0	0.0	2.0	0.0	0.0	0.0	0.0	0.0	0.0	0.0	0.0	2.0	2.0	0.0	0.0	0.0	0.0
Sphaerotilus	83.0	28.0	210.0	108.0	11.0	25.0	29.0	56.0	47.0	80.0	20.0	26.0	40.0	60.0	0.0	0.0	0.0	0.0
Sphingoaurantiacus	0.0	0.0	0.0	0.0	0.0	0.0	0.0	0.0	0.0	0.0	0.0	0.0	0.0	0.0	0.0	0.0	0.0	0.0
Sphingobacterium	0.0	0.0	0.0	0.0	0.0	0.0	0.0	0.0	0.0	0.0	0.0	0.0	0.0	0.0	0.0	0.0	0.0	0.0
Sphingobium	4.0	3.0	12.0	9.0	10.0	4.0	5.0	15.0	2.0	7.0	7.0	14.0	51.0	11.0	10.0	0.0	0.0	0.0
Sphingomicrobium	0.0	0.0	0.0	0.0	0.0	0.0	0.0	0.0	0.0	0.0	0.0	0.0	2.0	0.0	0.0	0.0	0.0	0.0
Sphingomonas	5.0	1.0	3.0	61.0	10.0	8.0	11.0	15.0	15.0	3.0	5.0	7.0	256.0	7.0	39.0	0.0	0.0	0.0
Sphingopyxis	4.0	11.0	11.0	22.0	16.0	28.0	14.0	16.0	21.0	19.0	13.0	50.0	143.0	46.0	18.0	0.0	0.0	0.0
Sphingorhabdus	248.0	287.0	627.0	559.0	1300.0	326.0	545.0	470.0	422.0	338.0	556.0	425.0	3894.0	348.0	1710.0	0.0	1.0	2.0
Sphingosinicella	0.0	0.0	0.0	0.0	0.0	0.0	0.0	0.0	0.0	0.0	0.0	0.0	3.0	0.0	0.0	0.0	0.0	0.0
Spirochaeta 2	0.0	0.0	0.0	7.0	0.0	0.0	4.0	2.0	13.0	3.0	1.0	0.0	1.0	2.0	0.0	0.0	0.0	0.0
Sporacetigenium	0.0	0.0	0.0	0.0	0.0	0.0	0.0	2.0	0.0	0.0	0.0	0.0	0.0	0.0	0.0	0.0	0.0	0.0
Sporichthya	0.0	0.0	0.0	0.0	0.0	0.0	0.0	0.0	0.0	0.0	0.0	0.0	0.0	0.0	0.0	0.0	0.0	0.0
Sporobacter	0.0	1.0	0.0	0.0	0.0	0.0	0.0	11.0	0.0	4.0	0.0	0.0	0.0	0.0	0.0	0.0	0.0	0.0
Sporocytophaga	0.0	2.0	0.0	2.0	0.0	4.0	0.0	2.0	2.0	1.0	0.0	0.0	0.0	0.0	0.0	0.0	0.0	0.0
Sporomusa	0.0	2.0	0.0	0.0	0.0	0.0	0.0	3.0	0.0	5.0	2.0	0.0	0.0	1.0	1.0	0.0	0.0	0.0
Sporosarcina	0.0	1.0	0.0	1.0	1.0	0.0	0.0	7.0	0.0	6.0	2.0	0.0	0.0	3.0	0.0	0.0	0.0	0.0
Staphylococcus	1.0	2.0	4.0	2.0	3.0	4.0	0.0	2.0	0.0	9.0	5.0	9.0	1.0	3.0	2.0	3513.0	3553.0	3731.0
Starkeya	0.0	0.0	0.0	0.0	0.0	0.0	0.0	0.0	0.0	0.0	0.0	0.0	0.0	0.0	0.0	0.0	0.0	0.0
Stella	0.0	0.0	0.0	1.0	1.0	0.0	0.0	4.0	0.0	0.0	0.0	0.0	13.0	37.0	5.0	0.0	0.0	0.0
Stenotrophobacter	0.0	0.0	0.0	0.0	0.0	0.0	0.0	0.0	3.0	0.0	0.0	0.0	0.0	1.0	0.0	0.0	0.0	0.0
Stenotrophomonas	2.0	6.0	6.0	16.0	3.0	4.0	9.0	6.0	0.0	2.0	2.0	0.0	5.0	4.0	0.0	0.0	0.0	0.0
Steroidobacter	0.0	1.0	0.0	0.0	0.0	0.0	0.0	1.0	0.0	0.0	0.0	0.0	2.0	0.0	0.0	0.0	0.0	0.0
Sterolibacterium	28.0	7.0	0.0	20.0	6.0	10.0	10.0	20.0	13.0	8.0	3.0	0.0	12.0	5.0	1.0	0.0	0.0	0.0
Streptococcus	2.0	1.0	2.0	6.0	3.0	8.0	4.0	2.0	0.0	2.0	2.0	0.0	0.0	20.0	7.0	0.0	0.0	0.0
Streptomyces	0.0	0.0	2.0	0.0	1.0	0.0	0.0	2.0	0.0	4.0	1.0	0.0	0.0	0.0	0.0	0.0	0.0	0.0
Subdoligranulum	22.0	2.0	15.0	48.0	12.0	19.0	6.0	1.0	12.0	4.0	8.0	0.0	11.0	60.0	5.0	0.0	0.0	0.0
Subgroup 10	0.0	0.0	0.0	1.0	3.0	0.0	0.0	3.0	0.0	0.0	1.0	0.0	5.0	2.0	0.0	0.0	0.0	0.0
Subgroup 23	0.0	0.0	0.0	4.0	0.0	0.0	4.0	4.0	0.0	1.0	0.0	0.0	1.0	0.0	0.0	0.0	0.0	0.0
Subsaxibacter	0.0	0.0	0.0	0.0	0.0	0.0	0.0	0.0	0.0	0.0	0.0	0.0	1.0	0.0	0.0	0.0	0.0	0.0
Succinivibrio	0.0	0.0	0.0	0.0	0.0	0.0	0.0	0.0	0.0	0.0	0.0	0.0	0.0	2.0	0.0	0.0	0.0	0.0
Sulfuricella	13.0	6.0	0.0	8.0	5.0	3.0	7.0	2.0	10.0	10.0	1.0	0.0	21.0	1.0	0.0	0.0	0.0	0.0
Sulfuricurvum	240.0	52.0	41.0	188.0	169.0	341.0	480.0	337.0	537.0	127.0	109.0	26.0	203.0	319.0	90.0	0.0	1.0	0.0
Sulfuriferula	0.0	0.0	0.0	4.0	0.0	0.0	0.0	2.0	0.0	0.0	0.0	0.0	9.0	0.0	0.0	0.0	0.0	0.0
Sulfurifustis	1.0	1.0	6.0	12.0	0.0	0.0	0.0	5.0	4.0	2.0	0.0	0.0	73.0	3.0	0.0	0.0	0.0	0.0
Sulfurimonas	502.0	42.0	35.0	77.0	52.0	400.0	339.0	132.0	532.0	60.0	63.0	3.0	185.0	148.0	40.0	1.0	1.0	0.0
Sulfurisoma	0.0	4.0	0.0	2.0	0.0	0.0	2.0	1.0	9.0	2.0	1.0	0.0	23.0	1.0	1.0	0.0	0.0	0.0
Sulfuritalea	65.0	97.0	103.0	208.0	46.0	45.0	120.0	67.0	230.0	68.0	36.0	81.0	142.0	242.0	16.0	0.0	0.0	0.0
Sulfurospirillum	107.0	37.0	31.0	51.0	72.0	153.0	118.0	91.0	141.0	36.0	28.0	6.0	73.0	176.0	110.0	0.0	0.0	0.0
Sulfurovum	0.0	1.0	0.0	3.0	1.0	4.0	1.0	5.0	2.0	2.0	2.0	0.0	0.0	3.0	0.0	0.0	0.0	0.0
Sva0081 sediment group	0.0	3.0	0.0	7.0	0.0	0.0	2.0	2.0	5.0	1.0	1.0	0.0	5.0	7.0	0.0	0.0	0.0	0.0
Sva0996 marine group	0.0	0.0	0.0	0.0	2.0	0.0	0.0	0.0	0.0	0.0	0.0	0.0	0.0	0.0	0.0	0.0	0.0	0.0
Symbiobacterium	0.0	0.0	0.0	0.0	0.0	0.0	0.0	0.0	0.0	0.0	0.0	0.0	0.0	0.0	0.0	0.0	0.0	0.0
Symphothece PCC-7002	0.0	0.0	0.0	0.0	0.0	0.0	0.0	3.0	0.0	0.0	0.0	0.0	0.0	0.0	0.0	0.0	0.0	0.0
Synechocystis PCC-6803	0.0	0.0	0.0	0.0	0.0	0.0	0.0	0.0	0.0	1.0	0.0	0.0	0.0	0.0	0.0	0.0	0.0	0.0
Syntrophobacter	0.0	0.0	0.0	0.0	0.0	0.0	0.0	0.0	0.0	0.0	0.0	7.0	11.0	2.0	0.0	0.0	0.0	0.0
Syntrophorhabdus	0.0	0.0	0.0	4.0	0.0	0.0	6.0	6.0	8.0	3.0	2.0	0.0	26.0	4.0	0.0	0.0	0.0	0.0
Syntrophus	2.0	3.0	0.0	5.0	0.0	4.0	12.0	12.0	20.0	6.0	7.0	2.0	67.0	12.0	0.0	0.0	0.0	0.0
TPD-58	0.0	0.0	0.0	5.0	0.0	0.0	0.0	0.0	0.0	2.0	1.0	0.0	1.0	0.0	0.0	0.0	0.0	0.0
Tabrizicola	13.0	42.0	708.0	71.0	171.0	16.0	58.0	294.0	18.0	159.0	275.0	1312.0	241.0	73.0	365.0	0.0	2.0	6.0
Taeseokella	0.0	0.0	0.0	0.0	0.0	0.0	0.0	0.0	1.0	0.0	0.0	0.0	0.0	2.0	0.0	0.0	0.0	0.0
Tahibacter	0.0	0.0	0.0	0.0	0.0	0.0	0.0	1.0	0.0	0.0	0.0	0.0	0.0	1.0	0.0	0.0	0.0	0.0
Taonella	0.0	0.0	0.0	0.0	0.0	0.0	0.0	1.0	0.0	0.0	1.0	0.0	0.0	0.0	1.0	0.0	0.0	0.0
Tardiphaga	0.0	0.0	0.0	0.0	0.0	0.0	0.0	0.0	0.0	0.0	0.0	0.0	2.0	0.0	0.0	0.0	0.0	0.0
Tatumella	0.0	0.0	0.0	0.0	0.0	0.0	0.0	0.0	0.0	0.0	0.0	0.0	0.0	0.0	0.0	0.0	0.0	0.0
Telmatospirillum	0.0	0.0	0.0	0.0	0.0	0.0	0.0	4.0	0.0	0.0	0.0	0.0	2.0	0.0	3.0	0.0	0.0	0.0
Terrimonas	6.0	15.0	0.0	13.0	20.0	11.0	20.0	27.0	46.0	26.0	18.0	14.0	10.0	285.0	19.0	0.0	0.0	0.0
Terrisporobacter	0.0	0.0	0.0	0.0	0.0	0.0	0.0	0.0	4.0	1.0	2.0	0.0	0.0	1.0	2.0	0.0	0.0	0.0
Tessaracoccus	0.0	0.0	0.0	0.0	0.0	0.0	0.0	0.0	0.0	0.0	0.0	0.0	0.0	10.0	0.0	0.0	0.0	0.0
Tetrasphaera	0.0	0.0	0.0	0.0	0.0	0.0	0.0	0.0	0.0	0.0	1.0	0.0	0.0	77.0	4.0	0.0	0.0	0.0
Thauera	3.0	7.0	22.0	70.0	7.0	7.0	7.0	5.0	25.0	4.0	8.0	3.0	9.0	171.0	25.0	0.0	0.0	0.0
Thermoanaerobaculum	0.0	0.0	0.0	1.0	0.0	0.0	0.0	0.0	0.0	1.0	1.0	0.0	0.0	0.0	0.0	0.0	0.0	0.0
Thermobacillus	0.0	0.0	0.0	0.0	0.0	0.0	0.0	1.0	0.0	0.0	0.0	0.0	0.0	0.0	0.0	0.0	0.0	0.0
Thermomonas	10.0	22.0	8.0	92.0	8.0	21.0	21.0	17.0	30.0	18.0	8.0	48.0	17.0	60.0	5.0	0.0	0.0	0.0
Thioalkalispira	0.0	0.0	0.0	0.0	0.0	0.0	0.0	0.0	0.0	0.0	0.0	0.0	1.0	0.0	0.0	0.0	0.0	0.0
Thiobacillus	3.0	4.0	6.0	27.0	5.0	2.0	17.0	7.0	25.0	6.0	9.0	4.0	254.0	6.0	0.0	0.0	0.0	0.0
Thiocapsa	0.0	0.0	0.0	1.0	0.0	0.0	0.0	0.0	0.0	0.0	0.0	0.0	1.0	0.0	0.0	0.0	0.0	0.0
Thioclava	0.0	0.0	7.0	0.0	0.0	0.0	0.0	0.0	0.0	0.0	0.0	0.0	0.0	0.0	0.0	0.0	0.0	0.0
Thiogranum	0.0	0.0	0.0	0.0	0.0	0.0	0.0	0.0	0.0	0.0	0.0	0.0	0.0	0.0	0.0	0.0	0.0	0.0
Thiolapillus	0.0	0.0	0.0	3.0	0.0	0.0	0.0	0.0	0.0	0.0	0.0	0.0	0.0	0.0	0.0	0.0	0.0	0.0
Thiothrix	0.0	5.0	6.0	9.0	2.0	5.0	2.0	0.0	0.0	3.0	1.0	0.0	55.0	37.0	1.0	0.0	0.0	0.0
Thorsellia	0.0	0.0	0.0	0.0	0.0	0.0	0.0	0.0	0.0	0.0	0.0	0.0	0.0	0.0	0.0	0.0	0.0	0.0
Tibeticola	4.0	2.0	0.0	2.0	0.0	10.0	4.0	1.0	7.0	13.0	18.0	0.0	8.0	4.0	6.0	0.0	0.0	0.0
Tissierella	0.0	0.0	0.0	0.0	0.0	0.0	1.0	0.0	0.0	0.0	0.0	0.0	0.0	2.0	0.0	0.0	0.0	0.0
Tolumonas	53.0	95.0	145.0	25.0	50.0	17.0	45.0	57.0	8.0	5.0	2.0	8.0	118.0	135.0	24.0	0.0	0.0	0.0
Trabulsiella	0.0	0.0	0.0	0.0	0.0	0.0	0.0	0.0	0.0	0.0	0.0	0.0	0.0	0.0	0.0	0.0	2.0	0.0
Treponema	0.0	0.0	0.0	0.0	0.0	0.0	0.0	0.0	0.0	0.0	0.0	0.0	0.0	0.0	0.0	0.0	0.0	0.0
Treponema 2	0.0	0.0	0.0	0.0	0.0	0.0	0.0	0.0	0.0	0.0	0.0	0.0	0.0	0.0	0.0	0.0	0.0	0.0
Trichococcus	43.0	5.0	12.0	101.0	6.0	60.0	50.0	5.0	62.0	27.0	11.0	4.0	22.0	425.0	8.0	2.0	0.0	0.0
Tropicimonas	0.0	0.0	0.0	0.0	0.0	0.0	0.0	4.0	0.0	5.0	1.0	2.0	1.0	0.0	0.0	0.0	0.0	0.0
Truepera	0.0	0.0	0.0	0.0	0.0	0.0	0.0	10.0	0.0	0.0	0.0	0.0	0.0	0.0	0.0	0.0	0.0	0.0
Tumebacillus	0.0	0.0	0.0	0.0	0.0	0.0	0.0	2.0	0.0	0.0	0.0	0.0	0.0	0.0	0.0	0.0	0.0	0.0
Turicibacter	0.0	0.0	0.0	0.0	2.0	0.0	0.0	0.0	0.0	2.0	0.0	0.0	0.0	2.0	0.0	0.0	0.0	0.0
Tychonema CCAP 1459-11B	3.0	0.0	2.0	0.0	0.0	4.0	361.0	0.0	19.0	0.0	2.0	0.0	1.0	4.0	4.0	0.0	0.0	0.0
Tyzzerella 3	0.0	0.0	0.0	2.0	0.0	0.0	0.0	4.0	5.0	0.0	2.0	0.0	0.0	0.0	0.0	0.0	0.0	0.0
Tyzzerella 4	0.0	0.0	0.0	0.0	0.0	0.0	0.0	0.0	0.0	0.0	0.0	0.0	0.0	0.0	0.0	0.0	0.0	0.0
U29-B03	0.0	0.0	0.0	0.0	0.0	0.0	0.0	0.0	0.0	0.0	0.0	0.0	0.0	2.0	5.0	0.0	0.0	0.0
UBA6140	0.0	0.0	0.0	0.0	0.0	0.0	0.0	0.0	0.0	1.0	1.0	0.0	0.0	0.0	0.0	0.0	0.0	0.0
UKL13-1	0.0	1.0	2.0	1.0	2.0	0.0	4.0	0.0	4.0	0.0	0.0	0.0	37.0	12.0	0.0	0.0	0.0	0.0
UTBCD1	0.0	0.0	0.0	0.0	0.0	0.0	0.0	0.0	2.0	0.0	0.0	0.0	0.0	0.0	0.0	0.0	0.0	0.0
Uliginosibacterium	15.0	24.0	14.0	10.0	33.0	13.0	8.0	64.0	15.0	18.0	14.0	0.0	9.0	4.0	5.0	0.0	0.0	0.0
Undibacterium	197.0	23.0	21.0	116.0	8.0	127.0	102.0	27.0	229.0	43.0	20.0	40.0	74.0	87.0	11.0	0.0	0.0	0.0
Uruburuella	0.0	1.0	0.0	0.0	0.0	0.0	0.0	0.0	0.0	0.0	0.0	0.0	0.0	0.0	0.0	0.0	0.0	0.0
Variovorax	17.0	16.0	0.0	43.0	3.0	18.0	16.0	10.0	17.0	9.0	5.0	8.0	3.0	24.0	1.0	0.0	0.0	0.0
Veillonella	0.0	0.0	0.0	1.0	0.0	0.0	0.0	0.0	0.0	0.0	0.0	0.0	0.0	3.0	0.0	0.0	0.0	0.0
Verruc-01	6.0	2.0	12.0	12.0	7.0	6.0	31.0	18.0	38.0	7.0	4.0	40.0	31.0	4.0	1.0	0.0	0.0	0.0
Verticia	9.0	5.0	12.0	15.0	0.0	6.0	5.0	1.0	0.0	2.0	0.0	0.0	7.0	3.0	3.0	0.0	0.0	0.0
Vibrio	0.0	0.0	0.0	0.0	0.0	0.0	0.0	0.0	0.0	0.0	0.0	0.0	0.0	0.0	0.0	4.0	2.0	0.0
Victivallis	0.0	0.0	0.0	0.0	0.0	0.0	0.0	0.0	0.0	0.0	0.0	0.0	11.0	0.0	0.0	0.0	0.0	0.0
Vitreoscilla	0.0	0.0	0.0	1.0	0.0	0.0	0.0	0.0	1.0	0.0	0.0	0.0	11.0	0.0	0.0	0.0	0.0	0.0
Vogesella	27.0	21.0	29.0	29.0	17.0	3.0	12.0	45.0	8.0	7.0	13.0	44.0	75.0	2.0	1.0	0.0	0.0	0.0
Vulgatibacter	0.0	0.0	0.0	0.0	0.0	0.0	0.0	0.0	0.0	0.0	0.0	0.0	4.0	0.0	0.0	0.0	0.0	0.0
WCHB1-32	5.0	0.0	0.0	0.0	2.0	4.0	0.0	3.0	1.0	3.0	1.0	0.0	3.0	5.0	0.0	0.0	0.0	0.0
Woeseia	0.0	3.0	0.0	6.0	0.0	0.0	0.0	2.0	9.0	1.0	2.0	0.0	3.0	3.0	0.0	0.0	0.0	0.0
Wohlfahrtiimonas	0.0	0.0	0.0	0.0	0.0	0.0	0.0	0.0	0.0	0.0	0.0	0.0	2.0	0.0	0.0	0.0	0.0	0.0
XBB1006	4.0	2.0	0.0	6.0	0.0	4.0	1.0	0.0	0.0	0.0	0.0	0.0	0.0	7.0	0.0	0.0	0.0	0.0
Xanthobacter	0.0	4.0	0.0	1.0	5.0	0.0	0.0	4.0	0.0	0.0	0.0	0.0	6.0	0.0	2.0	0.0	0.0	0.0
Xanthomonas	2.0	0.0	0.0	3.0	0.0	1.0	0.0	4.0	0.0	0.0	0.0	0.0	1.0	0.0	0.0	0.0	0.0	0.0
Xenophilus	0.0	0.0	0.0	3.0	0.0	0.0	0.0	0.0	0.0	0.0	0.0	0.0	0.0	0.0	0.0	0.0	0.0	0.0
Xylophilus	3.0	2.0	0.0	18.0	0.0	5.0	2.0	0.0	7.0	2.0	1.0	0.0	4.0	6.0	0.0	0.0	0.0	0.0
Yersinia	23.0	6.0	12.0	17.0	6.0	1.0	12.0	3.0	1.0	0.0	1.0	0.0	50.0	6.0	2.0	0.0	0.0	0.0
Yokenella	0.0	0.0	0.0	0.0	0.0	0.0	0.0	1.0	0.0	0.0	0.0	0.0	0.0	0.0	0.0	0.0	0.0	0.0
Yonghaparkia	0.0	0.0	0.0	0.0	0.0	0.0	0.0	0.0	0.0	0.0	1.0	0.0	0.0	0.0	0.0	0.0	0.0	0.0
Youngiibacter	0.0	0.0	0.0	0.0	0.0	0.0	0.0	1.0	0.0	0.0	0.0	0.0	0.0	0.0	0.0	0.0	0.0	0.0
Z-35	0.0	0.0	0.0	0.0	0.0	0.0	0.0	2.0	0.0	0.0	1.0	0.0	0.0	0.0	0.0	0.0	0.0	0.0
Z20	0.0	0.0	0.0	0.0	0.0	0.0	0.0	0.0	0.0	0.0	0.0	0.0	0.0	0.0	0.0	0.0	0.0	0.0
Zavarzinella	0.0	2.0	0.0	1.0	0.0	0.0	0.0	9.0	0.0	0.0	0.0	0.0	0.0	0.0	0.0	0.0	0.0	0.0
Zavarzinia	0.0	0.0	0.0	0.0	0.0	0.0	0.0	0.0	0.0	0.0	0.0	0.0	12.0	0.0	0.0	0.0	0.0	0.0
Zoogloea	24.0	18.0	58.0	36.0	9.0	16.0	11.0	12.0	24.0	34.0	10.0	12.0	29.0	1943.0	87.0	0.0	0.0	0.0
Zymophilus	0.0	0.0	0.0	0.0	0.0	3.0	0.0	0.0	3.0	1.0	0.0	0.0	3.0	2.0	0.0	0.0	0.0	0.0
[Agitococcus] lubricus group	0.0	0.0	0.0	0.0	0.0	0.0	0.0	0.0	0.0	0.0	0.0	0.0	99.0	9.0	0.0	0.0	0.0	0.0
[Aquaspirillum] arcticum group	6.0	0.0	0.0	9.0	0.0	3.0	1.0	0.0	8.0	0.0	0.0	0.0	5.0	3.0	0.0	0.0	0.0	0.0
[Aquaspirillum] polymorphum group	0.0	0.0	0.0	0.0	0.0	0.0	0.0	0.0	0.0	0.0	0.0	0.0	0.0	0.0	0.0	0.0	0.0	0.0
[Bacteroides] pectinophilus group	0.0	0.0	0.0	0.0	0.0	0.0	0.0	0.0	0.0	0.0	0.0	0.0	0.0	0.0	0.0	0.0	0.0	0.0
[Cytophaga] xylanolytica group	3.0	0.0	0.0	0.0	0.0	0.0	2.0	0.0	3.0	0.0	0.0	0.0	0.0	0.0	0.0	0.0	0.0	0.0
[Desulfobacterium] catecholicum group	0.0	0.0	0.0	5.0	0.0	0.0	0.0	1.0	0.0	0.0	0.0	0.0	3.0	0.0	0.0	0.0	0.0	0.0
[Eubacterium] brachy group	1.0	0.0	0.0	0.0	0.0	0.0	3.0	1.0	3.0	4.0	0.0	0.0	5.0	0.0	2.0	0.0	0.0	0.0
[Eubacterium] coprostanoligenes group	6.0	0.0	0.0	8.0	0.0	3.0	1.0	1.0	3.0	0.0	1.0	0.0	2.0	9.0	5.0	0.0	0.0	0.0
[Eubacterium] eligens group	3.0	0.0	0.0	0.0	0.0	1.0	0.0	0.0	1.0	1.0	0.0	0.0	2.0	2.0	0.0	0.0	0.0	0.0
[Eubacterium] hallii group	4.0	0.0	0.0	2.0	0.0	5.0	0.0	0.0	0.0	2.0	1.0	0.0	1.0	4.0	0.0	0.0	0.0	0.0
[Eubacterium] nodatum group	0.0	0.0	0.0	0.0	0.0	0.0	0.0	1.0	0.0	0.0	0.0	0.0	0.0	0.0	0.0	0.0	0.0	0.0
[Eubacterium] ruminantium group	0.0	0.0	0.0	0.0	0.0	2.0	0.0	2.0	0.0	2.0	1.0	0.0	0.0	0.0	0.0	0.0	0.0	0.0
[Eubacterium] ventriosum group	3.0	0.0	0.0	0.0	0.0	0.0	0.0	0.0	3.0	0.0	1.0	0.0	0.0	2.0	0.0	0.0	0.0	0.0
[Eubacterium] xylanophilum group	0.0	0.0	0.0	0.0	0.0	0.0	0.0	0.0	0.0	0.0	0.0	0.0	0.0	0.0	0.0	0.0	0.0	0.0
[Polyangium] brachysporum group	0.0	0.0	0.0	0.0	0.0	0.0	0.0	0.0	0.0	0.0	0.0	0.0	0.0	0.0	0.0	0.0	0.0	0.0
[Ruminococcus] gauvreauii group	4.0	0.0	0.0	6.0	0.0	5.0	1.0	0.0	4.0	2.0	0.0	0.0	0.0	3.0	0.0	0.0	0.0	0.0
[Ruminococcus] gnavus group	0.0	0.0	0.0	4.0	0.0	0.0	0.0	1.0	0.0	4.0	0.0	0.0	0.0	0.0	0.0	0.0	0.0	0.0
[Ruminococcus] torques group	7.0	0.0	0.0	11.0	0.0	8.0	6.0	0.0	12.0	0.0	1.0	0.0	5.0	16.0	1.0	0.0	0.0	0.0
alphaI cluster	5.0	4.0	12.0	46.0	27.0	6.0	31.0	31.0	15.0	9.0	27.0	22.0	185.0	21.0	16.0	0.0	0.0	0.0
dgA-11 gut group	0.0	1.0	0.0	0.0	0.0	0.0	0.0	0.0	0.0	0.0	0.0	0.0	0.0	0.0	6.0	0.0	0.0	0.0
endosymbionts8	0.0	0.0	0.0	0.0	0.0	0.0	0.0	0.0	0.0	0.0	0.0	0.0	0.0	0.0	0.0	0.0	0.0	0.0
hgcI clade	69.0	237.0	395.0	83.0	801.0	78.0	103.0	359.0	104.0	286.0	294.0	68.0	30.0	60.0	1774.0	0.0	1.0	0.0
mle1-7	0.0	0.0	0.0	2.0	0.0	0.0	0.0	2.0	0.0	0.0	2.0	0.0	0.0	0.0	0.0	0.0	0.0	0.0
oc32	0.0	1.0	0.0	0.0	0.0	0.0	0.0	12.0	2.0	7.0	3.0	0.0	1.0	11.0	0.0	0.0	0.0	0.0
possible genus 04	12.0	3.0	0.0	11.0	0.0	10.0	3.0	2.0	13.0	2.0	0.0	0.0	20.0	0.0	0.0	0.0	0.0	0.0
wb1-P19	0.0	1.0	0.0	0.0	0.0	0.0	0.0	0.0	0.0	0.0	0.0	0.0	2.0	0.0	0.0	0.0	0.0	0.0
